ISO-10303-21;
HEADER;
/* Generated by software containing ST-Developer
 * from STEP Tools, Inc. (www.steptools.com) 
 */

FILE_DESCRIPTION(
/* description */ ('',
'CAx-IF Rec.Pracs.---Representation and Presentation of Product Manufa
cturing Information (PMI)---4.0---2014-10-13'),
/* implementation_level */ '2;1');

FILE_NAME(
/* name */ 'bevel fix 8 mm.step',
/* time_stamp */ '2024-12-18T09:27:56+07:00',
/* author */ (''),
/* organization */ (''),
/* preprocessor_version */ 'ST-DEVELOPER v20',
/* originating_system */ 'Autodesk Translation Framework v13.20.0.188',

/* authorisation */ '');

FILE_SCHEMA (('AP242_MANAGED_MODEL_BASED_3D_ENGINEERING_MIM_LF { 1 0 10303 442 1 1 4 }'));
ENDSEC;

DATA;
#10=MECHANICAL_DESIGN_GEOMETRIC_PRESENTATION_REPRESENTATION('',(#17),#8257);
#11=ITEM_DEFINED_TRANSFORMATION($,$,#3443,#3678);
#12=(
REPRESENTATION_RELATIONSHIP($,$,#8268,#8267)
REPRESENTATION_RELATIONSHIP_WITH_TRANSFORMATION(#11)
SHAPE_REPRESENTATION_RELATIONSHIP()
);
#13=CONTEXT_DEPENDENT_SHAPE_REPRESENTATION(#12,#8266);
#14=NEXT_ASSEMBLY_USAGE_OCCURRENCE('Component4:1','Component4:1',
'Component4:1',#8270,#8271,'Component4:1');
#15=SHAPE_REPRESENTATION_RELATIONSHIP('SRR','None',#8268,#16);
#16=ADVANCED_BREP_SHAPE_REPRESENTATION('',(#18),#8256);
#17=STYLED_ITEM('',(#8282),#18);
#18=MANIFOLD_SOLID_BREP('Body1',#3429);
#19=CONICAL_SURFACE('',#3467,11.0267000799617,0.499557374771908);
#20=CONICAL_SURFACE('',#3470,8.0757721879051,0.453848546923731);
#21=CONICAL_SURFACE('',#3528,11.0267000799783,0.499557374772531);
#22=CONICAL_SURFACE('',#3536,11.0267000799599,0.499557374772601);
#23=CONICAL_SURFACE('',#3544,11.0267000799622,0.499557374773312);
#24=CONICAL_SURFACE('',#3552,11.0267000799383,0.499557374773837);
#25=CONICAL_SURFACE('',#3560,11.0267000799439,0.49955737477279);
#26=CONICAL_SURFACE('',#3568,11.0267000799414,0.49955737477325);
#27=CONICAL_SURFACE('',#3576,11.0267000799545,0.499557374772877);
#28=CONICAL_SURFACE('',#3584,11.0267000799573,0.49955737477393);
#29=CONICAL_SURFACE('',#3592,11.0267000799549,0.499557374773612);
#30=CONICAL_SURFACE('',#3600,11.0267000799736,0.499557374771385);
#31=CONICAL_SURFACE('',#3608,11.0267000799562,0.499557374773932);
#32=CONICAL_SURFACE('',#3616,11.0267000799634,0.49955737477273);
#33=CONICAL_SURFACE('',#3625,11.0267000799532,0.499557374774075);
#34=CONICAL_SURFACE('',#3633,11.0267000799601,0.499557374773139);
#35=CONICAL_SURFACE('',#3641,11.0267000799607,0.499557374772478);
#36=CONICAL_SURFACE('',#3649,11.0267000799424,0.499557374772951);
#37=CONICAL_SURFACE('',#3657,11.0267000799505,0.499557374773892);
#38=CONICAL_SURFACE('',#3665,11.0267000799663,0.499557374774434);
#39=CONICAL_SURFACE('',#3673,11.0267000799512,0.499557374774903);
#40=CONICAL_SURFACE('',#3677,10.0508406210257,1.05164814078918);
#41=ELLIPSE('',#3465,17.0741770000038,14.2369295796993);
#42=ELLIPSE('',#3472,17.0741770000038,14.2369295796994);
#43=ELLIPSE('',#3474,17.0741770000039,14.2369295796993);
#44=ELLIPSE('',#3476,17.0741770000039,14.2369295796994);
#45=ELLIPSE('',#3478,17.0741770000038,14.2369295796994);
#46=ELLIPSE('',#3480,26.1341477336308,0.980196705071482);
#47=ELLIPSE('',#3481,17.0741770000038,14.2369295796993);
#48=ELLIPSE('',#3482,26.1341477336308,0.980196705071482);
#49=ELLIPSE('',#3484,26.1341477336304,0.980196705071477);
#50=ELLIPSE('',#3485,17.0741770000038,14.2369295796993);
#51=ELLIPSE('',#3486,26.1341477336304,0.980196705071477);
#52=ELLIPSE('',#3488,26.1341477336299,0.98019670507146);
#53=ELLIPSE('',#3489,17.0741770000039,14.2369295796994);
#54=ELLIPSE('',#3490,26.1341477336299,0.98019670507146);
#55=ELLIPSE('',#3492,17.0741770000039,14.2369295796993);
#56=ELLIPSE('',#3494,26.1341477336308,0.980196705071476);
#57=ELLIPSE('',#3495,17.0741770000038,14.2369295796994);
#58=ELLIPSE('',#3496,26.1341477336308,0.980196705071476);
#59=ELLIPSE('',#3498,26.1341477336298,0.98019670507146);
#60=ELLIPSE('',#3499,17.0741770000039,14.2369295796993);
#61=ELLIPSE('',#3500,26.1341477336298,0.98019670507146);
#62=ELLIPSE('',#3502,26.1341477336309,0.980196705071479);
#63=ELLIPSE('',#3503,17.0741770000039,14.2369295796994);
#64=ELLIPSE('',#3504,26.1341477336309,0.980196705071479);
#65=ELLIPSE('',#3506,17.0741770000038,14.2369295796994);
#66=ELLIPSE('',#3508,17.0741770000039,14.2369295796994);
#67=ELLIPSE('',#3510,17.0741770000039,14.2369295796993);
#68=ELLIPSE('',#3512,17.0741770000038,14.2369295796994);
#69=ELLIPSE('',#3514,17.0741770000039,14.2369295796993);
#70=ELLIPSE('',#3516,17.0741770000039,14.2369295796993);
#71=ELLIPSE('',#3519,17.0741770000039,14.2369295796994);
#72=ELLIPSE('',#3521,17.0741770000039,14.2369295796993);
#73=B_SPLINE_SURFACE_WITH_KNOTS('',3,3,((#4682,#4683,#4684,#4685),(#4686,
#4687,#4688,#4689),(#4690,#4691,#4692,#4693),(#4694,#4695,#4696,#4697),
(#4698,#4699,#4700,#4701),(#4702,#4703,#4704,#4705),(#4706,#4707,#4708,
#4709),(#4710,#4711,#4712,#4713),(#4714,#4715,#4716,#4717),(#4718,#4719,
#4720,#4721),(#4722,#4723,#4724,#4725),(#4726,#4727,#4728,#4729)),
 .UNSPECIFIED.,.F.,.F.,.F.,(4,1,1,1,1,1,1,2,4),(4,4),(0.,0.286814039196292,
0.430221058794438,0.501924568593511,0.537776323493047,0.573628078392583,
0.645331588191656,0.717035097990729,1.),(0.,0.496168881418583),
 .UNSPECIFIED.);
#74=B_SPLINE_SURFACE_WITH_KNOTS('',3,3,((#4795,#4796,#4797,#4798),(#4799,
#4800,#4801,#4802),(#4803,#4804,#4805,#4806),(#4807,#4808,#4809,#4810),
(#4811,#4812,#4813,#4814),(#4815,#4816,#4817,#4818),(#4819,#4820,#4821,
#4822),(#4823,#4824,#4825,#4826),(#4827,#4828,#4829,#4830),(#4831,#4832,
#4833,#4834),(#4835,#4836,#4837,#4838),(#4839,#4840,#4841,#4842)),
 .UNSPECIFIED.,.F.,.F.,.F.,(4,2,1,1,1,1,1,1,4),(4,4),(0.,0.28296490200935,
0.354668411808415,0.42637192160748,0.462223676507012,0.498075431406545,
0.56977894120561,0.71318596080374,1.),(0.,0.496168877899863),
 .UNSPECIFIED.);
#75=B_SPLINE_SURFACE_WITH_KNOTS('',3,3,((#5092,#5093,#5094,#5095),(#5096,
#5097,#5098,#5099),(#5100,#5101,#5102,#5103),(#5104,#5105,#5106,#5107),
(#5108,#5109,#5110,#5111),(#5112,#5113,#5114,#5115),(#5116,#5117,#5118,
#5119),(#5120,#5121,#5122,#5123),(#5124,#5125,#5126,#5127),(#5128,#5129,
#5130,#5131),(#5132,#5133,#5134,#5135),(#5136,#5137,#5138,#5139)),
 .UNSPECIFIED.,.F.,.F.,.F.,(4,1,1,1,1,1,1,2,4),(4,4),(0.,0.286814039196292,
0.430221058794438,0.501924568593511,0.537776323493047,0.573628078392583,
0.645331588191656,0.717035097990729,1.),(0.,0.496168881418583),
 .UNSPECIFIED.);
#76=B_SPLINE_SURFACE_WITH_KNOTS('',3,3,((#5196,#5197,#5198,#5199),(#5200,
#5201,#5202,#5203),(#5204,#5205,#5206,#5207),(#5208,#5209,#5210,#5211),
(#5212,#5213,#5214,#5215),(#5216,#5217,#5218,#5219),(#5220,#5221,#5222,
#5223),(#5224,#5225,#5226,#5227),(#5228,#5229,#5230,#5231),(#5232,#5233,
#5234,#5235),(#5236,#5237,#5238,#5239),(#5240,#5241,#5242,#5243)),
 .UNSPECIFIED.,.F.,.F.,.F.,(4,2,1,1,1,1,1,1,4),(4,4),(0.,0.28296490200935,
0.354668411808415,0.42637192160748,0.462223676507012,0.498075431406545,
0.56977894120561,0.71318596080374,1.),(0.,0.496168877899863),
 .UNSPECIFIED.);
#77=B_SPLINE_SURFACE_WITH_KNOTS('',3,3,((#5258,#5259,#5260,#5261),(#5262,
#5263,#5264,#5265),(#5266,#5267,#5268,#5269),(#5270,#5271,#5272,#5273),
(#5274,#5275,#5276,#5277),(#5278,#5279,#5280,#5281),(#5282,#5283,#5284,
#5285),(#5286,#5287,#5288,#5289),(#5290,#5291,#5292,#5293),(#5294,#5295,
#5296,#5297),(#5298,#5299,#5300,#5301),(#5302,#5303,#5304,#5305)),
 .UNSPECIFIED.,.F.,.F.,.F.,(4,1,1,1,1,1,1,2,4),(4,4),(0.,0.286814039196292,
0.430221058794438,0.501924568593511,0.537776323493047,0.573628078392583,
0.645331588191656,0.717035097990729,1.),(0.,0.496168881418583),
 .UNSPECIFIED.);
#78=B_SPLINE_SURFACE_WITH_KNOTS('',3,3,((#5362,#5363,#5364,#5365),(#5366,
#5367,#5368,#5369),(#5370,#5371,#5372,#5373),(#5374,#5375,#5376,#5377),
(#5378,#5379,#5380,#5381),(#5382,#5383,#5384,#5385),(#5386,#5387,#5388,
#5389),(#5390,#5391,#5392,#5393),(#5394,#5395,#5396,#5397),(#5398,#5399,
#5400,#5401),(#5402,#5403,#5404,#5405),(#5406,#5407,#5408,#5409)),
 .UNSPECIFIED.,.F.,.F.,.F.,(4,2,1,1,1,1,1,1,4),(4,4),(0.,0.28296490200935,
0.354668411808415,0.42637192160748,0.462223676507012,0.498075431406545,
0.56977894120561,0.71318596080374,1.),(0.,0.496168877899863),
 .UNSPECIFIED.);
#79=B_SPLINE_SURFACE_WITH_KNOTS('',3,3,((#5424,#5425,#5426,#5427),(#5428,
#5429,#5430,#5431),(#5432,#5433,#5434,#5435),(#5436,#5437,#5438,#5439),
(#5440,#5441,#5442,#5443),(#5444,#5445,#5446,#5447),(#5448,#5449,#5450,
#5451),(#5452,#5453,#5454,#5455),(#5456,#5457,#5458,#5459),(#5460,#5461,
#5462,#5463),(#5464,#5465,#5466,#5467),(#5468,#5469,#5470,#5471)),
 .UNSPECIFIED.,.F.,.F.,.F.,(4,1,1,1,1,1,1,2,4),(4,4),(0.,0.286814039196292,
0.430221058794438,0.501924568593511,0.537776323493047,0.573628078392583,
0.645331588191656,0.717035097990729,1.),(0.,0.496168881418583),
 .UNSPECIFIED.);
#80=B_SPLINE_SURFACE_WITH_KNOTS('',3,3,((#5528,#5529,#5530,#5531),(#5532,
#5533,#5534,#5535),(#5536,#5537,#5538,#5539),(#5540,#5541,#5542,#5543),
(#5544,#5545,#5546,#5547),(#5548,#5549,#5550,#5551),(#5552,#5553,#5554,
#5555),(#5556,#5557,#5558,#5559),(#5560,#5561,#5562,#5563),(#5564,#5565,
#5566,#5567),(#5568,#5569,#5570,#5571),(#5572,#5573,#5574,#5575)),
 .UNSPECIFIED.,.F.,.F.,.F.,(4,2,1,1,1,1,1,1,4),(4,4),(0.,0.28296490200935,
0.354668411808415,0.42637192160748,0.462223676507012,0.498075431406545,
0.56977894120561,0.71318596080374,1.),(0.,0.496168877899863),
 .UNSPECIFIED.);
#81=B_SPLINE_SURFACE_WITH_KNOTS('',3,3,((#5590,#5591,#5592,#5593),(#5594,
#5595,#5596,#5597),(#5598,#5599,#5600,#5601),(#5602,#5603,#5604,#5605),
(#5606,#5607,#5608,#5609),(#5610,#5611,#5612,#5613),(#5614,#5615,#5616,
#5617),(#5618,#5619,#5620,#5621),(#5622,#5623,#5624,#5625),(#5626,#5627,
#5628,#5629),(#5630,#5631,#5632,#5633),(#5634,#5635,#5636,#5637)),
 .UNSPECIFIED.,.F.,.F.,.F.,(4,1,1,1,1,1,1,2,4),(4,4),(0.,0.286814039196292,
0.430221058794438,0.501924568593511,0.537776323493047,0.573628078392583,
0.645331588191656,0.717035097990729,1.),(0.,0.496168881418583),
 .UNSPECIFIED.);
#82=B_SPLINE_SURFACE_WITH_KNOTS('',3,3,((#5694,#5695,#5696,#5697),(#5698,
#5699,#5700,#5701),(#5702,#5703,#5704,#5705),(#5706,#5707,#5708,#5709),
(#5710,#5711,#5712,#5713),(#5714,#5715,#5716,#5717),(#5718,#5719,#5720,
#5721),(#5722,#5723,#5724,#5725),(#5726,#5727,#5728,#5729),(#5730,#5731,
#5732,#5733),(#5734,#5735,#5736,#5737),(#5738,#5739,#5740,#5741)),
 .UNSPECIFIED.,.F.,.F.,.F.,(4,2,1,1,1,1,1,1,4),(4,4),(0.,0.28296490200935,
0.354668411808415,0.42637192160748,0.462223676507012,0.498075431406545,
0.56977894120561,0.71318596080374,1.),(0.,0.496168877899863),
 .UNSPECIFIED.);
#83=B_SPLINE_SURFACE_WITH_KNOTS('',3,3,((#5756,#5757,#5758,#5759),(#5760,
#5761,#5762,#5763),(#5764,#5765,#5766,#5767),(#5768,#5769,#5770,#5771),
(#5772,#5773,#5774,#5775),(#5776,#5777,#5778,#5779),(#5780,#5781,#5782,
#5783),(#5784,#5785,#5786,#5787),(#5788,#5789,#5790,#5791),(#5792,#5793,
#5794,#5795),(#5796,#5797,#5798,#5799),(#5800,#5801,#5802,#5803)),
 .UNSPECIFIED.,.F.,.F.,.F.,(4,1,1,1,1,1,1,2,4),(4,4),(0.,0.286814039196292,
0.430221058794438,0.501924568593511,0.537776323493047,0.573628078392583,
0.645331588191656,0.717035097990729,1.),(0.,0.496168881418583),
 .UNSPECIFIED.);
#84=B_SPLINE_SURFACE_WITH_KNOTS('',3,3,((#5860,#5861,#5862,#5863),(#5864,
#5865,#5866,#5867),(#5868,#5869,#5870,#5871),(#5872,#5873,#5874,#5875),
(#5876,#5877,#5878,#5879),(#5880,#5881,#5882,#5883),(#5884,#5885,#5886,
#5887),(#5888,#5889,#5890,#5891),(#5892,#5893,#5894,#5895),(#5896,#5897,
#5898,#5899),(#5900,#5901,#5902,#5903),(#5904,#5905,#5906,#5907)),
 .UNSPECIFIED.,.F.,.F.,.F.,(4,2,1,1,1,1,1,1,4),(4,4),(0.,0.28296490200935,
0.354668411808415,0.42637192160748,0.462223676507012,0.498075431406545,
0.56977894120561,0.71318596080374,1.),(0.,0.496168877899863),
 .UNSPECIFIED.);
#85=B_SPLINE_SURFACE_WITH_KNOTS('',3,3,((#5922,#5923,#5924,#5925),(#5926,
#5927,#5928,#5929),(#5930,#5931,#5932,#5933),(#5934,#5935,#5936,#5937),
(#5938,#5939,#5940,#5941),(#5942,#5943,#5944,#5945),(#5946,#5947,#5948,
#5949),(#5950,#5951,#5952,#5953),(#5954,#5955,#5956,#5957),(#5958,#5959,
#5960,#5961),(#5962,#5963,#5964,#5965),(#5966,#5967,#5968,#5969)),
 .UNSPECIFIED.,.F.,.F.,.F.,(4,1,1,1,1,1,1,2,4),(4,4),(0.,0.286814039196292,
0.430221058794438,0.501924568593511,0.537776323493047,0.573628078392583,
0.645331588191656,0.717035097990729,1.),(0.,0.496168881418583),
 .UNSPECIFIED.);
#86=B_SPLINE_SURFACE_WITH_KNOTS('',3,3,((#6026,#6027,#6028,#6029),(#6030,
#6031,#6032,#6033),(#6034,#6035,#6036,#6037),(#6038,#6039,#6040,#6041),
(#6042,#6043,#6044,#6045),(#6046,#6047,#6048,#6049),(#6050,#6051,#6052,
#6053),(#6054,#6055,#6056,#6057),(#6058,#6059,#6060,#6061),(#6062,#6063,
#6064,#6065),(#6066,#6067,#6068,#6069),(#6070,#6071,#6072,#6073)),
 .UNSPECIFIED.,.F.,.F.,.F.,(4,2,1,1,1,1,1,1,4),(4,4),(0.,0.28296490200935,
0.354668411808415,0.42637192160748,0.462223676507012,0.498075431406545,
0.56977894120561,0.71318596080374,1.),(0.,0.496168877899863),
 .UNSPECIFIED.);
#87=B_SPLINE_SURFACE_WITH_KNOTS('',3,3,((#6088,#6089,#6090,#6091),(#6092,
#6093,#6094,#6095),(#6096,#6097,#6098,#6099),(#6100,#6101,#6102,#6103),
(#6104,#6105,#6106,#6107),(#6108,#6109,#6110,#6111),(#6112,#6113,#6114,
#6115),(#6116,#6117,#6118,#6119),(#6120,#6121,#6122,#6123),(#6124,#6125,
#6126,#6127),(#6128,#6129,#6130,#6131),(#6132,#6133,#6134,#6135)),
 .UNSPECIFIED.,.F.,.F.,.F.,(4,1,1,1,1,1,1,2,4),(4,4),(0.,0.286814039196292,
0.430221058794438,0.501924568593511,0.537776323493047,0.573628078392583,
0.645331588191656,0.717035097990729,1.),(0.,0.496168881418583),
 .UNSPECIFIED.);
#88=B_SPLINE_SURFACE_WITH_KNOTS('',3,3,((#6192,#6193,#6194,#6195),(#6196,
#6197,#6198,#6199),(#6200,#6201,#6202,#6203),(#6204,#6205,#6206,#6207),
(#6208,#6209,#6210,#6211),(#6212,#6213,#6214,#6215),(#6216,#6217,#6218,
#6219),(#6220,#6221,#6222,#6223),(#6224,#6225,#6226,#6227),(#6228,#6229,
#6230,#6231),(#6232,#6233,#6234,#6235),(#6236,#6237,#6238,#6239)),
 .UNSPECIFIED.,.F.,.F.,.F.,(4,2,1,1,1,1,1,1,4),(4,4),(0.,0.28296490200935,
0.354668411808415,0.42637192160748,0.462223676507012,0.498075431406545,
0.56977894120561,0.71318596080374,1.),(0.,0.496168877899863),
 .UNSPECIFIED.);
#89=B_SPLINE_SURFACE_WITH_KNOTS('',3,3,((#6254,#6255,#6256,#6257),(#6258,
#6259,#6260,#6261),(#6262,#6263,#6264,#6265),(#6266,#6267,#6268,#6269),
(#6270,#6271,#6272,#6273),(#6274,#6275,#6276,#6277),(#6278,#6279,#6280,
#6281),(#6282,#6283,#6284,#6285),(#6286,#6287,#6288,#6289),(#6290,#6291,
#6292,#6293),(#6294,#6295,#6296,#6297),(#6298,#6299,#6300,#6301)),
 .UNSPECIFIED.,.F.,.F.,.F.,(4,1,1,1,1,1,1,2,4),(4,4),(0.,0.286814039196292,
0.430221058794438,0.501924568593511,0.537776323493047,0.573628078392583,
0.645331588191656,0.717035097990729,1.),(0.,0.496168881418583),
 .UNSPECIFIED.);
#90=B_SPLINE_SURFACE_WITH_KNOTS('',3,3,((#6358,#6359,#6360,#6361),(#6362,
#6363,#6364,#6365),(#6366,#6367,#6368,#6369),(#6370,#6371,#6372,#6373),
(#6374,#6375,#6376,#6377),(#6378,#6379,#6380,#6381),(#6382,#6383,#6384,
#6385),(#6386,#6387,#6388,#6389),(#6390,#6391,#6392,#6393),(#6394,#6395,
#6396,#6397),(#6398,#6399,#6400,#6401),(#6402,#6403,#6404,#6405)),
 .UNSPECIFIED.,.F.,.F.,.F.,(4,2,1,1,1,1,1,1,4),(4,4),(0.,0.28296490200935,
0.354668411808415,0.42637192160748,0.462223676507012,0.498075431406545,
0.56977894120561,0.71318596080374,1.),(0.,0.496168877899863),
 .UNSPECIFIED.);
#91=B_SPLINE_SURFACE_WITH_KNOTS('',3,3,((#6420,#6421,#6422,#6423),(#6424,
#6425,#6426,#6427),(#6428,#6429,#6430,#6431),(#6432,#6433,#6434,#6435),
(#6436,#6437,#6438,#6439),(#6440,#6441,#6442,#6443),(#6444,#6445,#6446,
#6447),(#6448,#6449,#6450,#6451),(#6452,#6453,#6454,#6455),(#6456,#6457,
#6458,#6459),(#6460,#6461,#6462,#6463),(#6464,#6465,#6466,#6467)),
 .UNSPECIFIED.,.F.,.F.,.F.,(4,1,1,1,1,1,1,2,4),(4,4),(0.,0.286814039196292,
0.430221058794438,0.501924568593511,0.537776323493047,0.573628078392583,
0.645331588191656,0.717035097990729,1.),(0.,0.496168881418583),
 .UNSPECIFIED.);
#92=B_SPLINE_SURFACE_WITH_KNOTS('',3,3,((#6524,#6525,#6526,#6527),(#6528,
#6529,#6530,#6531),(#6532,#6533,#6534,#6535),(#6536,#6537,#6538,#6539),
(#6540,#6541,#6542,#6543),(#6544,#6545,#6546,#6547),(#6548,#6549,#6550,
#6551),(#6552,#6553,#6554,#6555),(#6556,#6557,#6558,#6559),(#6560,#6561,
#6562,#6563),(#6564,#6565,#6566,#6567),(#6568,#6569,#6570,#6571)),
 .UNSPECIFIED.,.F.,.F.,.F.,(4,2,1,1,1,1,1,1,4),(4,4),(0.,0.28296490200935,
0.354668411808415,0.42637192160748,0.462223676507012,0.498075431406545,
0.56977894120561,0.71318596080374,1.),(0.,0.496168877899863),
 .UNSPECIFIED.);
#93=B_SPLINE_SURFACE_WITH_KNOTS('',3,3,((#6586,#6587,#6588,#6589),(#6590,
#6591,#6592,#6593),(#6594,#6595,#6596,#6597),(#6598,#6599,#6600,#6601),
(#6602,#6603,#6604,#6605),(#6606,#6607,#6608,#6609),(#6610,#6611,#6612,
#6613),(#6614,#6615,#6616,#6617),(#6618,#6619,#6620,#6621),(#6622,#6623,
#6624,#6625),(#6626,#6627,#6628,#6629),(#6630,#6631,#6632,#6633)),
 .UNSPECIFIED.,.F.,.F.,.F.,(4,1,1,1,1,1,1,2,4),(4,4),(0.,0.286814039196292,
0.430221058794438,0.501924568593511,0.537776323493047,0.573628078392583,
0.645331588191656,0.717035097990729,1.),(0.,0.496168881418583),
 .UNSPECIFIED.);
#94=B_SPLINE_SURFACE_WITH_KNOTS('',3,3,((#6690,#6691,#6692,#6693),(#6694,
#6695,#6696,#6697),(#6698,#6699,#6700,#6701),(#6702,#6703,#6704,#6705),
(#6706,#6707,#6708,#6709),(#6710,#6711,#6712,#6713),(#6714,#6715,#6716,
#6717),(#6718,#6719,#6720,#6721),(#6722,#6723,#6724,#6725),(#6726,#6727,
#6728,#6729),(#6730,#6731,#6732,#6733),(#6734,#6735,#6736,#6737)),
 .UNSPECIFIED.,.F.,.F.,.F.,(4,2,1,1,1,1,1,1,4),(4,4),(0.,0.28296490200935,
0.354668411808415,0.42637192160748,0.462223676507012,0.498075431406545,
0.56977894120561,0.71318596080374,1.),(0.,0.496168877899863),
 .UNSPECIFIED.);
#95=B_SPLINE_SURFACE_WITH_KNOTS('',3,3,((#6752,#6753,#6754,#6755),(#6756,
#6757,#6758,#6759),(#6760,#6761,#6762,#6763),(#6764,#6765,#6766,#6767),
(#6768,#6769,#6770,#6771),(#6772,#6773,#6774,#6775),(#6776,#6777,#6778,
#6779),(#6780,#6781,#6782,#6783),(#6784,#6785,#6786,#6787),(#6788,#6789,
#6790,#6791),(#6792,#6793,#6794,#6795),(#6796,#6797,#6798,#6799)),
 .UNSPECIFIED.,.F.,.F.,.F.,(4,2,1,1,1,1,1,1,4),(4,4),(0.,0.28296490200935,
0.354668411808415,0.42637192160748,0.462223676507012,0.498075431406545,
0.56977894120561,0.71318596080374,1.),(0.,0.496168877899863),
 .UNSPECIFIED.);
#96=B_SPLINE_SURFACE_WITH_KNOTS('',3,3,((#6841,#6842,#6843,#6844),(#6845,
#6846,#6847,#6848),(#6849,#6850,#6851,#6852),(#6853,#6854,#6855,#6856),
(#6857,#6858,#6859,#6860),(#6861,#6862,#6863,#6864),(#6865,#6866,#6867,
#6868),(#6869,#6870,#6871,#6872),(#6873,#6874,#6875,#6876),(#6877,#6878,
#6879,#6880),(#6881,#6882,#6883,#6884),(#6885,#6886,#6887,#6888)),
 .UNSPECIFIED.,.F.,.F.,.F.,(4,1,1,1,1,1,1,2,4),(4,4),(0.,0.286814039196292,
0.430221058794438,0.501924568593511,0.537776323493047,0.573628078392583,
0.645331588191656,0.717035097990729,1.),(0.,0.496168881418583),
 .UNSPECIFIED.);
#97=B_SPLINE_SURFACE_WITH_KNOTS('',3,3,((#6918,#6919,#6920,#6921),(#6922,
#6923,#6924,#6925),(#6926,#6927,#6928,#6929),(#6930,#6931,#6932,#6933),
(#6934,#6935,#6936,#6937),(#6938,#6939,#6940,#6941),(#6942,#6943,#6944,
#6945),(#6946,#6947,#6948,#6949),(#6950,#6951,#6952,#6953),(#6954,#6955,
#6956,#6957),(#6958,#6959,#6960,#6961),(#6962,#6963,#6964,#6965)),
 .UNSPECIFIED.,.F.,.F.,.F.,(4,2,1,1,1,1,1,1,4),(4,4),(0.,0.28296490200935,
0.354668411808415,0.42637192160748,0.462223676507012,0.498075431406545,
0.56977894120561,0.71318596080374,1.),(0.,0.496168877899863),
 .UNSPECIFIED.);
#98=B_SPLINE_SURFACE_WITH_KNOTS('',3,3,((#7022,#7023,#7024,#7025),(#7026,
#7027,#7028,#7029),(#7030,#7031,#7032,#7033),(#7034,#7035,#7036,#7037),
(#7038,#7039,#7040,#7041),(#7042,#7043,#7044,#7045),(#7046,#7047,#7048,
#7049),(#7050,#7051,#7052,#7053),(#7054,#7055,#7056,#7057),(#7058,#7059,
#7060,#7061),(#7062,#7063,#7064,#7065),(#7066,#7067,#7068,#7069)),
 .UNSPECIFIED.,.F.,.F.,.F.,(4,1,1,1,1,1,1,2,4),(4,4),(0.,0.286814039196292,
0.430221058794438,0.501924568593511,0.537776323493047,0.573628078392583,
0.645331588191656,0.717035097990729,1.),(0.,0.496168881418583),
 .UNSPECIFIED.);
#99=B_SPLINE_SURFACE_WITH_KNOTS('',3,3,((#7120,#7121,#7122,#7123),(#7124,
#7125,#7126,#7127),(#7128,#7129,#7130,#7131),(#7132,#7133,#7134,#7135),
(#7136,#7137,#7138,#7139),(#7140,#7141,#7142,#7143),(#7144,#7145,#7146,
#7147),(#7148,#7149,#7150,#7151),(#7152,#7153,#7154,#7155),(#7156,#7157,
#7158,#7159),(#7160,#7161,#7162,#7163),(#7164,#7165,#7166,#7167)),
 .UNSPECIFIED.,.F.,.F.,.F.,(4,2,1,1,1,1,1,1,4),(4,4),(0.,0.28296490200935,
0.354668411808415,0.42637192160748,0.462223676507012,0.498075431406545,
0.56977894120561,0.71318596080374,1.),(0.,0.496168877899863),
 .UNSPECIFIED.);
#100=B_SPLINE_SURFACE_WITH_KNOTS('',3,3,((#7220,#7221,#7222,#7223),(#7224,
#7225,#7226,#7227),(#7228,#7229,#7230,#7231),(#7232,#7233,#7234,#7235),
(#7236,#7237,#7238,#7239),(#7240,#7241,#7242,#7243),(#7244,#7245,#7246,
#7247),(#7248,#7249,#7250,#7251),(#7252,#7253,#7254,#7255),(#7256,#7257,
#7258,#7259),(#7260,#7261,#7262,#7263),(#7264,#7265,#7266,#7267)),
 .UNSPECIFIED.,.F.,.F.,.F.,(4,1,1,1,1,1,1,2,4),(4,4),(0.,0.286814039196292,
0.430221058794438,0.501924568593511,0.537776323493047,0.573628078392583,
0.645331588191656,0.717035097990729,1.),(0.,0.496168881418583),
 .UNSPECIFIED.);
#101=B_SPLINE_SURFACE_WITH_KNOTS('',3,3,((#7281,#7282,#7283,#7284),(#7285,
#7286,#7287,#7288),(#7289,#7290,#7291,#7292),(#7293,#7294,#7295,#7296),
(#7297,#7298,#7299,#7300),(#7301,#7302,#7303,#7304),(#7305,#7306,#7307,
#7308),(#7309,#7310,#7311,#7312),(#7313,#7314,#7315,#7316),(#7317,#7318,
#7319,#7320),(#7321,#7322,#7323,#7324),(#7325,#7326,#7327,#7328)),
 .UNSPECIFIED.,.F.,.F.,.F.,(4,2,1,1,1,1,1,1,4),(4,4),(0.,0.28296490200935,
0.354668411808415,0.42637192160748,0.462223676507012,0.498075431406545,
0.56977894120561,0.71318596080374,1.),(0.,0.496168877899863),
 .UNSPECIFIED.);
#102=B_SPLINE_SURFACE_WITH_KNOTS('',3,3,((#7381,#7382,#7383,#7384),(#7385,
#7386,#7387,#7388),(#7389,#7390,#7391,#7392),(#7393,#7394,#7395,#7396),
(#7397,#7398,#7399,#7400),(#7401,#7402,#7403,#7404),(#7405,#7406,#7407,
#7408),(#7409,#7410,#7411,#7412),(#7413,#7414,#7415,#7416),(#7417,#7418,
#7419,#7420),(#7421,#7422,#7423,#7424),(#7425,#7426,#7427,#7428)),
 .UNSPECIFIED.,.F.,.F.,.F.,(4,1,1,1,1,1,1,2,4),(4,4),(0.,0.286814039196292,
0.430221058794438,0.501924568593511,0.537776323493047,0.573628078392583,
0.645331588191656,0.717035097990729,1.),(0.,0.496168881418583),
 .UNSPECIFIED.);
#103=B_SPLINE_SURFACE_WITH_KNOTS('',3,3,((#7442,#7443,#7444,#7445),(#7446,
#7447,#7448,#7449),(#7450,#7451,#7452,#7453),(#7454,#7455,#7456,#7457),
(#7458,#7459,#7460,#7461),(#7462,#7463,#7464,#7465),(#7466,#7467,#7468,
#7469),(#7470,#7471,#7472,#7473),(#7474,#7475,#7476,#7477),(#7478,#7479,
#7480,#7481),(#7482,#7483,#7484,#7485),(#7486,#7487,#7488,#7489)),
 .UNSPECIFIED.,.F.,.F.,.F.,(4,2,1,1,1,1,1,1,4),(4,4),(0.,0.28296490200935,
0.354668411808415,0.42637192160748,0.462223676507012,0.498075431406545,
0.56977894120561,0.71318596080374,1.),(0.,0.496168877899863),
 .UNSPECIFIED.);
#104=B_SPLINE_SURFACE_WITH_KNOTS('',3,3,((#7542,#7543,#7544,#7545),(#7546,
#7547,#7548,#7549),(#7550,#7551,#7552,#7553),(#7554,#7555,#7556,#7557),
(#7558,#7559,#7560,#7561),(#7562,#7563,#7564,#7565),(#7566,#7567,#7568,
#7569),(#7570,#7571,#7572,#7573),(#7574,#7575,#7576,#7577),(#7578,#7579,
#7580,#7581),(#7582,#7583,#7584,#7585),(#7586,#7587,#7588,#7589)),
 .UNSPECIFIED.,.F.,.F.,.F.,(4,1,1,1,1,1,1,2,4),(4,4),(0.,0.286814039196292,
0.430221058794438,0.501924568593511,0.537776323493047,0.573628078392583,
0.645331588191656,0.717035097990729,1.),(0.,0.496168881418583),
 .UNSPECIFIED.);
#105=B_SPLINE_SURFACE_WITH_KNOTS('',3,3,((#7603,#7604,#7605,#7606),(#7607,
#7608,#7609,#7610),(#7611,#7612,#7613,#7614),(#7615,#7616,#7617,#7618),
(#7619,#7620,#7621,#7622),(#7623,#7624,#7625,#7626),(#7627,#7628,#7629,
#7630),(#7631,#7632,#7633,#7634),(#7635,#7636,#7637,#7638),(#7639,#7640,
#7641,#7642),(#7643,#7644,#7645,#7646),(#7647,#7648,#7649,#7650)),
 .UNSPECIFIED.,.F.,.F.,.F.,(4,2,1,1,1,1,1,1,4),(4,4),(0.,0.28296490200935,
0.354668411808415,0.42637192160748,0.462223676507012,0.498075431406545,
0.56977894120561,0.71318596080374,1.),(0.,0.496168877899863),
 .UNSPECIFIED.);
#106=B_SPLINE_SURFACE_WITH_KNOTS('',3,3,((#7703,#7704,#7705,#7706),(#7707,
#7708,#7709,#7710),(#7711,#7712,#7713,#7714),(#7715,#7716,#7717,#7718),
(#7719,#7720,#7721,#7722),(#7723,#7724,#7725,#7726),(#7727,#7728,#7729,
#7730),(#7731,#7732,#7733,#7734),(#7735,#7736,#7737,#7738),(#7739,#7740,
#7741,#7742),(#7743,#7744,#7745,#7746),(#7747,#7748,#7749,#7750)),
 .UNSPECIFIED.,.F.,.F.,.F.,(4,1,1,1,1,1,1,2,4),(4,4),(0.,0.286814039196292,
0.430221058794438,0.501924568593511,0.537776323493047,0.573628078392583,
0.645331588191656,0.717035097990729,1.),(0.,0.496168881418583),
 .UNSPECIFIED.);
#107=B_SPLINE_SURFACE_WITH_KNOTS('',3,3,((#7764,#7765,#7766,#7767),(#7768,
#7769,#7770,#7771),(#7772,#7773,#7774,#7775),(#7776,#7777,#7778,#7779),
(#7780,#7781,#7782,#7783),(#7784,#7785,#7786,#7787),(#7788,#7789,#7790,
#7791),(#7792,#7793,#7794,#7795),(#7796,#7797,#7798,#7799),(#7800,#7801,
#7802,#7803),(#7804,#7805,#7806,#7807),(#7808,#7809,#7810,#7811)),
 .UNSPECIFIED.,.F.,.F.,.F.,(4,2,1,1,1,1,1,1,4),(4,4),(0.,0.28296490200935,
0.354668411808415,0.42637192160748,0.462223676507012,0.498075431406545,
0.56977894120561,0.71318596080374,1.),(0.,0.496168877899863),
 .UNSPECIFIED.);
#108=B_SPLINE_SURFACE_WITH_KNOTS('',3,3,((#7864,#7865,#7866,#7867),(#7868,
#7869,#7870,#7871),(#7872,#7873,#7874,#7875),(#7876,#7877,#7878,#7879),
(#7880,#7881,#7882,#7883),(#7884,#7885,#7886,#7887),(#7888,#7889,#7890,
#7891),(#7892,#7893,#7894,#7895),(#7896,#7897,#7898,#7899),(#7900,#7901,
#7902,#7903),(#7904,#7905,#7906,#7907),(#7908,#7909,#7910,#7911)),
 .UNSPECIFIED.,.F.,.F.,.F.,(4,1,1,1,1,1,1,2,4),(4,4),(0.,0.286814039196292,
0.430221058794438,0.501924568593511,0.537776323493047,0.573628078392583,
0.645331588191656,0.717035097990729,1.),(0.,0.496168881418583),
 .UNSPECIFIED.);
#109=B_SPLINE_SURFACE_WITH_KNOTS('',3,3,((#7925,#7926,#7927,#7928),(#7929,
#7930,#7931,#7932),(#7933,#7934,#7935,#7936),(#7937,#7938,#7939,#7940),
(#7941,#7942,#7943,#7944),(#7945,#7946,#7947,#7948),(#7949,#7950,#7951,
#7952),(#7953,#7954,#7955,#7956),(#7957,#7958,#7959,#7960),(#7961,#7962,
#7963,#7964),(#7965,#7966,#7967,#7968),(#7969,#7970,#7971,#7972)),
 .UNSPECIFIED.,.F.,.F.,.F.,(4,2,1,1,1,1,1,1,4),(4,4),(0.,0.28296490200935,
0.354668411808415,0.42637192160748,0.462223676507012,0.498075431406545,
0.56977894120561,0.71318596080374,1.),(0.,0.496168877899863),
 .UNSPECIFIED.);
#110=B_SPLINE_SURFACE_WITH_KNOTS('',3,3,((#8025,#8026,#8027,#8028),(#8029,
#8030,#8031,#8032),(#8033,#8034,#8035,#8036),(#8037,#8038,#8039,#8040),
(#8041,#8042,#8043,#8044),(#8045,#8046,#8047,#8048),(#8049,#8050,#8051,
#8052),(#8053,#8054,#8055,#8056),(#8057,#8058,#8059,#8060),(#8061,#8062,
#8063,#8064),(#8065,#8066,#8067,#8068),(#8069,#8070,#8071,#8072)),
 .UNSPECIFIED.,.F.,.F.,.F.,(4,1,1,1,1,1,1,2,4),(4,4),(0.,0.286814039196292,
0.430221058794438,0.501924568593511,0.537776323493047,0.573628078392583,
0.645331588191656,0.717035097990729,1.),(0.,0.496168881418583),
 .UNSPECIFIED.);
#111=B_SPLINE_SURFACE_WITH_KNOTS('',3,3,((#8086,#8087,#8088,#8089),(#8090,
#8091,#8092,#8093),(#8094,#8095,#8096,#8097),(#8098,#8099,#8100,#8101),
(#8102,#8103,#8104,#8105),(#8106,#8107,#8108,#8109),(#8110,#8111,#8112,
#8113),(#8114,#8115,#8116,#8117),(#8118,#8119,#8120,#8121),(#8122,#8123,
#8124,#8125),(#8126,#8127,#8128,#8129),(#8130,#8131,#8132,#8133)),
 .UNSPECIFIED.,.F.,.F.,.F.,(4,2,1,1,1,1,1,1,4),(4,4),(0.,0.28296490200935,
0.354668411808415,0.42637192160748,0.462223676507012,0.498075431406545,
0.56977894120561,0.71318596080374,1.),(0.,0.496168877899863),
 .UNSPECIFIED.);
#112=B_SPLINE_SURFACE_WITH_KNOTS('',3,3,((#8186,#8187,#8188,#8189),(#8190,
#8191,#8192,#8193),(#8194,#8195,#8196,#8197),(#8198,#8199,#8200,#8201),
(#8202,#8203,#8204,#8205),(#8206,#8207,#8208,#8209),(#8210,#8211,#8212,
#8213),(#8214,#8215,#8216,#8217),(#8218,#8219,#8220,#8221),(#8222,#8223,
#8224,#8225),(#8226,#8227,#8228,#8229),(#8230,#8231,#8232,#8233)),
 .UNSPECIFIED.,.F.,.F.,.F.,(4,1,1,1,1,1,1,2,4),(4,4),(0.,0.286814039196292,
0.430221058794438,0.501924568593511,0.537776323493047,0.573628078392583,
0.645331588191656,0.717035097990729,1.),(0.,0.496168881418583),
 .UNSPECIFIED.);
#113=FACE_BOUND('',#479,.T.);
#114=FACE_BOUND('',#481,.T.);
#115=FACE_BOUND('',#485,.T.);
#116=FACE_BOUND('',#486,.T.);
#117=FACE_BOUND('',#488,.T.);
#118=FACE_BOUND('',#595,.T.);
#119=B_SPLINE_CURVE_WITH_KNOTS('',3,(#4492,#4493,#4494,#4495,#4496,#4497,
#4498,#4499,#4500,#4501,#4502,#4503,#4504,#4505,#4506,#4507,#4508,#4509,
#4510,#4511,#4512,#4513,#4514,#4515),.UNSPECIFIED.,.F.,.F.,(4,2,2,2,2,2,
2,2,2,2,2,4),(0.412282093303266,0.464072556750861,0.589042741381477,0.714012926012093,
0.83881290772367,0.901212898579459,0.963612889435247,1.02601288029104,1.08841287114682,
1.2132128528584,1.33818303748902,1.46315322211963),.UNSPECIFIED.);
#120=B_SPLINE_CURVE_WITH_KNOTS('',3,(#4517,#4518,#4519,#4520),
 .UNSPECIFIED.,.F.,.F.,(4,4),(1.46315322211963,1.51494368556723),
 .UNSPECIFIED.);
#121=B_SPLINE_CURVE_WITH_KNOTS('',3,(#4526,#4527,#4528,#4529,#4530,#4531,
#4532,#4533,#4534,#4535),.UNSPECIFIED.,.F.,.F.,(4,2,2,2,4),(1.51494368556723,
1.57735506484934,1.69155690757904,1.80939134322477,1.9272257788705),
 .UNSPECIFIED.);
#122=B_SPLINE_CURVE_WITH_KNOTS('',3,(#4536,#4537,#4538,#4539,#4540,#4541,
#4542,#4543,#4544,#4545),.UNSPECIFIED.,.F.,.F.,(4,2,2,2,4),(0.,0.117834435645726,
0.235668871291452,0.349870714021156,0.412282093303266),.UNSPECIFIED.);
#123=B_SPLINE_CURVE_WITH_KNOTS('',3,(#4548,#4549,#4550,#4551,#4552,#4553,
#4554,#4555,#4556,#4557),.UNSPECIFIED.,.F.,.F.,(4,2,2,2,4),(0.,0.117834435645726,
0.235668871291452,0.349870714021156,0.464072556750861),.UNSPECIFIED.);
#124=B_SPLINE_CURVE_WITH_KNOTS('',3,(#4558,#4559,#4560,#4561,#4562,#4563,
#4564,#4565,#4566,#4567,#4568,#4569,#4570,#4571,#4572,#4573,#4574,#4575,
#4576,#4577,#4578,#4579,#4580,#4581,#4582,#4583,#4584,#4585,#4586,#4587),
 .UNSPECIFIED.,.F.,.F.,(4,2,2,2,2,2,2,2,2,2,2,2,2,2,4),(0.464072556750861,
0.589042741381477,0.714012926012093,0.83881290772367,0.901212898579459,
0.963612889435248,1.02601288029104,1.08841287114683,1.2132128528584,1.33818303748902,
1.46315322211963,1.57735506484934,1.69155690757904,1.80939134322477,1.9272257788705),
 .UNSPECIFIED.);
#125=B_SPLINE_CURVE_WITH_KNOTS('',3,(#4595,#4596,#4597,#4598,#4599,#4600,
#4601,#4602,#4603,#4604),.UNSPECIFIED.,.F.,.F.,(4,2,2,2,4),(0.,0.113772921067539,
0.227545842135077,0.340780467477562,0.454015092820047),.UNSPECIFIED.);
#126=B_SPLINE_CURVE_WITH_KNOTS('',3,(#4605,#4606,#4607,#4608,#4609,#4610,
#4611,#4612,#4613,#4614,#4615,#4616,#4617,#4618,#4619,#4620,#4621,#4622,
#4623,#4624,#4625,#4626,#4627,#4628,#4629,#4630),.UNSPECIFIED.,.F.,.F.,
(4,2,2,2,2,2,2,2,2,2,2,2,4),(0.454015092820047,0.568885098532179,0.68375510424431,
0.79777453517582,0.91179396610733,1.02581339703884,1.13983282797035,1.25470283368248,
1.36957283939461,1.4828074647371,1.59604209007958,1.70981501114712,1.82358793221466),
 .UNSPECIFIED.);
#127=B_SPLINE_CURVE_WITH_KNOTS('',3,(#4635,#4636,#4637,#4638,#4639,#4640,
#4641,#4642,#4643,#4644),.UNSPECIFIED.,.F.,.F.,(4,2,2,2,4),(0.,0.11401943093151,
0.228038861863019,0.342908867575151,0.457778873287282),.UNSPECIFIED.);
#128=B_SPLINE_CURVE_WITH_KNOTS('',3,(#4645,#4646,#4647,#4648,#4649,#4650,
#4651,#4652,#4653,#4654,#4655,#4656,#4657,#4658,#4659,#4660,#4661,#4662,
#4663,#4664,#4665,#4666,#4667,#4668,#4669,#4670),.UNSPECIFIED.,.F.,.F.,
(4,2,2,2,2,2,2,2,2,2,2,2,4),(0.457778873287282,0.571013498629767,0.684248123972252,
0.798021045039791,0.911793966107329,1.02556688717487,1.13933980824241,1.25257443358489,
1.36580905892738,1.48067906463951,1.59554907035164,1.70956850128315,1.82358793221466),
 .UNSPECIFIED.);
#129=B_SPLINE_CURVE_WITH_KNOTS('',3,(#4738,#4739,#4740,#4741,#4742,#4743,
#4744,#4745),.UNSPECIFIED.,.F.,.F.,(4,2,2,4),(-0.0913009078777928,-0.0746853367155845,
-0.0571495230375586,0.),.UNSPECIFIED.);
#130=B_SPLINE_CURVE_WITH_KNOTS('',3,(#4749,#4750,#4751,#4752,#4753,#4754,
#4755,#4756,#4757,#4758,#4759,#4760),.UNSPECIFIED.,.F.,.F.,(4,1,1,1,1,1,
1,2,4),(0.,0.286814039196292,0.430221058794438,0.501924568593511,0.537776323493047,
0.573628078392583,0.645331588191656,0.717035097990729,1.),.UNSPECIFIED.);
#131=B_SPLINE_CURVE_WITH_KNOTS('',3,(#4783,#4784,#4785,#4786,#4787,#4788,
#4789,#4790,#4791,#4792,#4793,#4794),.UNSPECIFIED.,.F.,.F.,(4,2,1,1,1,1,
1,1,4),(0.,0.28296490200935,0.354668411808415,0.42637192160748,0.462223676507012,
0.498075431406545,0.56977894120561,0.71318596080374,1.),.UNSPECIFIED.);
#132=B_SPLINE_CURVE_WITH_KNOTS('',3,(#4847,#4848,#4849,#4850,#4851,#4852,
#4853,#4854),.UNSPECIFIED.,.F.,.F.,(4,2,2,4),(-0.593527751612825,-0.209232464665261,
-0.0913273683280839,0.),.UNSPECIFIED.);
#133=B_SPLINE_CURVE_WITH_KNOTS('',3,(#5145,#5146,#5147,#5148,#5149,#5150,
#5151,#5152),.UNSPECIFIED.,.F.,.F.,(4,2,2,4),(-0.0913077957510787,-0.0746904120305615,
-0.0571530689341135,0.),.UNSPECIFIED.);
#134=B_SPLINE_CURVE_WITH_KNOTS('',3,(#5156,#5157,#5158,#5159,#5160,#5161,
#5162,#5163,#5164,#5165,#5166,#5167),.UNSPECIFIED.,.F.,.F.,(4,1,1,1,1,1,
1,2,4),(0.,0.286814039196292,0.430221058794438,0.501924568593511,0.537776323493047,
0.573628078392583,0.645331588191656,0.717035097990729,1.),.UNSPECIFIED.);
#135=B_SPLINE_CURVE_WITH_KNOTS('',3,(#5184,#5185,#5186,#5187,#5188,#5189,
#5190,#5191,#5192,#5193,#5194,#5195),.UNSPECIFIED.,.F.,.F.,(4,2,1,1,1,1,
1,1,4),(0.,0.28296490200935,0.354668411808415,0.42637192160748,0.462223676507012,
0.498075431406545,0.56977894120561,0.71318596080374,1.),.UNSPECIFIED.);
#136=B_SPLINE_CURVE_WITH_KNOTS('',3,(#5246,#5247,#5248,#5249,#5250,#5251,
#5252,#5253),.UNSPECIFIED.,.F.,.F.,(4,2,2,4),(-0.593558057606012,-0.209238026482784,
-0.0913283054938726,0.),.UNSPECIFIED.);
#137=B_SPLINE_CURVE_WITH_KNOTS('',3,(#5311,#5312,#5313,#5314,#5315,#5316,
#5317,#5318),.UNSPECIFIED.,.F.,.F.,(4,2,2,4),(-0.091149752716133,-0.0745724206721255,
-0.0570706217338589,0.),.UNSPECIFIED.);
#138=B_SPLINE_CURVE_WITH_KNOTS('',3,(#5322,#5323,#5324,#5325,#5326,#5327,
#5328,#5329,#5330,#5331,#5332,#5333),.UNSPECIFIED.,.F.,.F.,(4,1,1,1,1,1,
1,2,4),(0.,0.286814039196292,0.430221058794438,0.501924568593511,0.537776323493047,
0.573628078392583,0.645331588191656,0.717035097990729,1.),.UNSPECIFIED.);
#139=B_SPLINE_CURVE_WITH_KNOTS('',3,(#5350,#5351,#5352,#5353,#5354,#5355,
#5356,#5357,#5358,#5359,#5360,#5361),.UNSPECIFIED.,.F.,.F.,(4,2,1,1,1,1,
1,1,4),(0.,0.28296490200935,0.354668411808415,0.42637192160748,0.462223676507012,
0.498075431406545,0.56977894120561,0.71318596080374,1.),.UNSPECIFIED.);
#140=B_SPLINE_CURVE_WITH_KNOTS('',3,(#5412,#5413,#5414,#5415,#5416,#5417,
#5418,#5419),.UNSPECIFIED.,.F.,.F.,(4,2,2,4),(-0.451190385228121,-0.168698861206923,
-0.0820764417342801,0.),.UNSPECIFIED.);
#141=B_SPLINE_CURVE_WITH_KNOTS('',3,(#5477,#5478,#5479,#5480,#5481,#5482,
#5483,#5484),.UNSPECIFIED.,.F.,.F.,(4,2,2,4),(-0.0911569957067732,-0.0745777465472634,
-0.0570743437488475,0.),.UNSPECIFIED.);
#142=B_SPLINE_CURVE_WITH_KNOTS('',3,(#5488,#5489,#5490,#5491,#5492,#5493,
#5494,#5495,#5496,#5497,#5498,#5499),.UNSPECIFIED.,.F.,.F.,(4,1,1,1,1,1,
1,2,4),(0.,0.286814039196292,0.430221058794438,0.501924568593511,0.537776323493047,
0.573628078392583,0.645331588191656,0.717035097990729,1.),.UNSPECIFIED.);
#143=B_SPLINE_CURVE_WITH_KNOTS('',3,(#5516,#5517,#5518,#5519,#5520,#5521,
#5522,#5523,#5524,#5525,#5526,#5527),.UNSPECIFIED.,.F.,.F.,(4,2,1,1,1,1,
1,1,4),(0.,0.28296490200935,0.354668411808415,0.42637192160748,0.462223676507012,
0.498075431406545,0.56977894120561,0.71318596080374,1.),.UNSPECIFIED.);
#144=B_SPLINE_CURVE_WITH_KNOTS('',3,(#5578,#5579,#5580,#5581,#5582,#5583,
#5584,#5585),.UNSPECIFIED.,.F.,.F.,(4,2,2,4),(-0.451212777057257,-0.168703233514127,
-0.0820775767717387,0.),.UNSPECIFIED.);
#145=B_SPLINE_CURVE_WITH_KNOTS('',3,(#5643,#5644,#5645,#5646,#5647,#5648,
#5649,#5650),.UNSPECIFIED.,.F.,.F.,(4,2,2,4),(-0.0911268598306923,-0.0745555909997294,
-0.0570588599122742,0.),.UNSPECIFIED.);
#146=B_SPLINE_CURVE_WITH_KNOTS('',3,(#5654,#5655,#5656,#5657,#5658,#5659,
#5660,#5661,#5662,#5663,#5664,#5665),.UNSPECIFIED.,.F.,.F.,(4,1,1,1,1,1,
1,2,4),(0.,0.286814039196292,0.430221058794438,0.501924568593511,0.537776323493047,
0.573628078392583,0.645331588191656,0.717035097990729,1.),.UNSPECIFIED.);
#147=B_SPLINE_CURVE_WITH_KNOTS('',3,(#5682,#5683,#5684,#5685,#5686,#5687,
#5688,#5689,#5690,#5691,#5692,#5693),.UNSPECIFIED.,.F.,.F.,(4,2,1,1,1,1,
1,1,4),(0.,0.28296490200935,0.354668411808415,0.42637192160748,0.462223676507012,
0.498075431406545,0.56977894120561,0.71318596080374,1.),.UNSPECIFIED.);
#148=B_SPLINE_CURVE_WITH_KNOTS('',3,(#5744,#5745,#5746,#5747,#5748,#5749,
#5750,#5751),.UNSPECIFIED.,.F.,.F.,(4,2,2,4),(-0.451752851709111,-0.168850705821912,
-0.0821234485693965,0.),.UNSPECIFIED.);
#149=B_SPLINE_CURVE_WITH_KNOTS('',3,(#5809,#5810,#5811,#5812,#5813,#5814,
#5815,#5816),.UNSPECIFIED.,.F.,.F.,(4,2,2,4),(-0.0910718689398585,-0.0745151890327203,
-0.0570306220693115,0.),.UNSPECIFIED.);
#150=B_SPLINE_CURVE_WITH_KNOTS('',3,(#5820,#5821,#5822,#5823,#5824,#5825,
#5826,#5827,#5828,#5829,#5830,#5831),.UNSPECIFIED.,.F.,.F.,(4,1,1,1,1,1,
1,2,4),(0.,0.286814039196292,0.430221058794438,0.501924568593511,0.537776323493047,
0.573628078392583,0.645331588191656,0.717035097990729,1.),.UNSPECIFIED.);
#151=B_SPLINE_CURVE_WITH_KNOTS('',3,(#5848,#5849,#5850,#5851,#5852,#5853,
#5854,#5855,#5856,#5857,#5858,#5859),.UNSPECIFIED.,.F.,.F.,(4,2,1,1,1,1,
1,1,4),(0.,0.28296490200935,0.354668411808415,0.42637192160748,0.462223676507012,
0.498075431406545,0.56977894120561,0.71318596080374,1.),.UNSPECIFIED.);
#152=B_SPLINE_CURVE_WITH_KNOTS('',3,(#5910,#5911,#5912,#5913,#5914,#5915,
#5916,#5917),.UNSPECIFIED.,.F.,.F.,(4,2,2,4),(-0.451743365133356,-0.168848832375009,
-0.0821229624406671,0.),.UNSPECIFIED.);
#153=B_SPLINE_CURVE_WITH_KNOTS('',3,(#5975,#5976,#5977,#5978,#5979,#5980,
#5981,#5982),.UNSPECIFIED.,.F.,.F.,(4,2,2,4),(-0.0909669634739566,-0.07443657854808,
-0.0569756717615746,0.),.UNSPECIFIED.);
#154=B_SPLINE_CURVE_WITH_KNOTS('',3,(#5986,#5987,#5988,#5989,#5990,#5991,
#5992,#5993,#5994,#5995,#5996,#5997),.UNSPECIFIED.,.F.,.F.,(4,1,1,1,1,1,
1,2,4),(0.,0.286814039196292,0.430221058794438,0.501924568593511,0.537776323493047,
0.573628078392583,0.645331588191656,0.717035097990729,1.),.UNSPECIFIED.);
#155=B_SPLINE_CURVE_WITH_KNOTS('',3,(#6014,#6015,#6016,#6017,#6018,#6019,
#6020,#6021,#6022,#6023,#6024,#6025),.UNSPECIFIED.,.F.,.F.,(4,2,1,1,1,1,
1,1,4),(0.,0.28296490200935,0.354668411808415,0.42637192160748,0.462223676507012,
0.498075431406545,0.56977894120561,0.71318596080374,1.),.UNSPECIFIED.);
#156=B_SPLINE_CURVE_WITH_KNOTS('',3,(#6076,#6077,#6078,#6079,#6080,#6081,
#6082,#6083),.UNSPECIFIED.,.F.,.F.,(4,2,2,4),(-0.452307235278144,-0.168935967311306,
-0.0821439992223083,0.),.UNSPECIFIED.);
#157=B_SPLINE_CURVE_WITH_KNOTS('',3,(#6141,#6142,#6143,#6144,#6145,#6146,
#6147,#6148),.UNSPECIFIED.,.F.,.F.,(4,2,2,4),(-0.0912483604578334,-0.0746458026718925,
-0.0571219007693599,0.),.UNSPECIFIED.);
#158=B_SPLINE_CURVE_WITH_KNOTS('',3,(#6152,#6153,#6154,#6155,#6156,#6157,
#6158,#6159,#6160,#6161,#6162,#6163),.UNSPECIFIED.,.F.,.F.,(4,1,1,1,1,1,
1,2,4),(0.,0.286814039196292,0.430221058794438,0.501924568593511,0.537776323493047,
0.573628078392583,0.645331588191656,0.717035097990729,1.),.UNSPECIFIED.);
#159=B_SPLINE_CURVE_WITH_KNOTS('',3,(#6180,#6181,#6182,#6183,#6184,#6185,
#6186,#6187,#6188,#6189,#6190,#6191),.UNSPECIFIED.,.F.,.F.,(4,2,1,1,1,1,
1,1,4),(0.,0.28296490200935,0.354668411808415,0.42637192160748,0.462223676507012,
0.498075431406545,0.56977894120561,0.71318596080374,1.),.UNSPECIFIED.);
#160=B_SPLINE_CURVE_WITH_KNOTS('',3,(#6242,#6243,#6244,#6245,#6246,#6247,
#6248,#6249),.UNSPECIFIED.,.F.,.F.,(4,2,2,4),(-0.45096948555388,-0.168655907657169,
-0.0820652963709657,0.),.UNSPECIFIED.);
#161=B_SPLINE_CURVE_WITH_KNOTS('',3,(#6307,#6308,#6309,#6310,#6311,#6312,
#6313,#6314),.UNSPECIFIED.,.F.,.F.,(4,2,2,4),(-0.0910933437178489,-0.0745309623865638,
-0.0570416467468323,0.),.UNSPECIFIED.);
#162=B_SPLINE_CURVE_WITH_KNOTS('',3,(#6318,#6319,#6320,#6321,#6322,#6323,
#6324,#6325,#6326,#6327,#6328,#6329),.UNSPECIFIED.,.F.,.F.,(4,1,1,1,1,1,
1,2,4),(0.,0.286814039196292,0.430221058794438,0.501924568593511,0.537776323493047,
0.573628078392583,0.645331588191656,0.717035097990729,1.),.UNSPECIFIED.);
#163=B_SPLINE_CURVE_WITH_KNOTS('',3,(#6346,#6347,#6348,#6349,#6350,#6351,
#6352,#6353,#6354,#6355,#6356,#6357),.UNSPECIFIED.,.F.,.F.,(4,2,1,1,1,1,
1,1,4),(0.,0.28296490200935,0.354668411808415,0.42637192160748,0.462223676507012,
0.498075431406545,0.56977894120561,0.71318596080374,1.),.UNSPECIFIED.);
#164=B_SPLINE_CURVE_WITH_KNOTS('',3,(#6408,#6409,#6410,#6411,#6412,#6413,
#6414,#6415),.UNSPECIFIED.,.F.,.F.,(4,2,2,4),(-0.451811524107943,-0.168862306627026,
-0.0821264591888658,0.),.UNSPECIFIED.);
#165=B_SPLINE_CURVE_WITH_KNOTS('',3,(#6473,#6474,#6475,#6476,#6477,#6478,
#6479,#6480),.UNSPECIFIED.,.F.,.F.,(4,2,2,4),(-0.0907901324511157,-0.0743086674357582,
-0.0568900720351507,0.),.UNSPECIFIED.);
#166=B_SPLINE_CURVE_WITH_KNOTS('',3,(#6484,#6485,#6486,#6487,#6488,#6489,
#6490,#6491,#6492,#6493,#6494,#6495),.UNSPECIFIED.,.F.,.F.,(4,1,1,1,1,1,
1,2,4),(0.,0.286814039196292,0.430221058794438,0.501924568593511,0.537776323493047,
0.573628078392583,0.645331588191656,0.717035097990729,1.),.UNSPECIFIED.);
#167=B_SPLINE_CURVE_WITH_KNOTS('',3,(#6512,#6513,#6514,#6515,#6516,#6517,
#6518,#6519,#6520,#6521,#6522,#6523),.UNSPECIFIED.,.F.,.F.,(4,2,1,1,1,1,
1,1,4),(0.,0.28296490200935,0.354668411808415,0.42637192160748,0.462223676507012,
0.498075431406545,0.56977894120561,0.71318596080374,1.),.UNSPECIFIED.);
#168=B_SPLINE_CURVE_WITH_KNOTS('',3,(#6574,#6575,#6576,#6577,#6578,#6579,
#6580,#6581),.UNSPECIFIED.,.F.,.F.,(4,2,2,4),(-0.452914830470156,-0.16905208857932,
-0.0821741412395075,0.),.UNSPECIFIED.);
#169=B_SPLINE_CURVE_WITH_KNOTS('',3,(#6639,#6640,#6641,#6642,#6643,#6644,
#6645,#6646),.UNSPECIFIED.,.F.,.F.,(4,2,2,4),(-0.0903862678523144,-0.0740117575193899,
-0.0566823888256353,0.),.UNSPECIFIED.);
#170=B_SPLINE_CURVE_WITH_KNOTS('',3,(#6650,#6651,#6652,#6653,#6654,#6655,
#6656,#6657,#6658,#6659,#6660,#6661),.UNSPECIFIED.,.F.,.F.,(4,1,1,1,1,1,
1,2,4),(0.,0.286814039196292,0.430221058794438,0.501924568593511,0.537776323493047,
0.573628078392583,0.645331588191656,0.717035097990729,1.),.UNSPECIFIED.);
#171=B_SPLINE_CURVE_WITH_KNOTS('',3,(#6678,#6679,#6680,#6681,#6682,#6683,
#6684,#6685,#6686,#6687,#6688,#6689),.UNSPECIFIED.,.F.,.F.,(4,2,1,1,1,1,
1,1,4),(0.,0.28296490200935,0.354668411808415,0.42637192160748,0.462223676507012,
0.498075431406545,0.56977894120561,0.71318596080374,1.),.UNSPECIFIED.);
#172=B_SPLINE_CURVE_WITH_KNOTS('',3,(#6740,#6741,#6742,#6743,#6744,#6745,
#6746,#6747),.UNSPECIFIED.,.F.,.F.,(4,2,2,4),(-0.599012610299588,-0.210254519978195,
-0.0915054789391471,0.),.UNSPECIFIED.);
#173=B_SPLINE_CURVE_WITH_KNOTS('',3,(#6805,#6806,#6807,#6808,#6809,#6810,
#6811,#6812,#6813,#6814,#6815,#6816),.UNSPECIFIED.,.F.,.F.,(4,2,1,1,1,1,
1,1,4),(0.,0.28296490200935,0.354668411808415,0.42637192160748,0.462223676507012,
0.498075431406545,0.56977894120561,0.71318596080374,1.),.UNSPECIFIED.);
#174=B_SPLINE_CURVE_WITH_KNOTS('',3,(#6820,#6821,#6822,#6823,#6824,#6825,
#6826,#6827),.UNSPECIFIED.,.F.,.F.,(4,2,2,4),(-0.600103242733273,-0.210478232392631,
-0.0915434628827862,0.),.UNSPECIFIED.);
#175=B_SPLINE_CURVE_WITH_KNOTS('',3,(#6891,#6892,#6893,#6894,#6895,#6896,
#6897,#6898),.UNSPECIFIED.,.F.,.F.,(4,2,2,4),(-0.087171206142091,-0.0738597405697375,
-0.0565798510313559,0.),.UNSPECIFIED.);
#176=B_SPLINE_CURVE_WITH_KNOTS('',3,(#6901,#6902,#6903,#6904,#6905,#6906,
#6907,#6908,#6909,#6910,#6911,#6912),.UNSPECIFIED.,.F.,.F.,(4,1,1,1,1,1,
1,2,4),(0.,0.286814039196292,0.430221058794438,0.501924568593511,0.537776323493047,
0.573628078392583,0.645331588191656,0.717035097990729,1.),.UNSPECIFIED.);
#177=B_SPLINE_CURVE_WITH_KNOTS('',3,(#6971,#6972,#6973,#6974,#6975,#6976,
#6977,#6978,#6979,#6980,#6981,#6982),.UNSPECIFIED.,.F.,.F.,(4,2,1,1,1,1,
1,1,4),(0.,0.28296490200935,0.354668411808415,0.42637192160748,0.462223676507012,
0.498075431406545,0.56977894120561,0.71318596080374,1.),.UNSPECIFIED.);
#178=B_SPLINE_CURVE_WITH_KNOTS('',3,(#6986,#6987,#6988,#6989,#6990,#6991,
#6992,#6993),.UNSPECIFIED.,.F.,.F.,(4,2,2,4),(-0.597754335650053,-0.210029501387233,
-0.0914687724374631,0.),.UNSPECIFIED.);
#179=B_SPLINE_CURVE_WITH_KNOTS('',3,(#6999,#7000,#7001,#7002,#7003,#7004,
#7005,#7006,#7007,#7008,#7009,#7010),.UNSPECIFIED.,.F.,.F.,(4,1,1,1,1,1,
1,2,4),(0.,0.286814039196292,0.430221058794438,0.501924568593511,0.537776323493047,
0.573628078392583,0.645331588191656,0.717035097990729,1.),.UNSPECIFIED.);
#180=B_SPLINE_CURVE_WITH_KNOTS('',3,(#7072,#7073,#7074,#7075,#7076,#7077,
#7078,#7079),.UNSPECIFIED.,.F.,.F.,(4,2,2,4),(-0.0905949238197954,-0.0741649033553416,
-0.0567895217429118,0.),.UNSPECIFIED.);
#181=B_SPLINE_CURVE_WITH_KNOTS('',3,(#7171,#7172,#7173,#7174,#7175,#7176,
#7177,#7178,#7179,#7180,#7181,#7182),.UNSPECIFIED.,.F.,.F.,(4,2,1,1,1,1,
1,1,4),(0.,0.28296490200935,0.354668411808415,0.42637192160748,0.462223676507012,
0.498075431406545,0.56977894120561,0.71318596080374,1.),.UNSPECIFIED.);
#182=B_SPLINE_CURVE_WITH_KNOTS('',3,(#7186,#7187,#7188,#7189,#7190,#7191,
#7192,#7193),.UNSPECIFIED.,.F.,.F.,(4,2,2,4),(-0.454037306223137,-0.16927210278052,
-0.0822315323962939,0.),.UNSPECIFIED.);
#183=B_SPLINE_CURVE_WITH_KNOTS('',3,(#7199,#7200,#7201,#7202,#7203,#7204,
#7205,#7206,#7207,#7208,#7209,#7210),.UNSPECIFIED.,.F.,.F.,(4,1,1,1,1,1,
1,2,4),(0.,0.286814039196292,0.430221058794438,0.501924568593511,0.537776323493047,
0.573628078392583,0.645331588191656,0.717035097990729,1.),.UNSPECIFIED.);
#184=B_SPLINE_CURVE_WITH_KNOTS('',3,(#7269,#7270,#7271,#7272,#7273,#7274,
#7275,#7276),.UNSPECIFIED.,.F.,.F.,(4,2,2,4),(-0.090238400266697,-0.0739073408408881,
-0.0566131503608297,0.),.UNSPECIFIED.);
#185=B_SPLINE_CURVE_WITH_KNOTS('',3,(#7332,#7333,#7334,#7335,#7336,#7337,
#7338,#7339,#7340,#7341,#7342,#7343),.UNSPECIFIED.,.F.,.F.,(4,2,1,1,1,1,
1,1,4),(0.,0.28296490200935,0.354668411808415,0.42637192160748,0.462223676507012,
0.498075431406545,0.56977894120561,0.71318596080374,1.),.UNSPECIFIED.);
#186=B_SPLINE_CURVE_WITH_KNOTS('',3,(#7347,#7348,#7349,#7350,#7351,#7352,
#7353,#7354),.UNSPECIFIED.,.F.,.F.,(4,2,2,4),(-0.453426606234871,-0.169155660112232,
-0.0822011671324399,0.),.UNSPECIFIED.);
#187=B_SPLINE_CURVE_WITH_KNOTS('',3,(#7360,#7361,#7362,#7363,#7364,#7365,
#7366,#7367,#7368,#7369,#7370,#7371),.UNSPECIFIED.,.F.,.F.,(4,1,1,1,1,1,
1,2,4),(0.,0.286814039196292,0.430221058794438,0.501924568593511,0.537776323493047,
0.573628078392583,0.645331588191656,0.717035097990729,1.),.UNSPECIFIED.);
#188=B_SPLINE_CURVE_WITH_KNOTS('',3,(#7430,#7431,#7432,#7433,#7434,#7435,
#7436,#7437),.UNSPECIFIED.,.F.,.F.,(4,2,2,4),(-0.0904420108931228,-0.0740526715029774,
-0.0567110112392478,0.),.UNSPECIFIED.);
#189=B_SPLINE_CURVE_WITH_KNOTS('',3,(#7493,#7494,#7495,#7496,#7497,#7498,
#7499,#7500,#7501,#7502,#7503,#7504),.UNSPECIFIED.,.F.,.F.,(4,2,1,1,1,1,
1,1,4),(0.,0.28296490200935,0.354668411808415,0.42637192160748,0.462223676507012,
0.498075431406545,0.56977894120561,0.71318596080374,1.),.UNSPECIFIED.);
#190=B_SPLINE_CURVE_WITH_KNOTS('',3,(#7508,#7509,#7510,#7511,#7512,#7513,
#7514,#7515),.UNSPECIFIED.,.F.,.F.,(4,2,2,4),(-0.593795618904017,-0.209281744977582,
-0.0913356751451745,0.),.UNSPECIFIED.);
#191=B_SPLINE_CURVE_WITH_KNOTS('',3,(#7521,#7522,#7523,#7524,#7525,#7526,
#7527,#7528,#7529,#7530,#7531,#7532),.UNSPECIFIED.,.F.,.F.,(4,1,1,1,1,1,
1,2,4),(0.,0.286814039196292,0.430221058794438,0.501924568593511,0.537776323493047,
0.573628078392583,0.645331588191656,0.717035097990729,1.),.UNSPECIFIED.);
#192=B_SPLINE_CURVE_WITH_KNOTS('',3,(#7591,#7592,#7593,#7594,#7595,#7596,
#7597,#7598),.UNSPECIFIED.,.F.,.F.,(4,2,2,4),(-0.0912279118177061,-0.0746307481941374,
-0.0571113815347303,0.),.UNSPECIFIED.);
#193=B_SPLINE_CURVE_WITH_KNOTS('',3,(#7654,#7655,#7656,#7657,#7658,#7659,
#7660,#7661,#7662,#7663,#7664,#7665),.UNSPECIFIED.,.F.,.F.,(4,2,1,1,1,1,
1,1,4),(0.,0.28296490200935,0.354668411808415,0.42637192160748,0.462223676507012,
0.498075431406545,0.56977894120561,0.71318596080374,1.),.UNSPECIFIED.);
#194=B_SPLINE_CURVE_WITH_KNOTS('',3,(#7669,#7670,#7671,#7672,#7673,#7674,
#7675,#7676),.UNSPECIFIED.,.F.,.F.,(4,2,2,4),(-0.45168164822656,-0.168840952639437,
-0.0821209940213226,0.),.UNSPECIFIED.);
#195=B_SPLINE_CURVE_WITH_KNOTS('',3,(#7682,#7683,#7684,#7685,#7686,#7687,
#7688,#7689,#7690,#7691,#7692,#7693),.UNSPECIFIED.,.F.,.F.,(4,1,1,1,1,1,
1,2,4),(0.,0.286814039196292,0.430221058794438,0.501924568593511,0.537776323493047,
0.573628078392583,0.645331588191656,0.717035097990729,1.),.UNSPECIFIED.);
#196=B_SPLINE_CURVE_WITH_KNOTS('',3,(#7752,#7753,#7754,#7755,#7756,#7757,
#7758,#7759),.UNSPECIFIED.,.F.,.F.,(4,2,2,4),(-0.0910903484915966,-0.0745287620439871,
-0.0570401088572401,0.),.UNSPECIFIED.);
#197=B_SPLINE_CURVE_WITH_KNOTS('',3,(#7815,#7816,#7817,#7818,#7819,#7820,
#7821,#7822,#7823,#7824,#7825,#7826),.UNSPECIFIED.,.F.,.F.,(4,2,1,1,1,1,
1,1,4),(0.,0.28296490200935,0.354668411808415,0.42637192160748,0.462223676507012,
0.498075431406545,0.56977894120561,0.71318596080374,1.),.UNSPECIFIED.);
#198=B_SPLINE_CURVE_WITH_KNOTS('',3,(#7830,#7831,#7832,#7833,#7834,#7835,
#7836,#7837),.UNSPECIFIED.,.F.,.F.,(4,2,2,4),(-0.452219705780348,-0.168922506526287,
-0.0821405643258813,0.),.UNSPECIFIED.);
#199=B_SPLINE_CURVE_WITH_KNOTS('',3,(#7843,#7844,#7845,#7846,#7847,#7848,
#7849,#7850,#7851,#7852,#7853,#7854),.UNSPECIFIED.,.F.,.F.,(4,1,1,1,1,1,
1,2,4),(0.,0.286814039196292,0.430221058794438,0.501924568593511,0.537776323493047,
0.573628078392583,0.645331588191656,0.717035097990729,1.),.UNSPECIFIED.);
#200=B_SPLINE_CURVE_WITH_KNOTS('',3,(#7913,#7914,#7915,#7916,#7917,#7918,
#7919,#7920),.UNSPECIFIED.,.F.,.F.,(4,2,2,4),(-0.0908961737202219,-0.0743847311623027,
-0.0569394241002942,0.),.UNSPECIFIED.);
#201=B_SPLINE_CURVE_WITH_KNOTS('',3,(#7976,#7977,#7978,#7979,#7980,#7981,
#7982,#7983,#7984,#7985,#7986,#7987),.UNSPECIFIED.,.F.,.F.,(4,2,1,1,1,1,
1,1,4),(0.,0.28296490200935,0.354668411808415,0.42637192160748,0.462223676507012,
0.498075431406545,0.56977894120561,0.71318596080374,1.),.UNSPECIFIED.);
#202=B_SPLINE_CURVE_WITH_KNOTS('',3,(#7991,#7992,#7993,#7994,#7995,#7996,
#7997,#7998),.UNSPECIFIED.,.F.,.F.,(4,2,2,4),(-0.45277068951021,-0.169026223407732,
-0.0821674445107183,0.),.UNSPECIFIED.);
#203=B_SPLINE_CURVE_WITH_KNOTS('',3,(#8004,#8005,#8006,#8007,#8008,#8009,
#8010,#8011,#8012,#8013,#8014,#8015),.UNSPECIFIED.,.F.,.F.,(4,1,1,1,1,1,
1,2,4),(0.,0.286814039196292,0.430221058794438,0.501924568593511,0.537776323493047,
0.573628078392583,0.645331588191656,0.717035097990729,1.),.UNSPECIFIED.);
#204=B_SPLINE_CURVE_WITH_KNOTS('',3,(#8074,#8075,#8076,#8077,#8078,#8079,
#8080,#8081),.UNSPECIFIED.,.F.,.F.,(4,2,2,4),(-0.0906498172967741,-0.0742055934407837,
-0.0568179829781565,0.),.UNSPECIFIED.);
#205=B_SPLINE_CURVE_WITH_KNOTS('',3,(#8137,#8138,#8139,#8140,#8141,#8142,
#8143,#8144,#8145,#8146,#8147,#8148),.UNSPECIFIED.,.F.,.F.,(4,2,1,1,1,1,
1,1,4),(0.,0.28296490200935,0.354668411808415,0.42637192160748,0.462223676507012,
0.498075431406545,0.56977894120561,0.71318596080374,1.),.UNSPECIFIED.);
#206=B_SPLINE_CURVE_WITH_KNOTS('',3,(#8152,#8153,#8154,#8155,#8156,#8157,
#8158,#8159),.UNSPECIFIED.,.F.,.F.,(4,2,2,4),(-0.454818463262721,-0.169419537003814,
-0.0822689116982317,0.),.UNSPECIFIED.);
#207=B_SPLINE_CURVE_WITH_KNOTS('',3,(#8165,#8166,#8167,#8168,#8169,#8170,
#8171,#8172,#8173,#8174,#8175,#8176),.UNSPECIFIED.,.F.,.F.,(4,1,1,1,1,1,
1,2,4),(0.,0.286814039196292,0.430221058794438,0.501924568593511,0.537776323493047,
0.573628078392583,0.645331588191656,0.717035097990729,1.),.UNSPECIFIED.);
#208=B_SPLINE_CURVE_WITH_KNOTS('',3,(#8235,#8236,#8237,#8238,#8239,#8240,
#8241,#8242),.UNSPECIFIED.,.F.,.F.,(4,2,2,4),(-0.0900885061803148,-0.0737989290484698,
-0.0565373177912322,0.),.UNSPECIFIED.);
#209=CYLINDRICAL_SURFACE('',#3447,4.15);
#210=CYLINDRICAL_SURFACE('',#3453,3.);
#211=CYLINDRICAL_SURFACE('',#3454,3.);
#212=CYLINDRICAL_SURFACE('',#3455,9.39965903534405);
#213=CYLINDRICAL_SURFACE('',#3469,12.);
#214=CYLINDRICAL_SURFACE('',#3530,12.);
#215=CYLINDRICAL_SURFACE('',#3538,12.);
#216=CYLINDRICAL_SURFACE('',#3546,12.);
#217=CYLINDRICAL_SURFACE('',#3554,12.);
#218=CYLINDRICAL_SURFACE('',#3562,12.);
#219=CYLINDRICAL_SURFACE('',#3570,12.);
#220=CYLINDRICAL_SURFACE('',#3578,12.);
#221=CYLINDRICAL_SURFACE('',#3586,12.);
#222=CYLINDRICAL_SURFACE('',#3594,12.);
#223=CYLINDRICAL_SURFACE('',#3602,12.);
#224=CYLINDRICAL_SURFACE('',#3610,12.);
#225=CYLINDRICAL_SURFACE('',#3618,12.);
#226=CYLINDRICAL_SURFACE('',#3627,12.);
#227=CYLINDRICAL_SURFACE('',#3635,12.);
#228=CYLINDRICAL_SURFACE('',#3643,12.);
#229=CYLINDRICAL_SURFACE('',#3651,12.);
#230=CYLINDRICAL_SURFACE('',#3659,12.);
#231=CYLINDRICAL_SURFACE('',#3667,12.);
#232=CYLINDRICAL_SURFACE('',#3675,12.);
#233=CYLINDRICAL_SURFACE('',#3676,5.);
#234=CIRCLE('',#3446,4.15);
#235=CIRCLE('',#3448,4.15);
#236=CIRCLE('',#3449,4.15);
#237=CIRCLE('',#3450,4.15);
#238=CIRCLE('',#3452,5.);
#239=CIRCLE('',#3456,9.39965903534405);
#240=CIRCLE('',#3457,9.39965903534405);
#241=CIRCLE('',#3458,9.39965903534405);
#242=CIRCLE('',#3460,5.);
#243=CIRCLE('',#3466,13.2000000000031);
#244=CIRCLE('',#3468,6.63417121361724);
#245=CIRCLE('',#3471,10.7020222067073);
#246=CIRCLE('',#3473,5.44952216910286);
#247=CIRCLE('',#3475,5.44952216910286);
#248=CIRCLE('',#3477,5.44952216910286);
#249=CIRCLE('',#3479,5.44952216910286);
#250=CIRCLE('',#3483,5.44952216910286);
#251=CIRCLE('',#3487,5.44952216910286);
#252=CIRCLE('',#3491,5.44952216910286);
#253=CIRCLE('',#3493,5.44952216910286);
#254=CIRCLE('',#3497,5.44952216910286);
#255=CIRCLE('',#3501,5.44952216910286);
#256=CIRCLE('',#3505,5.44952216910286);
#257=CIRCLE('',#3507,5.44952216910286);
#258=CIRCLE('',#3509,5.44952216910286);
#259=CIRCLE('',#3511,5.44952216910286);
#260=CIRCLE('',#3513,5.44952216910286);
#261=CIRCLE('',#3515,5.44952216910286);
#262=CIRCLE('',#3517,5.44952216910286);
#263=CIRCLE('',#3518,5.44952216910286);
#264=CIRCLE('',#3520,5.44952216910286);
#265=CIRCLE('',#3522,5.44952216910286);
#266=CIRCLE('',#3527,13.2000000000031);
#267=CIRCLE('',#3529,6.63417121362296);
#268=CIRCLE('',#3535,13.2000000000031);
#269=CIRCLE('',#3537,6.63417121361449);
#270=CIRCLE('',#3543,13.2000000000031);
#271=CIRCLE('',#3545,6.63417121360521);
#272=CIRCLE('',#3551,13.2000000000031);
#273=CIRCLE('',#3553,6.63417121357959);
#274=CIRCLE('',#3559,13.2000000000031);
#275=CIRCLE('',#3561,6.63417121358032);
#276=CIRCLE('',#3567,13.2000000000031);
#277=CIRCLE('',#3569,6.6341712135861);
#278=CIRCLE('',#3575,13.2000000000031);
#279=CIRCLE('',#3577,6.63417121358972);
#280=CIRCLE('',#3583,13.2000000000031);
#281=CIRCLE('',#3585,6.63417121359625);
#282=CIRCLE('',#3591,13.2000000000031);
#283=CIRCLE('',#3593,6.63417121360816);
#284=CIRCLE('',#3599,13.2000000000031);
#285=CIRCLE('',#3601,6.63417121363322);
#286=CIRCLE('',#3607,13.2000000000031);
#287=CIRCLE('',#3609,6.63417121359576);
#288=CIRCLE('',#3612,13.2000000000031);
#289=CIRCLE('',#3617,6.63417121362243);
#290=CIRCLE('',#3621,13.2000000000031);
#291=CIRCLE('',#3626,6.63417121358942);
#292=CIRCLE('',#3629,13.2000000000031);
#293=CIRCLE('',#3634,6.63417121361985);
#294=CIRCLE('',#3637,13.2000000000031);
#295=CIRCLE('',#3642,6.63417121360031);
#296=CIRCLE('',#3645,13.2000000000031);
#297=CIRCLE('',#3650,6.63417121358709);
#298=CIRCLE('',#3653,13.2000000000031);
#299=CIRCLE('',#3658,6.6341712135997);
#300=CIRCLE('',#3661,13.2000000000031);
#301=CIRCLE('',#3666,6.63417121361141);
#302=CIRCLE('',#3669,13.2000000000031);
#303=CIRCLE('',#3674,6.63417121358358);
#304=FACE_OUTER_BOUND('',#476,.T.);
#305=FACE_OUTER_BOUND('',#477,.T.);
#306=FACE_OUTER_BOUND('',#478,.T.);
#307=FACE_OUTER_BOUND('',#480,.T.);
#308=FACE_OUTER_BOUND('',#482,.T.);
#309=FACE_OUTER_BOUND('',#483,.T.);
#310=FACE_OUTER_BOUND('',#484,.T.);
#311=FACE_OUTER_BOUND('',#487,.T.);
#312=FACE_OUTER_BOUND('',#489,.T.);
#313=FACE_OUTER_BOUND('',#490,.T.);
#314=FACE_OUTER_BOUND('',#491,.T.);
#315=FACE_OUTER_BOUND('',#492,.T.);
#316=FACE_OUTER_BOUND('',#493,.T.);
#317=FACE_OUTER_BOUND('',#494,.T.);
#318=FACE_OUTER_BOUND('',#495,.T.);
#319=FACE_OUTER_BOUND('',#496,.T.);
#320=FACE_OUTER_BOUND('',#497,.T.);
#321=FACE_OUTER_BOUND('',#498,.T.);
#322=FACE_OUTER_BOUND('',#499,.T.);
#323=FACE_OUTER_BOUND('',#500,.T.);
#324=FACE_OUTER_BOUND('',#501,.T.);
#325=FACE_OUTER_BOUND('',#502,.T.);
#326=FACE_OUTER_BOUND('',#503,.T.);
#327=FACE_OUTER_BOUND('',#504,.T.);
#328=FACE_OUTER_BOUND('',#505,.T.);
#329=FACE_OUTER_BOUND('',#506,.T.);
#330=FACE_OUTER_BOUND('',#507,.T.);
#331=FACE_OUTER_BOUND('',#508,.T.);
#332=FACE_OUTER_BOUND('',#509,.T.);
#333=FACE_OUTER_BOUND('',#510,.T.);
#334=FACE_OUTER_BOUND('',#511,.T.);
#335=FACE_OUTER_BOUND('',#512,.T.);
#336=FACE_OUTER_BOUND('',#513,.T.);
#337=FACE_OUTER_BOUND('',#514,.T.);
#338=FACE_OUTER_BOUND('',#515,.T.);
#339=FACE_OUTER_BOUND('',#516,.T.);
#340=FACE_OUTER_BOUND('',#517,.T.);
#341=FACE_OUTER_BOUND('',#518,.T.);
#342=FACE_OUTER_BOUND('',#519,.T.);
#343=FACE_OUTER_BOUND('',#520,.T.);
#344=FACE_OUTER_BOUND('',#521,.T.);
#345=FACE_OUTER_BOUND('',#522,.T.);
#346=FACE_OUTER_BOUND('',#523,.T.);
#347=FACE_OUTER_BOUND('',#524,.T.);
#348=FACE_OUTER_BOUND('',#525,.T.);
#349=FACE_OUTER_BOUND('',#526,.T.);
#350=FACE_OUTER_BOUND('',#527,.T.);
#351=FACE_OUTER_BOUND('',#528,.T.);
#352=FACE_OUTER_BOUND('',#529,.T.);
#353=FACE_OUTER_BOUND('',#530,.T.);
#354=FACE_OUTER_BOUND('',#531,.T.);
#355=FACE_OUTER_BOUND('',#532,.T.);
#356=FACE_OUTER_BOUND('',#533,.T.);
#357=FACE_OUTER_BOUND('',#534,.T.);
#358=FACE_OUTER_BOUND('',#535,.T.);
#359=FACE_OUTER_BOUND('',#536,.T.);
#360=FACE_OUTER_BOUND('',#537,.T.);
#361=FACE_OUTER_BOUND('',#538,.T.);
#362=FACE_OUTER_BOUND('',#539,.T.);
#363=FACE_OUTER_BOUND('',#540,.T.);
#364=FACE_OUTER_BOUND('',#541,.T.);
#365=FACE_OUTER_BOUND('',#542,.T.);
#366=FACE_OUTER_BOUND('',#543,.T.);
#367=FACE_OUTER_BOUND('',#544,.T.);
#368=FACE_OUTER_BOUND('',#545,.T.);
#369=FACE_OUTER_BOUND('',#546,.T.);
#370=FACE_OUTER_BOUND('',#547,.T.);
#371=FACE_OUTER_BOUND('',#548,.T.);
#372=FACE_OUTER_BOUND('',#549,.T.);
#373=FACE_OUTER_BOUND('',#550,.T.);
#374=FACE_OUTER_BOUND('',#551,.T.);
#375=FACE_OUTER_BOUND('',#552,.T.);
#376=FACE_OUTER_BOUND('',#553,.T.);
#377=FACE_OUTER_BOUND('',#554,.T.);
#378=FACE_OUTER_BOUND('',#555,.T.);
#379=FACE_OUTER_BOUND('',#556,.T.);
#380=FACE_OUTER_BOUND('',#557,.T.);
#381=FACE_OUTER_BOUND('',#558,.T.);
#382=FACE_OUTER_BOUND('',#559,.T.);
#383=FACE_OUTER_BOUND('',#560,.T.);
#384=FACE_OUTER_BOUND('',#561,.T.);
#385=FACE_OUTER_BOUND('',#562,.T.);
#386=FACE_OUTER_BOUND('',#563,.T.);
#387=FACE_OUTER_BOUND('',#564,.T.);
#388=FACE_OUTER_BOUND('',#565,.T.);
#389=FACE_OUTER_BOUND('',#566,.T.);
#390=FACE_OUTER_BOUND('',#567,.T.);
#391=FACE_OUTER_BOUND('',#568,.T.);
#392=FACE_OUTER_BOUND('',#569,.T.);
#393=FACE_OUTER_BOUND('',#570,.T.);
#394=FACE_OUTER_BOUND('',#571,.T.);
#395=FACE_OUTER_BOUND('',#572,.T.);
#396=FACE_OUTER_BOUND('',#573,.T.);
#397=FACE_OUTER_BOUND('',#574,.T.);
#398=FACE_OUTER_BOUND('',#575,.T.);
#399=FACE_OUTER_BOUND('',#576,.T.);
#400=FACE_OUTER_BOUND('',#577,.T.);
#401=FACE_OUTER_BOUND('',#578,.T.);
#402=FACE_OUTER_BOUND('',#579,.T.);
#403=FACE_OUTER_BOUND('',#580,.T.);
#404=FACE_OUTER_BOUND('',#581,.T.);
#405=FACE_OUTER_BOUND('',#582,.T.);
#406=FACE_OUTER_BOUND('',#583,.T.);
#407=FACE_OUTER_BOUND('',#584,.T.);
#408=FACE_OUTER_BOUND('',#585,.T.);
#409=FACE_OUTER_BOUND('',#586,.T.);
#410=FACE_OUTER_BOUND('',#587,.T.);
#411=FACE_OUTER_BOUND('',#588,.T.);
#412=FACE_OUTER_BOUND('',#589,.T.);
#413=FACE_OUTER_BOUND('',#590,.T.);
#414=FACE_OUTER_BOUND('',#591,.T.);
#415=FACE_OUTER_BOUND('',#592,.T.);
#416=FACE_OUTER_BOUND('',#593,.T.);
#417=FACE_OUTER_BOUND('',#594,.T.);
#418=FACE_OUTER_BOUND('',#596,.T.);
#419=FACE_OUTER_BOUND('',#597,.T.);
#420=FACE_OUTER_BOUND('',#598,.T.);
#421=FACE_OUTER_BOUND('',#599,.T.);
#422=FACE_OUTER_BOUND('',#600,.T.);
#423=FACE_OUTER_BOUND('',#601,.T.);
#424=FACE_OUTER_BOUND('',#602,.T.);
#425=FACE_OUTER_BOUND('',#603,.T.);
#426=FACE_OUTER_BOUND('',#604,.T.);
#427=FACE_OUTER_BOUND('',#605,.T.);
#428=FACE_OUTER_BOUND('',#606,.T.);
#429=FACE_OUTER_BOUND('',#607,.T.);
#430=FACE_OUTER_BOUND('',#608,.T.);
#431=FACE_OUTER_BOUND('',#609,.T.);
#432=FACE_OUTER_BOUND('',#610,.T.);
#433=FACE_OUTER_BOUND('',#611,.T.);
#434=FACE_OUTER_BOUND('',#612,.T.);
#435=FACE_OUTER_BOUND('',#613,.T.);
#436=FACE_OUTER_BOUND('',#614,.T.);
#437=FACE_OUTER_BOUND('',#615,.T.);
#438=FACE_OUTER_BOUND('',#616,.T.);
#439=FACE_OUTER_BOUND('',#617,.T.);
#440=FACE_OUTER_BOUND('',#618,.T.);
#441=FACE_OUTER_BOUND('',#619,.T.);
#442=FACE_OUTER_BOUND('',#620,.T.);
#443=FACE_OUTER_BOUND('',#621,.T.);
#444=FACE_OUTER_BOUND('',#622,.T.);
#445=FACE_OUTER_BOUND('',#623,.T.);
#446=FACE_OUTER_BOUND('',#624,.T.);
#447=FACE_OUTER_BOUND('',#625,.T.);
#448=FACE_OUTER_BOUND('',#626,.T.);
#449=FACE_OUTER_BOUND('',#627,.T.);
#450=FACE_OUTER_BOUND('',#628,.T.);
#451=FACE_OUTER_BOUND('',#629,.T.);
#452=FACE_OUTER_BOUND('',#630,.T.);
#453=FACE_OUTER_BOUND('',#631,.T.);
#454=FACE_OUTER_BOUND('',#632,.T.);
#455=FACE_OUTER_BOUND('',#633,.T.);
#456=FACE_OUTER_BOUND('',#634,.T.);
#457=FACE_OUTER_BOUND('',#635,.T.);
#458=FACE_OUTER_BOUND('',#636,.T.);
#459=FACE_OUTER_BOUND('',#637,.T.);
#460=FACE_OUTER_BOUND('',#638,.T.);
#461=FACE_OUTER_BOUND('',#639,.T.);
#462=FACE_OUTER_BOUND('',#640,.T.);
#463=FACE_OUTER_BOUND('',#641,.T.);
#464=FACE_OUTER_BOUND('',#642,.T.);
#465=FACE_OUTER_BOUND('',#643,.T.);
#466=FACE_OUTER_BOUND('',#644,.T.);
#467=FACE_OUTER_BOUND('',#645,.T.);
#468=FACE_OUTER_BOUND('',#646,.T.);
#469=FACE_OUTER_BOUND('',#647,.T.);
#470=FACE_OUTER_BOUND('',#648,.T.);
#471=FACE_OUTER_BOUND('',#649,.T.);
#472=FACE_OUTER_BOUND('',#650,.T.);
#473=FACE_OUTER_BOUND('',#651,.T.);
#474=FACE_OUTER_BOUND('',#652,.T.);
#475=FACE_OUTER_BOUND('',#653,.T.);
#476=EDGE_LOOP('',(#2148,#2149,#2150,#2151));
#477=EDGE_LOOP('',(#2152,#2153));
#478=EDGE_LOOP('',(#2154,#2155,#2156,#2157,#2158,#2159,#2160,#2161,#2162,
#2163,#2164,#2165,#2166,#2167));
#479=EDGE_LOOP('',(#2168,#2169));
#480=EDGE_LOOP('',(#2170));
#481=EDGE_LOOP('',(#2171));
#482=EDGE_LOOP('',(#2172,#2173,#2174,#2175,#2176,#2177,#2178,#2179));
#483=EDGE_LOOP('',(#2180,#2181,#2182,#2183,#2184,#2185));
#484=EDGE_LOOP('',(#2186,#2187,#2188,#2189,#2190));
#485=EDGE_LOOP('',(#2191,#2192));
#486=EDGE_LOOP('',(#2193,#2194));
#487=EDGE_LOOP('',(#2195));
#488=EDGE_LOOP('',(#2196));
#489=EDGE_LOOP('',(#2197,#2198,#2199,#2200,#2201,#2202,#2203));
#490=EDGE_LOOP('',(#2204,#2205,#2206,#2207));
#491=EDGE_LOOP('',(#2208,#2209,#2210));
#492=EDGE_LOOP('',(#2211,#2212,#2213));
#493=EDGE_LOOP('',(#2214,#2215,#2216,#2217,#2218,#2219));
#494=EDGE_LOOP('',(#2220,#2221,#2222,#2223,#2224,#2225,#2226));
#495=EDGE_LOOP('',(#2227,#2228,#2229,#2230));
#496=EDGE_LOOP('',(#2231,#2232,#2233,#2234));
#497=EDGE_LOOP('',(#2235,#2236,#2237,#2238,#2239,#2240,#2241,#2242,#2243,
#2244,#2245,#2246,#2247,#2248,#2249,#2250,#2251,#2252,#2253,#2254,#2255,
#2256,#2257,#2258,#2259,#2260,#2261,#2262,#2263,#2264,#2265,#2266,#2267,
#2268,#2269,#2270,#2271,#2272,#2273,#2274,#2275,#2276,#2277,#2278,#2279,
#2280,#2281,#2282,#2283,#2284,#2285,#2286,#2287,#2288,#2289,#2290,#2291,
#2292,#2293,#2294,#2295,#2296,#2297,#2298,#2299,#2300,#2301,#2302,#2303,
#2304,#2305,#2306,#2307,#2308,#2309,#2310,#2311,#2312,#2313,#2314,#2315,
#2316,#2317,#2318,#2319,#2320,#2321,#2322,#2323,#2324,#2325,#2326,#2327,
#2328,#2329,#2330,#2331,#2332,#2333,#2334,#2335,#2336,#2337,#2338,#2339,
#2340,#2341,#2342,#2343,#2344,#2345,#2346,#2347,#2348,#2349,#2350,#2351,
#2352,#2353,#2354,#2355,#2356,#2357));
#498=EDGE_LOOP('',(#2358,#2359,#2360,#2361,#2362,#2363,#2364));
#499=EDGE_LOOP('',(#2365,#2366,#2367,#2368));
#500=EDGE_LOOP('',(#2369,#2370,#2371));
#501=EDGE_LOOP('',(#2372,#2373,#2374));
#502=EDGE_LOOP('',(#2375,#2376,#2377,#2378,#2379,#2380));
#503=EDGE_LOOP('',(#2381,#2382,#2383,#2384,#2385,#2386,#2387));
#504=EDGE_LOOP('',(#2388,#2389,#2390,#2391));
#505=EDGE_LOOP('',(#2392,#2393,#2394,#2395));
#506=EDGE_LOOP('',(#2396,#2397,#2398,#2399,#2400,#2401,#2402));
#507=EDGE_LOOP('',(#2403,#2404,#2405,#2406));
#508=EDGE_LOOP('',(#2407,#2408,#2409));
#509=EDGE_LOOP('',(#2410,#2411,#2412));
#510=EDGE_LOOP('',(#2413,#2414,#2415,#2416,#2417,#2418));
#511=EDGE_LOOP('',(#2419,#2420,#2421,#2422,#2423,#2424,#2425));
#512=EDGE_LOOP('',(#2426,#2427,#2428,#2429));
#513=EDGE_LOOP('',(#2430,#2431,#2432,#2433));
#514=EDGE_LOOP('',(#2434,#2435,#2436,#2437,#2438,#2439,#2440));
#515=EDGE_LOOP('',(#2441,#2442,#2443,#2444));
#516=EDGE_LOOP('',(#2445,#2446,#2447));
#517=EDGE_LOOP('',(#2448,#2449,#2450));
#518=EDGE_LOOP('',(#2451,#2452,#2453,#2454,#2455,#2456));
#519=EDGE_LOOP('',(#2457,#2458,#2459,#2460,#2461,#2462,#2463));
#520=EDGE_LOOP('',(#2464,#2465,#2466,#2467));
#521=EDGE_LOOP('',(#2468,#2469,#2470,#2471));
#522=EDGE_LOOP('',(#2472,#2473,#2474,#2475,#2476,#2477,#2478));
#523=EDGE_LOOP('',(#2479,#2480,#2481,#2482));
#524=EDGE_LOOP('',(#2483,#2484,#2485));
#525=EDGE_LOOP('',(#2486,#2487,#2488));
#526=EDGE_LOOP('',(#2489,#2490,#2491,#2492,#2493,#2494));
#527=EDGE_LOOP('',(#2495,#2496,#2497,#2498,#2499,#2500,#2501));
#528=EDGE_LOOP('',(#2502,#2503,#2504,#2505));
#529=EDGE_LOOP('',(#2506,#2507,#2508,#2509));
#530=EDGE_LOOP('',(#2510,#2511,#2512,#2513,#2514,#2515,#2516));
#531=EDGE_LOOP('',(#2517,#2518,#2519,#2520));
#532=EDGE_LOOP('',(#2521,#2522,#2523));
#533=EDGE_LOOP('',(#2524,#2525,#2526));
#534=EDGE_LOOP('',(#2527,#2528,#2529,#2530,#2531,#2532));
#535=EDGE_LOOP('',(#2533,#2534,#2535,#2536,#2537,#2538,#2539));
#536=EDGE_LOOP('',(#2540,#2541,#2542,#2543));
#537=EDGE_LOOP('',(#2544,#2545,#2546,#2547));
#538=EDGE_LOOP('',(#2548,#2549,#2550,#2551,#2552,#2553,#2554));
#539=EDGE_LOOP('',(#2555,#2556,#2557,#2558));
#540=EDGE_LOOP('',(#2559,#2560,#2561));
#541=EDGE_LOOP('',(#2562,#2563,#2564));
#542=EDGE_LOOP('',(#2565,#2566,#2567,#2568,#2569,#2570));
#543=EDGE_LOOP('',(#2571,#2572,#2573,#2574,#2575,#2576,#2577));
#544=EDGE_LOOP('',(#2578,#2579,#2580,#2581));
#545=EDGE_LOOP('',(#2582,#2583,#2584,#2585));
#546=EDGE_LOOP('',(#2586,#2587,#2588,#2589,#2590,#2591,#2592));
#547=EDGE_LOOP('',(#2593,#2594,#2595,#2596));
#548=EDGE_LOOP('',(#2597,#2598,#2599));
#549=EDGE_LOOP('',(#2600,#2601,#2602));
#550=EDGE_LOOP('',(#2603,#2604,#2605,#2606,#2607,#2608));
#551=EDGE_LOOP('',(#2609,#2610,#2611,#2612,#2613,#2614,#2615));
#552=EDGE_LOOP('',(#2616,#2617,#2618,#2619));
#553=EDGE_LOOP('',(#2620,#2621,#2622,#2623));
#554=EDGE_LOOP('',(#2624,#2625,#2626,#2627,#2628,#2629,#2630));
#555=EDGE_LOOP('',(#2631,#2632,#2633,#2634));
#556=EDGE_LOOP('',(#2635,#2636,#2637));
#557=EDGE_LOOP('',(#2638,#2639,#2640));
#558=EDGE_LOOP('',(#2641,#2642,#2643,#2644,#2645,#2646));
#559=EDGE_LOOP('',(#2647,#2648,#2649,#2650,#2651,#2652,#2653));
#560=EDGE_LOOP('',(#2654,#2655,#2656,#2657));
#561=EDGE_LOOP('',(#2658,#2659,#2660,#2661));
#562=EDGE_LOOP('',(#2662,#2663,#2664,#2665,#2666,#2667,#2668));
#563=EDGE_LOOP('',(#2669,#2670,#2671,#2672));
#564=EDGE_LOOP('',(#2673,#2674,#2675));
#565=EDGE_LOOP('',(#2676,#2677,#2678));
#566=EDGE_LOOP('',(#2679,#2680,#2681,#2682,#2683,#2684));
#567=EDGE_LOOP('',(#2685,#2686,#2687,#2688,#2689,#2690,#2691));
#568=EDGE_LOOP('',(#2692,#2693,#2694,#2695));
#569=EDGE_LOOP('',(#2696,#2697,#2698,#2699));
#570=EDGE_LOOP('',(#2700,#2701,#2702,#2703,#2704,#2705,#2706));
#571=EDGE_LOOP('',(#2707,#2708,#2709,#2710));
#572=EDGE_LOOP('',(#2711,#2712,#2713));
#573=EDGE_LOOP('',(#2714,#2715,#2716));
#574=EDGE_LOOP('',(#2717,#2718,#2719,#2720,#2721,#2722));
#575=EDGE_LOOP('',(#2723,#2724,#2725,#2726,#2727,#2728,#2729));
#576=EDGE_LOOP('',(#2730,#2731,#2732,#2733));
#577=EDGE_LOOP('',(#2734,#2735,#2736,#2737));
#578=EDGE_LOOP('',(#2738,#2739,#2740,#2741,#2742,#2743,#2744));
#579=EDGE_LOOP('',(#2745,#2746,#2747));
#580=EDGE_LOOP('',(#2748,#2749,#2750));
#581=EDGE_LOOP('',(#2751,#2752,#2753,#2754));
#582=EDGE_LOOP('',(#2755,#2756,#2757,#2758,#2759,#2760,#2761));
#583=EDGE_LOOP('',(#2762,#2763,#2764,#2765,#2766,#2767));
#584=EDGE_LOOP('',(#2768,#2769,#2770,#2771));
#585=EDGE_LOOP('',(#2772,#2773,#2774,#2775));
#586=EDGE_LOOP('',(#2776,#2777,#2778,#2779,#2780,#2781,#2782));
#587=EDGE_LOOP('',(#2783,#2784,#2785,#2786,#2787,#2788));
#588=EDGE_LOOP('',(#2789,#2790,#2791));
#589=EDGE_LOOP('',(#2792,#2793,#2794));
#590=EDGE_LOOP('',(#2795,#2796,#2797,#2798));
#591=EDGE_LOOP('',(#2799,#2800,#2801,#2802,#2803,#2804,#2805));
#592=EDGE_LOOP('',(#2806,#2807,#2808,#2809));
#593=EDGE_LOOP('',(#2810,#2811,#2812,#2813));
#594=EDGE_LOOP('',(#2814,#2815,#2816,#2817,#2818,#2819,#2820,#2821,#2822,
#2823,#2824,#2825,#2826,#2827,#2828,#2829,#2830,#2831,#2832,#2833,#2834,
#2835,#2836,#2837,#2838,#2839,#2840,#2841,#2842,#2843,#2844,#2845,#2846,
#2847,#2848,#2849,#2850,#2851,#2852,#2853,#2854,#2855,#2856,#2857,#2858,
#2859,#2860,#2861,#2862,#2863,#2864,#2865,#2866,#2867,#2868,#2869,#2870,
#2871,#2872,#2873,#2874,#2875,#2876,#2877,#2878,#2879,#2880,#2881,#2882,
#2883,#2884,#2885,#2886,#2887,#2888,#2889,#2890,#2891,#2892,#2893));
#595=EDGE_LOOP('',(#2894,#2895,#2896));
#596=EDGE_LOOP('',(#2897,#2898,#2899,#2900,#2901,#2902,#2903));
#597=EDGE_LOOP('',(#2904,#2905,#2906,#2907,#2908,#2909));
#598=EDGE_LOOP('',(#2910,#2911,#2912));
#599=EDGE_LOOP('',(#2913,#2914,#2915));
#600=EDGE_LOOP('',(#2916,#2917,#2918,#2919));
#601=EDGE_LOOP('',(#2920,#2921,#2922,#2923,#2924,#2925,#2926));
#602=EDGE_LOOP('',(#2927,#2928,#2929,#2930));
#603=EDGE_LOOP('',(#2931,#2932,#2933,#2934));
#604=EDGE_LOOP('',(#2935,#2936,#2937,#2938,#2939,#2940,#2941));
#605=EDGE_LOOP('',(#2942,#2943,#2944,#2945,#2946,#2947));
#606=EDGE_LOOP('',(#2948,#2949,#2950));
#607=EDGE_LOOP('',(#2951,#2952,#2953));
#608=EDGE_LOOP('',(#2954,#2955,#2956,#2957));
#609=EDGE_LOOP('',(#2958,#2959,#2960,#2961,#2962,#2963,#2964));
#610=EDGE_LOOP('',(#2965,#2966,#2967,#2968));
#611=EDGE_LOOP('',(#2969,#2970,#2971,#2972));
#612=EDGE_LOOP('',(#2973,#2974,#2975,#2976,#2977,#2978,#2979));
#613=EDGE_LOOP('',(#2980,#2981,#2982,#2983,#2984,#2985));
#614=EDGE_LOOP('',(#2986,#2987,#2988));
#615=EDGE_LOOP('',(#2989,#2990,#2991));
#616=EDGE_LOOP('',(#2992,#2993,#2994,#2995));
#617=EDGE_LOOP('',(#2996,#2997,#2998,#2999,#3000,#3001,#3002));
#618=EDGE_LOOP('',(#3003,#3004,#3005,#3006));
#619=EDGE_LOOP('',(#3007,#3008,#3009,#3010));
#620=EDGE_LOOP('',(#3011,#3012,#3013,#3014,#3015,#3016,#3017));
#621=EDGE_LOOP('',(#3018,#3019,#3020,#3021,#3022,#3023));
#622=EDGE_LOOP('',(#3024,#3025,#3026));
#623=EDGE_LOOP('',(#3027,#3028,#3029));
#624=EDGE_LOOP('',(#3030,#3031,#3032,#3033));
#625=EDGE_LOOP('',(#3034,#3035,#3036,#3037,#3038,#3039,#3040));
#626=EDGE_LOOP('',(#3041,#3042,#3043,#3044));
#627=EDGE_LOOP('',(#3045,#3046,#3047,#3048));
#628=EDGE_LOOP('',(#3049,#3050,#3051,#3052,#3053,#3054,#3055));
#629=EDGE_LOOP('',(#3056,#3057,#3058,#3059,#3060,#3061));
#630=EDGE_LOOP('',(#3062,#3063,#3064));
#631=EDGE_LOOP('',(#3065,#3066,#3067));
#632=EDGE_LOOP('',(#3068,#3069,#3070,#3071));
#633=EDGE_LOOP('',(#3072,#3073,#3074,#3075,#3076,#3077,#3078));
#634=EDGE_LOOP('',(#3079,#3080,#3081,#3082));
#635=EDGE_LOOP('',(#3083,#3084,#3085,#3086));
#636=EDGE_LOOP('',(#3087,#3088,#3089,#3090,#3091,#3092,#3093));
#637=EDGE_LOOP('',(#3094,#3095,#3096,#3097,#3098,#3099));
#638=EDGE_LOOP('',(#3100,#3101,#3102));
#639=EDGE_LOOP('',(#3103,#3104,#3105));
#640=EDGE_LOOP('',(#3106,#3107,#3108,#3109));
#641=EDGE_LOOP('',(#3110,#3111,#3112,#3113,#3114,#3115,#3116));
#642=EDGE_LOOP('',(#3117,#3118,#3119,#3120));
#643=EDGE_LOOP('',(#3121,#3122,#3123,#3124));
#644=EDGE_LOOP('',(#3125,#3126,#3127,#3128,#3129,#3130,#3131));
#645=EDGE_LOOP('',(#3132,#3133,#3134,#3135,#3136,#3137));
#646=EDGE_LOOP('',(#3138,#3139,#3140));
#647=EDGE_LOOP('',(#3141,#3142,#3143));
#648=EDGE_LOOP('',(#3144,#3145,#3146,#3147));
#649=EDGE_LOOP('',(#3148,#3149,#3150,#3151,#3152,#3153,#3154));
#650=EDGE_LOOP('',(#3155,#3156,#3157,#3158));
#651=EDGE_LOOP('',(#3159,#3160,#3161,#3162));
#652=EDGE_LOOP('',(#3163,#3164,#3165,#3166));
#653=EDGE_LOOP('',(#3167,#3168,#3169,#3170,#3171));
#654=LINE('',#4478,#974);
#655=LINE('',#4480,#975);
#656=LINE('',#4482,#976);
#657=LINE('',#4483,#977);
#658=LINE('',#4490,#978);
#659=LINE('',#4522,#979);
#660=LINE('',#4593,#980);
#661=LINE('',#4633,#981);
#662=LINE('',#4675,#982);
#663=LINE('',#4732,#983);
#664=LINE('',#4734,#984);
#665=LINE('',#4736,#985);
#666=LINE('',#4747,#986);
#667=LINE('',#4761,#987);
#668=LINE('',#4764,#988);
#669=LINE('',#4766,#989);
#670=LINE('',#4767,#990);
#671=LINE('',#4771,#991);
#672=LINE('',#4773,#992);
#673=LINE('',#4774,#993);
#674=LINE('',#4777,#994);
#675=LINE('',#4778,#995);
#676=LINE('',#4844,#996);
#677=LINE('',#4846,#997);
#678=LINE('',#4855,#998);
#679=LINE('',#4863,#999);
#680=LINE('',#4865,#1000);
#681=LINE('',#4869,#1001);
#682=LINE('',#4871,#1002);
#683=LINE('',#4875,#1003);
#684=LINE('',#4877,#1004);
#685=LINE('',#4881,#1005);
#686=LINE('',#4883,#1006);
#687=LINE('',#4887,#1007);
#688=LINE('',#4889,#1008);
#689=LINE('',#4893,#1009);
#690=LINE('',#4895,#1010);
#691=LINE('',#4899,#1011);
#692=LINE('',#4901,#1012);
#693=LINE('',#4905,#1013);
#694=LINE('',#4907,#1014);
#695=LINE('',#4911,#1015);
#696=LINE('',#4919,#1016);
#697=LINE('',#4923,#1017);
#698=LINE('',#4931,#1018);
#699=LINE('',#4935,#1019);
#700=LINE('',#4943,#1020);
#701=LINE('',#4947,#1021);
#702=LINE('',#4949,#1022);
#703=LINE('',#4953,#1023);
#704=LINE('',#4955,#1024);
#705=LINE('',#4959,#1025);
#706=LINE('',#4967,#1026);
#707=LINE('',#4971,#1027);
#708=LINE('',#4979,#1028);
#709=LINE('',#4983,#1029);
#710=LINE('',#4991,#1030);
#711=LINE('',#4995,#1031);
#712=LINE('',#4997,#1032);
#713=LINE('',#5001,#1033);
#714=LINE('',#5003,#1034);
#715=LINE('',#5007,#1035);
#716=LINE('',#5009,#1036);
#717=LINE('',#5013,#1037);
#718=LINE('',#5015,#1038);
#719=LINE('',#5019,#1039);
#720=LINE('',#5021,#1040);
#721=LINE('',#5025,#1041);
#722=LINE('',#5027,#1042);
#723=LINE('',#5031,#1043);
#724=LINE('',#5033,#1044);
#725=LINE('',#5037,#1045);
#726=LINE('',#5039,#1046);
#727=LINE('',#5043,#1047);
#728=LINE('',#5045,#1048);
#729=LINE('',#5049,#1049);
#730=LINE('',#5051,#1050);
#731=LINE('',#5055,#1051);
#732=LINE('',#5057,#1052);
#733=LINE('',#5061,#1053);
#734=LINE('',#5063,#1054);
#735=LINE('',#5068,#1055);
#736=LINE('',#5070,#1056);
#737=LINE('',#5074,#1057);
#738=LINE('',#5076,#1058);
#739=LINE('',#5080,#1059);
#740=LINE('',#5082,#1060);
#741=LINE('',#5086,#1061);
#742=LINE('',#5088,#1062);
#743=LINE('',#5091,#1063);
#744=LINE('',#5141,#1064);
#745=LINE('',#5143,#1065);
#746=LINE('',#5154,#1066);
#747=LINE('',#5168,#1067);
#748=LINE('',#5171,#1068);
#749=LINE('',#5173,#1069);
#750=LINE('',#5174,#1070);
#751=LINE('',#5177,#1071);
#752=LINE('',#5178,#1072);
#753=LINE('',#5180,#1073);
#754=LINE('',#5245,#1074);
#755=LINE('',#5254,#1075);
#756=LINE('',#5307,#1076);
#757=LINE('',#5309,#1077);
#758=LINE('',#5320,#1078);
#759=LINE('',#5334,#1079);
#760=LINE('',#5337,#1080);
#761=LINE('',#5339,#1081);
#762=LINE('',#5340,#1082);
#763=LINE('',#5343,#1083);
#764=LINE('',#5344,#1084);
#765=LINE('',#5346,#1085);
#766=LINE('',#5411,#1086);
#767=LINE('',#5420,#1087);
#768=LINE('',#5473,#1088);
#769=LINE('',#5475,#1089);
#770=LINE('',#5486,#1090);
#771=LINE('',#5500,#1091);
#772=LINE('',#5503,#1092);
#773=LINE('',#5505,#1093);
#774=LINE('',#5506,#1094);
#775=LINE('',#5509,#1095);
#776=LINE('',#5510,#1096);
#777=LINE('',#5512,#1097);
#778=LINE('',#5577,#1098);
#779=LINE('',#5586,#1099);
#780=LINE('',#5639,#1100);
#781=LINE('',#5641,#1101);
#782=LINE('',#5652,#1102);
#783=LINE('',#5666,#1103);
#784=LINE('',#5669,#1104);
#785=LINE('',#5671,#1105);
#786=LINE('',#5672,#1106);
#787=LINE('',#5675,#1107);
#788=LINE('',#5676,#1108);
#789=LINE('',#5678,#1109);
#790=LINE('',#5743,#1110);
#791=LINE('',#5752,#1111);
#792=LINE('',#5805,#1112);
#793=LINE('',#5807,#1113);
#794=LINE('',#5818,#1114);
#795=LINE('',#5832,#1115);
#796=LINE('',#5835,#1116);
#797=LINE('',#5837,#1117);
#798=LINE('',#5838,#1118);
#799=LINE('',#5841,#1119);
#800=LINE('',#5842,#1120);
#801=LINE('',#5844,#1121);
#802=LINE('',#5909,#1122);
#803=LINE('',#5918,#1123);
#804=LINE('',#5971,#1124);
#805=LINE('',#5973,#1125);
#806=LINE('',#5984,#1126);
#807=LINE('',#5998,#1127);
#808=LINE('',#6001,#1128);
#809=LINE('',#6003,#1129);
#810=LINE('',#6004,#1130);
#811=LINE('',#6007,#1131);
#812=LINE('',#6008,#1132);
#813=LINE('',#6010,#1133);
#814=LINE('',#6075,#1134);
#815=LINE('',#6084,#1135);
#816=LINE('',#6137,#1136);
#817=LINE('',#6139,#1137);
#818=LINE('',#6150,#1138);
#819=LINE('',#6164,#1139);
#820=LINE('',#6167,#1140);
#821=LINE('',#6169,#1141);
#822=LINE('',#6170,#1142);
#823=LINE('',#6173,#1143);
#824=LINE('',#6174,#1144);
#825=LINE('',#6176,#1145);
#826=LINE('',#6241,#1146);
#827=LINE('',#6250,#1147);
#828=LINE('',#6303,#1148);
#829=LINE('',#6305,#1149);
#830=LINE('',#6316,#1150);
#831=LINE('',#6330,#1151);
#832=LINE('',#6333,#1152);
#833=LINE('',#6335,#1153);
#834=LINE('',#6336,#1154);
#835=LINE('',#6339,#1155);
#836=LINE('',#6340,#1156);
#837=LINE('',#6342,#1157);
#838=LINE('',#6407,#1158);
#839=LINE('',#6416,#1159);
#840=LINE('',#6469,#1160);
#841=LINE('',#6471,#1161);
#842=LINE('',#6482,#1162);
#843=LINE('',#6496,#1163);
#844=LINE('',#6499,#1164);
#845=LINE('',#6501,#1165);
#846=LINE('',#6502,#1166);
#847=LINE('',#6505,#1167);
#848=LINE('',#6506,#1168);
#849=LINE('',#6508,#1169);
#850=LINE('',#6573,#1170);
#851=LINE('',#6582,#1171);
#852=LINE('',#6635,#1172);
#853=LINE('',#6637,#1173);
#854=LINE('',#6648,#1174);
#855=LINE('',#6662,#1175);
#856=LINE('',#6665,#1176);
#857=LINE('',#6667,#1177);
#858=LINE('',#6668,#1178);
#859=LINE('',#6671,#1179);
#860=LINE('',#6672,#1180);
#861=LINE('',#6674,#1181);
#862=LINE('',#6739,#1182);
#863=LINE('',#6748,#1183);
#864=LINE('',#6801,#1184);
#865=LINE('',#6803,#1185);
#866=LINE('',#6818,#1186);
#867=LINE('',#6828,#1187);
#868=LINE('',#6830,#1188);
#869=LINE('',#6833,#1189);
#870=LINE('',#6834,#1190);
#871=LINE('',#6837,#1191);
#872=LINE('',#6839,#1192);
#873=LINE('',#6840,#1193);
#874=LINE('',#6889,#1194);
#875=LINE('',#6900,#1195);
#876=LINE('',#6967,#1196);
#877=LINE('',#6969,#1197);
#878=LINE('',#6984,#1198);
#879=LINE('',#6994,#1199);
#880=LINE('',#6997,#1200);
#881=LINE('',#7012,#1201);
#882=LINE('',#7014,#1202);
#883=LINE('',#7018,#1203);
#884=LINE('',#7020,#1204);
#885=LINE('',#7021,#1205);
#886=LINE('',#7070,#1206);
#887=LINE('',#7080,#1207);
#888=LINE('',#7086,#1208);
#889=LINE('',#7088,#1209);
#890=LINE('',#7089,#1210);
#891=LINE('',#7091,#1211);
#892=LINE('',#7093,#1212);
#893=LINE('',#7094,#1213);
#894=LINE('',#7096,#1214);
#895=LINE('',#7098,#1215);
#896=LINE('',#7099,#1216);
#897=LINE('',#7101,#1217);
#898=LINE('',#7103,#1218);
#899=LINE('',#7104,#1219);
#900=LINE('',#7106,#1220);
#901=LINE('',#7108,#1221);
#902=LINE('',#7109,#1222);
#903=LINE('',#7111,#1223);
#904=LINE('',#7113,#1224);
#905=LINE('',#7114,#1225);
#906=LINE('',#7116,#1226);
#907=LINE('',#7118,#1227);
#908=LINE('',#7119,#1228);
#909=LINE('',#7169,#1229);
#910=LINE('',#7184,#1230);
#911=LINE('',#7194,#1231);
#912=LINE('',#7197,#1232);
#913=LINE('',#7212,#1233);
#914=LINE('',#7214,#1234);
#915=LINE('',#7218,#1235);
#916=LINE('',#7219,#1236);
#917=LINE('',#7277,#1237);
#918=LINE('',#7330,#1238);
#919=LINE('',#7345,#1239);
#920=LINE('',#7355,#1240);
#921=LINE('',#7358,#1241);
#922=LINE('',#7373,#1242);
#923=LINE('',#7375,#1243);
#924=LINE('',#7379,#1244);
#925=LINE('',#7380,#1245);
#926=LINE('',#7438,#1246);
#927=LINE('',#7491,#1247);
#928=LINE('',#7506,#1248);
#929=LINE('',#7516,#1249);
#930=LINE('',#7519,#1250);
#931=LINE('',#7534,#1251);
#932=LINE('',#7536,#1252);
#933=LINE('',#7540,#1253);
#934=LINE('',#7541,#1254);
#935=LINE('',#7599,#1255);
#936=LINE('',#7652,#1256);
#937=LINE('',#7667,#1257);
#938=LINE('',#7677,#1258);
#939=LINE('',#7680,#1259);
#940=LINE('',#7695,#1260);
#941=LINE('',#7697,#1261);
#942=LINE('',#7701,#1262);
#943=LINE('',#7702,#1263);
#944=LINE('',#7760,#1264);
#945=LINE('',#7813,#1265);
#946=LINE('',#7828,#1266);
#947=LINE('',#7838,#1267);
#948=LINE('',#7841,#1268);
#949=LINE('',#7856,#1269);
#950=LINE('',#7858,#1270);
#951=LINE('',#7862,#1271);
#952=LINE('',#7863,#1272);
#953=LINE('',#7921,#1273);
#954=LINE('',#7974,#1274);
#955=LINE('',#7989,#1275);
#956=LINE('',#7999,#1276);
#957=LINE('',#8002,#1277);
#958=LINE('',#8017,#1278);
#959=LINE('',#8019,#1279);
#960=LINE('',#8023,#1280);
#961=LINE('',#8024,#1281);
#962=LINE('',#8082,#1282);
#963=LINE('',#8135,#1283);
#964=LINE('',#8150,#1284);
#965=LINE('',#8160,#1285);
#966=LINE('',#8163,#1286);
#967=LINE('',#8178,#1287);
#968=LINE('',#8180,#1288);
#969=LINE('',#8184,#1289);
#970=LINE('',#8185,#1290);
#971=LINE('',#8243,#1291);
#972=LINE('',#8248,#1292);
#973=LINE('',#8250,#1293);
#974=VECTOR('',#3685,10.);
#975=VECTOR('',#3686,10.);
#976=VECTOR('',#3687,10.);
#977=VECTOR('',#3688,10.);
#978=VECTOR('',#3697,4.15);
#979=VECTOR('',#3698,4.15);
#980=VECTOR('',#3709,3.);
#981=VECTOR('',#3712,3.);
#982=VECTOR('',#3717,9.39965903534405);
#983=VECTOR('',#3726,10.);
#984=VECTOR('',#3727,10.);
#985=VECTOR('',#3728,10.);
#986=VECTOR('',#3729,24.2197831034499);
#987=VECTOR('',#3730,10.);
#988=VECTOR('',#3733,10.);
#989=VECTOR('',#3734,10.);
#990=VECTOR('',#3735,10.);
#991=VECTOR('',#3738,10.);
#992=VECTOR('',#3739,10.);
#993=VECTOR('',#3740,10.);
#994=VECTOR('',#3743,10.);
#995=VECTOR('',#3744,10.);
#996=VECTOR('',#3751,10.);
#997=VECTOR('',#3752,10.);
#998=VECTOR('',#3753,10.);
#999=VECTOR('',#3764,8.0757721879051);
#1000=VECTOR('',#3765,10.);
#1001=VECTOR('',#3768,10.);
#1002=VECTOR('',#3769,10.);
#1003=VECTOR('',#3772,10.);
#1004=VECTOR('',#3773,10.);
#1005=VECTOR('',#3776,10.);
#1006=VECTOR('',#3777,10.);
#1007=VECTOR('',#3780,10.);
#1008=VECTOR('',#3781,10.);
#1009=VECTOR('',#3784,10.);
#1010=VECTOR('',#3785,10.);
#1011=VECTOR('',#3788,10.);
#1012=VECTOR('',#3789,10.);
#1013=VECTOR('',#3792,10.);
#1014=VECTOR('',#3793,10.);
#1015=VECTOR('',#3796,10.);
#1016=VECTOR('',#3803,10.);
#1017=VECTOR('',#3806,10.);
#1018=VECTOR('',#3813,10.);
#1019=VECTOR('',#3816,10.);
#1020=VECTOR('',#3823,10.);
#1021=VECTOR('',#3826,10.);
#1022=VECTOR('',#3827,10.);
#1023=VECTOR('',#3830,10.);
#1024=VECTOR('',#3831,10.);
#1025=VECTOR('',#3834,10.);
#1026=VECTOR('',#3841,10.);
#1027=VECTOR('',#3844,10.);
#1028=VECTOR('',#3851,10.);
#1029=VECTOR('',#3854,10.);
#1030=VECTOR('',#3861,10.);
#1031=VECTOR('',#3864,10.);
#1032=VECTOR('',#3865,10.);
#1033=VECTOR('',#3868,10.);
#1034=VECTOR('',#3869,10.);
#1035=VECTOR('',#3872,10.);
#1036=VECTOR('',#3873,10.);
#1037=VECTOR('',#3876,10.);
#1038=VECTOR('',#3877,10.);
#1039=VECTOR('',#3880,10.);
#1040=VECTOR('',#3881,10.);
#1041=VECTOR('',#3884,10.);
#1042=VECTOR('',#3885,10.);
#1043=VECTOR('',#3888,10.);
#1044=VECTOR('',#3889,10.);
#1045=VECTOR('',#3892,10.);
#1046=VECTOR('',#3893,10.);
#1047=VECTOR('',#3896,10.);
#1048=VECTOR('',#3897,10.);
#1049=VECTOR('',#3900,10.);
#1050=VECTOR('',#3901,10.);
#1051=VECTOR('',#3904,10.);
#1052=VECTOR('',#3905,10.);
#1053=VECTOR('',#3908,10.);
#1054=VECTOR('',#3909,10.);
#1055=VECTOR('',#3914,10.);
#1056=VECTOR('',#3915,10.);
#1057=VECTOR('',#3918,10.);
#1058=VECTOR('',#3919,10.);
#1059=VECTOR('',#3922,10.);
#1060=VECTOR('',#3923,10.);
#1061=VECTOR('',#3926,10.);
#1062=VECTOR('',#3927,10.);
#1063=VECTOR('',#3930,10.);
#1064=VECTOR('',#3931,10.);
#1065=VECTOR('',#3932,10.);
#1066=VECTOR('',#3933,24.2197831034499);
#1067=VECTOR('',#3934,10.);
#1068=VECTOR('',#3937,10.);
#1069=VECTOR('',#3938,10.);
#1070=VECTOR('',#3939,10.);
#1071=VECTOR('',#3942,10.);
#1072=VECTOR('',#3943,10.);
#1073=VECTOR('',#3946,10.);
#1074=VECTOR('',#3951,10.);
#1075=VECTOR('',#3952,10.);
#1076=VECTOR('',#3959,10.);
#1077=VECTOR('',#3960,10.);
#1078=VECTOR('',#3961,24.2197831034499);
#1079=VECTOR('',#3962,10.);
#1080=VECTOR('',#3965,10.);
#1081=VECTOR('',#3966,10.);
#1082=VECTOR('',#3967,10.);
#1083=VECTOR('',#3970,10.);
#1084=VECTOR('',#3971,10.);
#1085=VECTOR('',#3974,10.);
#1086=VECTOR('',#3979,10.);
#1087=VECTOR('',#3980,10.);
#1088=VECTOR('',#3987,10.);
#1089=VECTOR('',#3988,10.);
#1090=VECTOR('',#3989,24.2197831034499);
#1091=VECTOR('',#3990,10.);
#1092=VECTOR('',#3993,10.);
#1093=VECTOR('',#3994,10.);
#1094=VECTOR('',#3995,10.);
#1095=VECTOR('',#3998,10.);
#1096=VECTOR('',#3999,10.);
#1097=VECTOR('',#4002,10.);
#1098=VECTOR('',#4007,10.);
#1099=VECTOR('',#4008,10.);
#1100=VECTOR('',#4015,10.);
#1101=VECTOR('',#4016,10.);
#1102=VECTOR('',#4017,24.2197831034499);
#1103=VECTOR('',#4018,10.);
#1104=VECTOR('',#4021,10.);
#1105=VECTOR('',#4022,10.);
#1106=VECTOR('',#4023,10.);
#1107=VECTOR('',#4026,10.);
#1108=VECTOR('',#4027,10.);
#1109=VECTOR('',#4030,10.);
#1110=VECTOR('',#4035,10.);
#1111=VECTOR('',#4036,10.);
#1112=VECTOR('',#4043,10.);
#1113=VECTOR('',#4044,10.);
#1114=VECTOR('',#4045,24.2197831034499);
#1115=VECTOR('',#4046,10.);
#1116=VECTOR('',#4049,10.);
#1117=VECTOR('',#4050,10.);
#1118=VECTOR('',#4051,10.);
#1119=VECTOR('',#4054,10.);
#1120=VECTOR('',#4055,10.);
#1121=VECTOR('',#4058,10.);
#1122=VECTOR('',#4063,10.);
#1123=VECTOR('',#4064,10.);
#1124=VECTOR('',#4071,10.);
#1125=VECTOR('',#4072,10.);
#1126=VECTOR('',#4073,24.2197831034499);
#1127=VECTOR('',#4074,10.);
#1128=VECTOR('',#4077,10.);
#1129=VECTOR('',#4078,10.);
#1130=VECTOR('',#4079,10.);
#1131=VECTOR('',#4082,10.);
#1132=VECTOR('',#4083,10.);
#1133=VECTOR('',#4086,10.);
#1134=VECTOR('',#4091,10.);
#1135=VECTOR('',#4092,10.);
#1136=VECTOR('',#4099,10.);
#1137=VECTOR('',#4100,10.);
#1138=VECTOR('',#4101,24.2197831034499);
#1139=VECTOR('',#4102,10.);
#1140=VECTOR('',#4105,10.);
#1141=VECTOR('',#4106,10.);
#1142=VECTOR('',#4107,10.);
#1143=VECTOR('',#4110,10.);
#1144=VECTOR('',#4111,10.);
#1145=VECTOR('',#4114,10.);
#1146=VECTOR('',#4119,10.);
#1147=VECTOR('',#4120,10.);
#1148=VECTOR('',#4127,10.);
#1149=VECTOR('',#4128,10.);
#1150=VECTOR('',#4129,24.2197831034499);
#1151=VECTOR('',#4130,10.);
#1152=VECTOR('',#4133,10.);
#1153=VECTOR('',#4134,10.);
#1154=VECTOR('',#4135,10.);
#1155=VECTOR('',#4138,10.);
#1156=VECTOR('',#4139,10.);
#1157=VECTOR('',#4142,10.);
#1158=VECTOR('',#4147,10.);
#1159=VECTOR('',#4148,10.);
#1160=VECTOR('',#4155,10.);
#1161=VECTOR('',#4156,10.);
#1162=VECTOR('',#4157,24.2197831034499);
#1163=VECTOR('',#4158,10.);
#1164=VECTOR('',#4161,10.);
#1165=VECTOR('',#4162,10.);
#1166=VECTOR('',#4163,10.);
#1167=VECTOR('',#4166,10.);
#1168=VECTOR('',#4167,10.);
#1169=VECTOR('',#4170,10.);
#1170=VECTOR('',#4175,10.);
#1171=VECTOR('',#4176,10.);
#1172=VECTOR('',#4183,10.);
#1173=VECTOR('',#4184,10.);
#1174=VECTOR('',#4185,24.2197831034499);
#1175=VECTOR('',#4186,10.);
#1176=VECTOR('',#4189,10.);
#1177=VECTOR('',#4190,10.);
#1178=VECTOR('',#4191,10.);
#1179=VECTOR('',#4194,10.);
#1180=VECTOR('',#4195,10.);
#1181=VECTOR('',#4198,10.);
#1182=VECTOR('',#4203,10.);
#1183=VECTOR('',#4204,10.);
#1184=VECTOR('',#4211,10.);
#1185=VECTOR('',#4212,10.);
#1186=VECTOR('',#4213,10.);
#1187=VECTOR('',#4214,10.);
#1188=VECTOR('',#4217,10.);
#1189=VECTOR('',#4220,10.);
#1190=VECTOR('',#4221,10.);
#1191=VECTOR('',#4224,10.);
#1192=VECTOR('',#4225,10.);
#1193=VECTOR('',#4226,10.);
#1194=VECTOR('',#4227,10.);
#1195=VECTOR('',#4228,24.2197831034499);
#1196=VECTOR('',#4239,10.);
#1197=VECTOR('',#4240,10.);
#1198=VECTOR('',#4241,10.);
#1199=VECTOR('',#4242,10.);
#1200=VECTOR('',#4245,10.);
#1201=VECTOR('',#4248,10.);
#1202=VECTOR('',#4251,10.);
#1203=VECTOR('',#4256,10.);
#1204=VECTOR('',#4257,10.);
#1205=VECTOR('',#4258,10.);
#1206=VECTOR('',#4259,10.);
#1207=VECTOR('',#4260,24.2197831034499);
#1208=VECTOR('',#4269,10.);
#1209=VECTOR('',#4270,10.);
#1210=VECTOR('',#4271,10.);
#1211=VECTOR('',#4272,10.);
#1212=VECTOR('',#4273,10.);
#1213=VECTOR('',#4274,10.);
#1214=VECTOR('',#4275,10.);
#1215=VECTOR('',#4276,10.);
#1216=VECTOR('',#4277,10.);
#1217=VECTOR('',#4278,10.);
#1218=VECTOR('',#4279,10.);
#1219=VECTOR('',#4280,10.);
#1220=VECTOR('',#4281,10.);
#1221=VECTOR('',#4282,10.);
#1222=VECTOR('',#4283,10.);
#1223=VECTOR('',#4284,10.);
#1224=VECTOR('',#4285,10.);
#1225=VECTOR('',#4286,10.);
#1226=VECTOR('',#4287,10.);
#1227=VECTOR('',#4288,10.);
#1228=VECTOR('',#4289,10.);
#1229=VECTOR('',#4290,10.);
#1230=VECTOR('',#4291,10.);
#1231=VECTOR('',#4292,10.);
#1232=VECTOR('',#4295,10.);
#1233=VECTOR('',#4298,10.);
#1234=VECTOR('',#4301,10.);
#1235=VECTOR('',#4306,10.);
#1236=VECTOR('',#4307,10.);
#1237=VECTOR('',#4308,24.2197831034499);
#1238=VECTOR('',#4315,10.);
#1239=VECTOR('',#4316,10.);
#1240=VECTOR('',#4317,10.);
#1241=VECTOR('',#4320,10.);
#1242=VECTOR('',#4323,10.);
#1243=VECTOR('',#4326,10.);
#1244=VECTOR('',#4331,10.);
#1245=VECTOR('',#4332,10.);
#1246=VECTOR('',#4333,24.2197831034499);
#1247=VECTOR('',#4340,10.);
#1248=VECTOR('',#4341,10.);
#1249=VECTOR('',#4342,10.);
#1250=VECTOR('',#4345,10.);
#1251=VECTOR('',#4348,10.);
#1252=VECTOR('',#4351,10.);
#1253=VECTOR('',#4356,10.);
#1254=VECTOR('',#4357,10.);
#1255=VECTOR('',#4358,24.2197831034499);
#1256=VECTOR('',#4365,10.);
#1257=VECTOR('',#4366,10.);
#1258=VECTOR('',#4367,10.);
#1259=VECTOR('',#4370,10.);
#1260=VECTOR('',#4373,10.);
#1261=VECTOR('',#4376,10.);
#1262=VECTOR('',#4381,10.);
#1263=VECTOR('',#4382,10.);
#1264=VECTOR('',#4383,24.2197831034499);
#1265=VECTOR('',#4390,10.);
#1266=VECTOR('',#4391,10.);
#1267=VECTOR('',#4392,10.);
#1268=VECTOR('',#4395,10.);
#1269=VECTOR('',#4398,10.);
#1270=VECTOR('',#4401,10.);
#1271=VECTOR('',#4406,10.);
#1272=VECTOR('',#4407,10.);
#1273=VECTOR('',#4408,24.2197831034499);
#1274=VECTOR('',#4415,10.);
#1275=VECTOR('',#4416,10.);
#1276=VECTOR('',#4417,10.);
#1277=VECTOR('',#4420,10.);
#1278=VECTOR('',#4423,10.);
#1279=VECTOR('',#4426,10.);
#1280=VECTOR('',#4431,10.);
#1281=VECTOR('',#4432,10.);
#1282=VECTOR('',#4433,24.2197831034499);
#1283=VECTOR('',#4440,10.);
#1284=VECTOR('',#4441,10.);
#1285=VECTOR('',#4442,10.);
#1286=VECTOR('',#4445,10.);
#1287=VECTOR('',#4448,10.);
#1288=VECTOR('',#4451,10.);
#1289=VECTOR('',#4456,10.);
#1290=VECTOR('',#4457,10.);
#1291=VECTOR('',#4458,24.2197831034499);
#1292=VECTOR('',#4467,5.);
#1293=VECTOR('',#4470,10.0508406210257);
#1294=VERTEX_POINT('',#4476);
#1295=VERTEX_POINT('',#4477);
#1296=VERTEX_POINT('',#4479);
#1297=VERTEX_POINT('',#4481);
#1298=VERTEX_POINT('',#4487);
#1299=VERTEX_POINT('',#4489);
#1300=VERTEX_POINT('',#4491);
#1301=VERTEX_POINT('',#4516);
#1302=VERTEX_POINT('',#4521);
#1303=VERTEX_POINT('',#4525);
#1304=VERTEX_POINT('',#4546);
#1305=VERTEX_POINT('',#4547);
#1306=VERTEX_POINT('',#4589);
#1307=VERTEX_POINT('',#4592);
#1308=VERTEX_POINT('',#4594);
#1309=VERTEX_POINT('',#4632);
#1310=VERTEX_POINT('',#4634);
#1311=VERTEX_POINT('',#4672);
#1312=VERTEX_POINT('',#4674);
#1313=VERTEX_POINT('',#4676);
#1314=VERTEX_POINT('',#4680);
#1315=VERTEX_POINT('',#4730);
#1316=VERTEX_POINT('',#4731);
#1317=VERTEX_POINT('',#4733);
#1318=VERTEX_POINT('',#4735);
#1319=VERTEX_POINT('',#4737);
#1320=VERTEX_POINT('',#4746);
#1321=VERTEX_POINT('',#4748);
#1322=VERTEX_POINT('',#4763);
#1323=VERTEX_POINT('',#4765);
#1324=VERTEX_POINT('',#4769);
#1325=VERTEX_POINT('',#4770);
#1326=VERTEX_POINT('',#4772);
#1327=VERTEX_POINT('',#4776);
#1328=VERTEX_POINT('',#4781);
#1329=VERTEX_POINT('',#4843);
#1330=VERTEX_POINT('',#4845);
#1331=VERTEX_POINT('',#4860);
#1332=VERTEX_POINT('',#4862);
#1333=VERTEX_POINT('',#4864);
#1334=VERTEX_POINT('',#4866);
#1335=VERTEX_POINT('',#4868);
#1336=VERTEX_POINT('',#4870);
#1337=VERTEX_POINT('',#4872);
#1338=VERTEX_POINT('',#4874);
#1339=VERTEX_POINT('',#4876);
#1340=VERTEX_POINT('',#4878);
#1341=VERTEX_POINT('',#4880);
#1342=VERTEX_POINT('',#4882);
#1343=VERTEX_POINT('',#4884);
#1344=VERTEX_POINT('',#4886);
#1345=VERTEX_POINT('',#4888);
#1346=VERTEX_POINT('',#4890);
#1347=VERTEX_POINT('',#4892);
#1348=VERTEX_POINT('',#4894);
#1349=VERTEX_POINT('',#4896);
#1350=VERTEX_POINT('',#4898);
#1351=VERTEX_POINT('',#4900);
#1352=VERTEX_POINT('',#4902);
#1353=VERTEX_POINT('',#4904);
#1354=VERTEX_POINT('',#4906);
#1355=VERTEX_POINT('',#4908);
#1356=VERTEX_POINT('',#4910);
#1357=VERTEX_POINT('',#4912);
#1358=VERTEX_POINT('',#4914);
#1359=VERTEX_POINT('',#4916);
#1360=VERTEX_POINT('',#4918);
#1361=VERTEX_POINT('',#4920);
#1362=VERTEX_POINT('',#4922);
#1363=VERTEX_POINT('',#4924);
#1364=VERTEX_POINT('',#4926);
#1365=VERTEX_POINT('',#4928);
#1366=VERTEX_POINT('',#4930);
#1367=VERTEX_POINT('',#4932);
#1368=VERTEX_POINT('',#4934);
#1369=VERTEX_POINT('',#4936);
#1370=VERTEX_POINT('',#4938);
#1371=VERTEX_POINT('',#4940);
#1372=VERTEX_POINT('',#4942);
#1373=VERTEX_POINT('',#4944);
#1374=VERTEX_POINT('',#4946);
#1375=VERTEX_POINT('',#4948);
#1376=VERTEX_POINT('',#4950);
#1377=VERTEX_POINT('',#4952);
#1378=VERTEX_POINT('',#4954);
#1379=VERTEX_POINT('',#4956);
#1380=VERTEX_POINT('',#4958);
#1381=VERTEX_POINT('',#4960);
#1382=VERTEX_POINT('',#4962);
#1383=VERTEX_POINT('',#4964);
#1384=VERTEX_POINT('',#4966);
#1385=VERTEX_POINT('',#4968);
#1386=VERTEX_POINT('',#4970);
#1387=VERTEX_POINT('',#4972);
#1388=VERTEX_POINT('',#4974);
#1389=VERTEX_POINT('',#4976);
#1390=VERTEX_POINT('',#4978);
#1391=VERTEX_POINT('',#4980);
#1392=VERTEX_POINT('',#4982);
#1393=VERTEX_POINT('',#4984);
#1394=VERTEX_POINT('',#4986);
#1395=VERTEX_POINT('',#4988);
#1396=VERTEX_POINT('',#4990);
#1397=VERTEX_POINT('',#4992);
#1398=VERTEX_POINT('',#4994);
#1399=VERTEX_POINT('',#4996);
#1400=VERTEX_POINT('',#4998);
#1401=VERTEX_POINT('',#5000);
#1402=VERTEX_POINT('',#5002);
#1403=VERTEX_POINT('',#5004);
#1404=VERTEX_POINT('',#5006);
#1405=VERTEX_POINT('',#5008);
#1406=VERTEX_POINT('',#5010);
#1407=VERTEX_POINT('',#5012);
#1408=VERTEX_POINT('',#5014);
#1409=VERTEX_POINT('',#5016);
#1410=VERTEX_POINT('',#5018);
#1411=VERTEX_POINT('',#5020);
#1412=VERTEX_POINT('',#5022);
#1413=VERTEX_POINT('',#5024);
#1414=VERTEX_POINT('',#5026);
#1415=VERTEX_POINT('',#5028);
#1416=VERTEX_POINT('',#5030);
#1417=VERTEX_POINT('',#5032);
#1418=VERTEX_POINT('',#5034);
#1419=VERTEX_POINT('',#5036);
#1420=VERTEX_POINT('',#5038);
#1421=VERTEX_POINT('',#5040);
#1422=VERTEX_POINT('',#5042);
#1423=VERTEX_POINT('',#5044);
#1424=VERTEX_POINT('',#5046);
#1425=VERTEX_POINT('',#5048);
#1426=VERTEX_POINT('',#5050);
#1427=VERTEX_POINT('',#5052);
#1428=VERTEX_POINT('',#5054);
#1429=VERTEX_POINT('',#5056);
#1430=VERTEX_POINT('',#5058);
#1431=VERTEX_POINT('',#5060);
#1432=VERTEX_POINT('',#5062);
#1433=VERTEX_POINT('',#5065);
#1434=VERTEX_POINT('',#5067);
#1435=VERTEX_POINT('',#5069);
#1436=VERTEX_POINT('',#5071);
#1437=VERTEX_POINT('',#5073);
#1438=VERTEX_POINT('',#5075);
#1439=VERTEX_POINT('',#5077);
#1440=VERTEX_POINT('',#5079);
#1441=VERTEX_POINT('',#5081);
#1442=VERTEX_POINT('',#5083);
#1443=VERTEX_POINT('',#5085);
#1444=VERTEX_POINT('',#5087);
#1445=VERTEX_POINT('',#5089);
#1446=VERTEX_POINT('',#5140);
#1447=VERTEX_POINT('',#5142);
#1448=VERTEX_POINT('',#5144);
#1449=VERTEX_POINT('',#5153);
#1450=VERTEX_POINT('',#5155);
#1451=VERTEX_POINT('',#5170);
#1452=VERTEX_POINT('',#5172);
#1453=VERTEX_POINT('',#5176);
#1454=VERTEX_POINT('',#5182);
#1455=VERTEX_POINT('',#5244);
#1456=VERTEX_POINT('',#5306);
#1457=VERTEX_POINT('',#5308);
#1458=VERTEX_POINT('',#5310);
#1459=VERTEX_POINT('',#5319);
#1460=VERTEX_POINT('',#5321);
#1461=VERTEX_POINT('',#5336);
#1462=VERTEX_POINT('',#5338);
#1463=VERTEX_POINT('',#5342);
#1464=VERTEX_POINT('',#5348);
#1465=VERTEX_POINT('',#5410);
#1466=VERTEX_POINT('',#5472);
#1467=VERTEX_POINT('',#5474);
#1468=VERTEX_POINT('',#5476);
#1469=VERTEX_POINT('',#5485);
#1470=VERTEX_POINT('',#5487);
#1471=VERTEX_POINT('',#5502);
#1472=VERTEX_POINT('',#5504);
#1473=VERTEX_POINT('',#5508);
#1474=VERTEX_POINT('',#5514);
#1475=VERTEX_POINT('',#5576);
#1476=VERTEX_POINT('',#5638);
#1477=VERTEX_POINT('',#5640);
#1478=VERTEX_POINT('',#5642);
#1479=VERTEX_POINT('',#5651);
#1480=VERTEX_POINT('',#5653);
#1481=VERTEX_POINT('',#5668);
#1482=VERTEX_POINT('',#5670);
#1483=VERTEX_POINT('',#5674);
#1484=VERTEX_POINT('',#5680);
#1485=VERTEX_POINT('',#5742);
#1486=VERTEX_POINT('',#5804);
#1487=VERTEX_POINT('',#5806);
#1488=VERTEX_POINT('',#5808);
#1489=VERTEX_POINT('',#5817);
#1490=VERTEX_POINT('',#5819);
#1491=VERTEX_POINT('',#5834);
#1492=VERTEX_POINT('',#5836);
#1493=VERTEX_POINT('',#5840);
#1494=VERTEX_POINT('',#5846);
#1495=VERTEX_POINT('',#5908);
#1496=VERTEX_POINT('',#5970);
#1497=VERTEX_POINT('',#5972);
#1498=VERTEX_POINT('',#5974);
#1499=VERTEX_POINT('',#5983);
#1500=VERTEX_POINT('',#5985);
#1501=VERTEX_POINT('',#6000);
#1502=VERTEX_POINT('',#6002);
#1503=VERTEX_POINT('',#6006);
#1504=VERTEX_POINT('',#6012);
#1505=VERTEX_POINT('',#6074);
#1506=VERTEX_POINT('',#6136);
#1507=VERTEX_POINT('',#6138);
#1508=VERTEX_POINT('',#6140);
#1509=VERTEX_POINT('',#6149);
#1510=VERTEX_POINT('',#6151);
#1511=VERTEX_POINT('',#6166);
#1512=VERTEX_POINT('',#6168);
#1513=VERTEX_POINT('',#6172);
#1514=VERTEX_POINT('',#6178);
#1515=VERTEX_POINT('',#6240);
#1516=VERTEX_POINT('',#6302);
#1517=VERTEX_POINT('',#6304);
#1518=VERTEX_POINT('',#6306);
#1519=VERTEX_POINT('',#6315);
#1520=VERTEX_POINT('',#6317);
#1521=VERTEX_POINT('',#6332);
#1522=VERTEX_POINT('',#6334);
#1523=VERTEX_POINT('',#6338);
#1524=VERTEX_POINT('',#6344);
#1525=VERTEX_POINT('',#6406);
#1526=VERTEX_POINT('',#6468);
#1527=VERTEX_POINT('',#6470);
#1528=VERTEX_POINT('',#6472);
#1529=VERTEX_POINT('',#6481);
#1530=VERTEX_POINT('',#6483);
#1531=VERTEX_POINT('',#6498);
#1532=VERTEX_POINT('',#6500);
#1533=VERTEX_POINT('',#6504);
#1534=VERTEX_POINT('',#6510);
#1535=VERTEX_POINT('',#6572);
#1536=VERTEX_POINT('',#6634);
#1537=VERTEX_POINT('',#6636);
#1538=VERTEX_POINT('',#6638);
#1539=VERTEX_POINT('',#6647);
#1540=VERTEX_POINT('',#6649);
#1541=VERTEX_POINT('',#6664);
#1542=VERTEX_POINT('',#6666);
#1543=VERTEX_POINT('',#6670);
#1544=VERTEX_POINT('',#6676);
#1545=VERTEX_POINT('',#6738);
#1546=VERTEX_POINT('',#6800);
#1547=VERTEX_POINT('',#6802);
#1548=VERTEX_POINT('',#6804);
#1549=VERTEX_POINT('',#6817);
#1550=VERTEX_POINT('',#6819);
#1551=VERTEX_POINT('',#6832);
#1552=VERTEX_POINT('',#6836);
#1553=VERTEX_POINT('',#6838);
#1554=VERTEX_POINT('',#6890);
#1555=VERTEX_POINT('',#6899);
#1556=VERTEX_POINT('',#6966);
#1557=VERTEX_POINT('',#6968);
#1558=VERTEX_POINT('',#6970);
#1559=VERTEX_POINT('',#6983);
#1560=VERTEX_POINT('',#6985);
#1561=VERTEX_POINT('',#6996);
#1562=VERTEX_POINT('',#6998);
#1563=VERTEX_POINT('',#7017);
#1564=VERTEX_POINT('',#7019);
#1565=VERTEX_POINT('',#7071);
#1566=VERTEX_POINT('',#7085);
#1567=VERTEX_POINT('',#7087);
#1568=VERTEX_POINT('',#7090);
#1569=VERTEX_POINT('',#7092);
#1570=VERTEX_POINT('',#7095);
#1571=VERTEX_POINT('',#7097);
#1572=VERTEX_POINT('',#7100);
#1573=VERTEX_POINT('',#7102);
#1574=VERTEX_POINT('',#7105);
#1575=VERTEX_POINT('',#7107);
#1576=VERTEX_POINT('',#7110);
#1577=VERTEX_POINT('',#7112);
#1578=VERTEX_POINT('',#7115);
#1579=VERTEX_POINT('',#7117);
#1580=VERTEX_POINT('',#7168);
#1581=VERTEX_POINT('',#7170);
#1582=VERTEX_POINT('',#7183);
#1583=VERTEX_POINT('',#7185);
#1584=VERTEX_POINT('',#7196);
#1585=VERTEX_POINT('',#7198);
#1586=VERTEX_POINT('',#7217);
#1587=VERTEX_POINT('',#7268);
#1588=VERTEX_POINT('',#7329);
#1589=VERTEX_POINT('',#7331);
#1590=VERTEX_POINT('',#7344);
#1591=VERTEX_POINT('',#7346);
#1592=VERTEX_POINT('',#7357);
#1593=VERTEX_POINT('',#7359);
#1594=VERTEX_POINT('',#7378);
#1595=VERTEX_POINT('',#7429);
#1596=VERTEX_POINT('',#7490);
#1597=VERTEX_POINT('',#7492);
#1598=VERTEX_POINT('',#7505);
#1599=VERTEX_POINT('',#7507);
#1600=VERTEX_POINT('',#7518);
#1601=VERTEX_POINT('',#7520);
#1602=VERTEX_POINT('',#7539);
#1603=VERTEX_POINT('',#7590);
#1604=VERTEX_POINT('',#7651);
#1605=VERTEX_POINT('',#7653);
#1606=VERTEX_POINT('',#7666);
#1607=VERTEX_POINT('',#7668);
#1608=VERTEX_POINT('',#7679);
#1609=VERTEX_POINT('',#7681);
#1610=VERTEX_POINT('',#7700);
#1611=VERTEX_POINT('',#7751);
#1612=VERTEX_POINT('',#7812);
#1613=VERTEX_POINT('',#7814);
#1614=VERTEX_POINT('',#7827);
#1615=VERTEX_POINT('',#7829);
#1616=VERTEX_POINT('',#7840);
#1617=VERTEX_POINT('',#7842);
#1618=VERTEX_POINT('',#7861);
#1619=VERTEX_POINT('',#7912);
#1620=VERTEX_POINT('',#7973);
#1621=VERTEX_POINT('',#7975);
#1622=VERTEX_POINT('',#7988);
#1623=VERTEX_POINT('',#7990);
#1624=VERTEX_POINT('',#8001);
#1625=VERTEX_POINT('',#8003);
#1626=VERTEX_POINT('',#8022);
#1627=VERTEX_POINT('',#8073);
#1628=VERTEX_POINT('',#8134);
#1629=VERTEX_POINT('',#8136);
#1630=VERTEX_POINT('',#8149);
#1631=VERTEX_POINT('',#8151);
#1632=VERTEX_POINT('',#8162);
#1633=VERTEX_POINT('',#8164);
#1634=VERTEX_POINT('',#8183);
#1635=VERTEX_POINT('',#8234);
#1636=EDGE_CURVE('',#1294,#1295,#654,.T.);
#1637=EDGE_CURVE('',#1296,#1294,#655,.T.);
#1638=EDGE_CURVE('',#1297,#1296,#656,.T.);
#1639=EDGE_CURVE('',#1295,#1297,#657,.T.);
#1640=EDGE_CURVE('',#1297,#1296,#234,.T.);
#1641=EDGE_CURVE('',#1298,#1298,#235,.T.);
#1642=EDGE_CURVE('',#1298,#1299,#658,.T.);
#1643=EDGE_CURVE('',#1299,#1300,#119,.T.);
#1644=EDGE_CURVE('',#1300,#1301,#120,.T.);
#1645=EDGE_CURVE('',#1301,#1302,#659,.T.);
#1646=EDGE_CURVE('',#1302,#1295,#236,.T.);
#1647=EDGE_CURVE('',#1294,#1302,#237,.T.);
#1648=EDGE_CURVE('',#1301,#1303,#121,.T.);
#1649=EDGE_CURVE('',#1303,#1299,#122,.T.);
#1650=EDGE_CURVE('',#1304,#1305,#123,.T.);
#1651=EDGE_CURVE('',#1305,#1304,#124,.T.);
#1652=EDGE_CURVE('',#1306,#1306,#238,.T.);
#1653=EDGE_CURVE('',#1300,#1307,#660,.T.);
#1654=EDGE_CURVE('',#1308,#1307,#125,.T.);
#1655=EDGE_CURVE('',#1307,#1308,#126,.T.);
#1656=EDGE_CURVE('',#1305,#1309,#661,.T.);
#1657=EDGE_CURVE('',#1310,#1309,#127,.T.);
#1658=EDGE_CURVE('',#1309,#1310,#128,.T.);
#1659=EDGE_CURVE('',#1311,#1311,#239,.T.);
#1660=EDGE_CURVE('',#1311,#1312,#662,.T.);
#1661=EDGE_CURVE('',#1313,#1312,#240,.T.);
#1662=EDGE_CURVE('',#1312,#1313,#241,.T.);
#1663=EDGE_CURVE('',#1314,#1314,#242,.T.);
#1664=EDGE_CURVE('',#1315,#1316,#663,.T.);
#1665=EDGE_CURVE('',#1317,#1315,#664,.T.);
#1666=EDGE_CURVE('',#1317,#1318,#665,.T.);
#1667=EDGE_CURVE('',#1319,#1318,#129,.T.);
#1668=EDGE_CURVE('',#1320,#1319,#666,.T.);
#1669=EDGE_CURVE('',#1320,#1321,#130,.T.);
#1670=EDGE_CURVE('',#1321,#1316,#667,.T.);
#1671=EDGE_CURVE('',#1322,#1317,#668,.T.);
#1672=EDGE_CURVE('',#1322,#1323,#669,.T.);
#1673=EDGE_CURVE('',#1318,#1323,#670,.T.);
#1674=EDGE_CURVE('',#1324,#1325,#671,.T.);
#1675=EDGE_CURVE('',#1324,#1326,#672,.T.);
#1676=EDGE_CURVE('',#1326,#1325,#673,.T.);
#1677=EDGE_CURVE('',#1316,#1327,#674,.T.);
#1678=EDGE_CURVE('',#1321,#1327,#675,.T.);
#1679=EDGE_CURVE('',#1327,#1324,#41,.T.);
#1680=EDGE_CURVE('',#1328,#1320,#243,.T.);
#1681=EDGE_CURVE('',#1326,#1328,#131,.T.);
#1682=EDGE_CURVE('',#1325,#1329,#676,.T.);
#1683=EDGE_CURVE('',#1330,#1328,#677,.T.);
#1684=EDGE_CURVE('',#1323,#1330,#132,.T.);
#1685=EDGE_CURVE('',#1329,#1322,#678,.T.);
#1686=EDGE_CURVE('',#1330,#1319,#244,.T.);
#1687=EDGE_CURVE('',#1331,#1331,#245,.T.);
#1688=EDGE_CURVE('',#1331,#1332,#679,.T.);
#1689=EDGE_CURVE('',#1332,#1333,#680,.T.);
#1690=EDGE_CURVE('',#1333,#1334,#42,.T.);
#1691=EDGE_CURVE('',#1334,#1335,#681,.T.);
#1692=EDGE_CURVE('',#1335,#1336,#682,.T.);
#1693=EDGE_CURVE('',#1337,#1336,#246,.T.);
#1694=EDGE_CURVE('',#1337,#1338,#683,.T.);
#1695=EDGE_CURVE('',#1338,#1339,#684,.T.);
#1696=EDGE_CURVE('',#1339,#1340,#43,.T.);
#1697=EDGE_CURVE('',#1340,#1341,#685,.T.);
#1698=EDGE_CURVE('',#1341,#1342,#686,.T.);
#1699=EDGE_CURVE('',#1343,#1342,#247,.T.);
#1700=EDGE_CURVE('',#1343,#1344,#687,.T.);
#1701=EDGE_CURVE('',#1344,#1345,#688,.T.);
#1702=EDGE_CURVE('',#1345,#1346,#44,.T.);
#1703=EDGE_CURVE('',#1346,#1347,#689,.T.);
#1704=EDGE_CURVE('',#1347,#1348,#690,.T.);
#1705=EDGE_CURVE('',#1349,#1348,#248,.T.);
#1706=EDGE_CURVE('',#1349,#1350,#691,.T.);
#1707=EDGE_CURVE('',#1350,#1351,#692,.T.);
#1708=EDGE_CURVE('',#1351,#1352,#45,.T.);
#1709=EDGE_CURVE('',#1352,#1353,#693,.T.);
#1710=EDGE_CURVE('',#1353,#1354,#694,.T.);
#1711=EDGE_CURVE('',#1355,#1354,#249,.T.);
#1712=EDGE_CURVE('',#1355,#1356,#695,.T.);
#1713=EDGE_CURVE('',#1356,#1357,#46,.T.);
#1714=EDGE_CURVE('',#1357,#1358,#47,.T.);
#1715=EDGE_CURVE('',#1358,#1359,#48,.T.);
#1716=EDGE_CURVE('',#1359,#1360,#696,.T.);
#1717=EDGE_CURVE('',#1361,#1360,#250,.T.);
#1718=EDGE_CURVE('',#1361,#1362,#697,.T.);
#1719=EDGE_CURVE('',#1362,#1363,#49,.T.);
#1720=EDGE_CURVE('',#1363,#1364,#50,.T.);
#1721=EDGE_CURVE('',#1364,#1365,#51,.T.);
#1722=EDGE_CURVE('',#1365,#1366,#698,.T.);
#1723=EDGE_CURVE('',#1367,#1366,#251,.T.);
#1724=EDGE_CURVE('',#1367,#1368,#699,.T.);
#1725=EDGE_CURVE('',#1368,#1369,#52,.T.);
#1726=EDGE_CURVE('',#1369,#1370,#53,.T.);
#1727=EDGE_CURVE('',#1370,#1371,#54,.T.);
#1728=EDGE_CURVE('',#1371,#1372,#700,.T.);
#1729=EDGE_CURVE('',#1373,#1372,#252,.T.);
#1730=EDGE_CURVE('',#1373,#1374,#701,.T.);
#1731=EDGE_CURVE('',#1374,#1375,#702,.T.);
#1732=EDGE_CURVE('',#1375,#1376,#55,.T.);
#1733=EDGE_CURVE('',#1376,#1377,#703,.T.);
#1734=EDGE_CURVE('',#1377,#1378,#704,.T.);
#1735=EDGE_CURVE('',#1379,#1378,#253,.T.);
#1736=EDGE_CURVE('',#1379,#1380,#705,.T.);
#1737=EDGE_CURVE('',#1380,#1381,#56,.T.);
#1738=EDGE_CURVE('',#1381,#1382,#57,.T.);
#1739=EDGE_CURVE('',#1382,#1383,#58,.T.);
#1740=EDGE_CURVE('',#1383,#1384,#706,.T.);
#1741=EDGE_CURVE('',#1385,#1384,#254,.T.);
#1742=EDGE_CURVE('',#1385,#1386,#707,.T.);
#1743=EDGE_CURVE('',#1386,#1387,#59,.T.);
#1744=EDGE_CURVE('',#1387,#1388,#60,.T.);
#1745=EDGE_CURVE('',#1388,#1389,#61,.T.);
#1746=EDGE_CURVE('',#1389,#1390,#708,.T.);
#1747=EDGE_CURVE('',#1391,#1390,#255,.T.);
#1748=EDGE_CURVE('',#1391,#1392,#709,.T.);
#1749=EDGE_CURVE('',#1392,#1393,#62,.T.);
#1750=EDGE_CURVE('',#1393,#1394,#63,.T.);
#1751=EDGE_CURVE('',#1394,#1395,#64,.T.);
#1752=EDGE_CURVE('',#1395,#1396,#710,.T.);
#1753=EDGE_CURVE('',#1397,#1396,#256,.T.);
#1754=EDGE_CURVE('',#1397,#1398,#711,.T.);
#1755=EDGE_CURVE('',#1398,#1399,#712,.T.);
#1756=EDGE_CURVE('',#1399,#1400,#65,.T.);
#1757=EDGE_CURVE('',#1400,#1401,#713,.T.);
#1758=EDGE_CURVE('',#1401,#1402,#714,.T.);
#1759=EDGE_CURVE('',#1403,#1402,#257,.T.);
#1760=EDGE_CURVE('',#1403,#1404,#715,.T.);
#1761=EDGE_CURVE('',#1404,#1405,#716,.T.);
#1762=EDGE_CURVE('',#1405,#1406,#66,.T.);
#1763=EDGE_CURVE('',#1406,#1407,#717,.T.);
#1764=EDGE_CURVE('',#1407,#1408,#718,.T.);
#1765=EDGE_CURVE('',#1409,#1408,#258,.T.);
#1766=EDGE_CURVE('',#1409,#1410,#719,.T.);
#1767=EDGE_CURVE('',#1410,#1411,#720,.T.);
#1768=EDGE_CURVE('',#1411,#1412,#67,.T.);
#1769=EDGE_CURVE('',#1412,#1413,#721,.T.);
#1770=EDGE_CURVE('',#1413,#1414,#722,.T.);
#1771=EDGE_CURVE('',#1415,#1414,#259,.T.);
#1772=EDGE_CURVE('',#1415,#1416,#723,.T.);
#1773=EDGE_CURVE('',#1416,#1417,#724,.T.);
#1774=EDGE_CURVE('',#1417,#1418,#68,.T.);
#1775=EDGE_CURVE('',#1418,#1419,#725,.T.);
#1776=EDGE_CURVE('',#1419,#1420,#726,.T.);
#1777=EDGE_CURVE('',#1421,#1420,#260,.T.);
#1778=EDGE_CURVE('',#1421,#1422,#727,.T.);
#1779=EDGE_CURVE('',#1422,#1423,#728,.T.);
#1780=EDGE_CURVE('',#1423,#1424,#69,.T.);
#1781=EDGE_CURVE('',#1424,#1425,#729,.T.);
#1782=EDGE_CURVE('',#1425,#1426,#730,.T.);
#1783=EDGE_CURVE('',#1427,#1426,#261,.T.);
#1784=EDGE_CURVE('',#1427,#1428,#731,.T.);
#1785=EDGE_CURVE('',#1428,#1429,#732,.T.);
#1786=EDGE_CURVE('',#1429,#1430,#70,.T.);
#1787=EDGE_CURVE('',#1430,#1431,#733,.T.);
#1788=EDGE_CURVE('',#1431,#1432,#734,.T.);
#1789=EDGE_CURVE('',#1315,#1432,#262,.T.);
#1790=EDGE_CURVE('',#1433,#1329,#263,.T.);
#1791=EDGE_CURVE('',#1433,#1434,#735,.T.);
#1792=EDGE_CURVE('',#1434,#1435,#736,.T.);
#1793=EDGE_CURVE('',#1435,#1436,#71,.T.);
#1794=EDGE_CURVE('',#1436,#1437,#737,.T.);
#1795=EDGE_CURVE('',#1437,#1438,#738,.T.);
#1796=EDGE_CURVE('',#1439,#1438,#264,.T.);
#1797=EDGE_CURVE('',#1439,#1440,#739,.T.);
#1798=EDGE_CURVE('',#1440,#1441,#740,.T.);
#1799=EDGE_CURVE('',#1441,#1442,#72,.T.);
#1800=EDGE_CURVE('',#1442,#1443,#741,.T.);
#1801=EDGE_CURVE('',#1443,#1444,#742,.T.);
#1802=EDGE_CURVE('',#1445,#1444,#265,.T.);
#1803=EDGE_CURVE('',#1445,#1332,#743,.T.);
#1804=EDGE_CURVE('',#1446,#1433,#744,.T.);
#1805=EDGE_CURVE('',#1446,#1447,#745,.T.);
#1806=EDGE_CURVE('',#1448,#1447,#133,.T.);
#1807=EDGE_CURVE('',#1449,#1448,#746,.T.);
#1808=EDGE_CURVE('',#1449,#1450,#134,.T.);
#1809=EDGE_CURVE('',#1450,#1434,#747,.T.);
#1810=EDGE_CURVE('',#1451,#1446,#748,.T.);
#1811=EDGE_CURVE('',#1451,#1452,#749,.T.);
#1812=EDGE_CURVE('',#1447,#1452,#750,.T.);
#1813=EDGE_CURVE('',#1436,#1453,#751,.T.);
#1814=EDGE_CURVE('',#1453,#1437,#752,.T.);
#1815=EDGE_CURVE('',#1450,#1435,#753,.T.);
#1816=EDGE_CURVE('',#1454,#1449,#266,.T.);
#1817=EDGE_CURVE('',#1453,#1454,#135,.T.);
#1818=EDGE_CURVE('',#1455,#1454,#754,.T.);
#1819=EDGE_CURVE('',#1452,#1455,#136,.T.);
#1820=EDGE_CURVE('',#1438,#1451,#755,.T.);
#1821=EDGE_CURVE('',#1455,#1448,#267,.T.);
#1822=EDGE_CURVE('',#1456,#1343,#756,.T.);
#1823=EDGE_CURVE('',#1456,#1457,#757,.T.);
#1824=EDGE_CURVE('',#1458,#1457,#137,.T.);
#1825=EDGE_CURVE('',#1459,#1458,#758,.T.);
#1826=EDGE_CURVE('',#1459,#1460,#138,.T.);
#1827=EDGE_CURVE('',#1460,#1344,#759,.T.);
#1828=EDGE_CURVE('',#1461,#1456,#760,.T.);
#1829=EDGE_CURVE('',#1461,#1462,#761,.T.);
#1830=EDGE_CURVE('',#1457,#1462,#762,.T.);
#1831=EDGE_CURVE('',#1346,#1463,#763,.T.);
#1832=EDGE_CURVE('',#1463,#1347,#764,.T.);
#1833=EDGE_CURVE('',#1460,#1345,#765,.T.);
#1834=EDGE_CURVE('',#1464,#1459,#268,.T.);
#1835=EDGE_CURVE('',#1463,#1464,#139,.T.);
#1836=EDGE_CURVE('',#1465,#1464,#766,.T.);
#1837=EDGE_CURVE('',#1462,#1465,#140,.T.);
#1838=EDGE_CURVE('',#1348,#1461,#767,.T.);
#1839=EDGE_CURVE('',#1465,#1458,#269,.T.);
#1840=EDGE_CURVE('',#1466,#1349,#768,.T.);
#1841=EDGE_CURVE('',#1466,#1467,#769,.T.);
#1842=EDGE_CURVE('',#1468,#1467,#141,.T.);
#1843=EDGE_CURVE('',#1469,#1468,#770,.T.);
#1844=EDGE_CURVE('',#1469,#1470,#142,.T.);
#1845=EDGE_CURVE('',#1470,#1350,#771,.T.);
#1846=EDGE_CURVE('',#1471,#1466,#772,.T.);
#1847=EDGE_CURVE('',#1471,#1472,#773,.T.);
#1848=EDGE_CURVE('',#1467,#1472,#774,.T.);
#1849=EDGE_CURVE('',#1352,#1473,#775,.T.);
#1850=EDGE_CURVE('',#1473,#1353,#776,.T.);
#1851=EDGE_CURVE('',#1470,#1351,#777,.T.);
#1852=EDGE_CURVE('',#1474,#1469,#270,.T.);
#1853=EDGE_CURVE('',#1473,#1474,#143,.T.);
#1854=EDGE_CURVE('',#1475,#1474,#778,.T.);
#1855=EDGE_CURVE('',#1472,#1475,#144,.T.);
#1856=EDGE_CURVE('',#1354,#1471,#779,.T.);
#1857=EDGE_CURVE('',#1475,#1468,#271,.T.);
#1858=EDGE_CURVE('',#1476,#1445,#780,.T.);
#1859=EDGE_CURVE('',#1476,#1477,#781,.T.);
#1860=EDGE_CURVE('',#1478,#1477,#145,.T.);
#1861=EDGE_CURVE('',#1479,#1478,#782,.T.);
#1862=EDGE_CURVE('',#1479,#1480,#146,.T.);
#1863=EDGE_CURVE('',#1480,#1332,#783,.T.);
#1864=EDGE_CURVE('',#1481,#1476,#784,.T.);
#1865=EDGE_CURVE('',#1481,#1482,#785,.T.);
#1866=EDGE_CURVE('',#1477,#1482,#786,.T.);
#1867=EDGE_CURVE('',#1334,#1483,#787,.T.);
#1868=EDGE_CURVE('',#1483,#1335,#788,.T.);
#1869=EDGE_CURVE('',#1480,#1333,#789,.T.);
#1870=EDGE_CURVE('',#1484,#1479,#272,.T.);
#1871=EDGE_CURVE('',#1483,#1484,#147,.T.);
#1872=EDGE_CURVE('',#1485,#1484,#790,.T.);
#1873=EDGE_CURVE('',#1482,#1485,#148,.T.);
#1874=EDGE_CURVE('',#1336,#1481,#791,.T.);
#1875=EDGE_CURVE('',#1485,#1478,#273,.T.);
#1876=EDGE_CURVE('',#1486,#1337,#792,.T.);
#1877=EDGE_CURVE('',#1486,#1487,#793,.T.);
#1878=EDGE_CURVE('',#1488,#1487,#149,.T.);
#1879=EDGE_CURVE('',#1489,#1488,#794,.T.);
#1880=EDGE_CURVE('',#1489,#1490,#150,.T.);
#1881=EDGE_CURVE('',#1490,#1338,#795,.T.);
#1882=EDGE_CURVE('',#1491,#1486,#796,.T.);
#1883=EDGE_CURVE('',#1491,#1492,#797,.T.);
#1884=EDGE_CURVE('',#1487,#1492,#798,.T.);
#1885=EDGE_CURVE('',#1340,#1493,#799,.T.);
#1886=EDGE_CURVE('',#1493,#1341,#800,.T.);
#1887=EDGE_CURVE('',#1490,#1339,#801,.T.);
#1888=EDGE_CURVE('',#1494,#1489,#274,.T.);
#1889=EDGE_CURVE('',#1493,#1494,#151,.T.);
#1890=EDGE_CURVE('',#1495,#1494,#802,.T.);
#1891=EDGE_CURVE('',#1492,#1495,#152,.T.);
#1892=EDGE_CURVE('',#1342,#1491,#803,.T.);
#1893=EDGE_CURVE('',#1495,#1488,#275,.T.);
#1894=EDGE_CURVE('',#1496,#1361,#804,.T.);
#1895=EDGE_CURVE('',#1496,#1497,#805,.T.);
#1896=EDGE_CURVE('',#1498,#1497,#153,.T.);
#1897=EDGE_CURVE('',#1499,#1498,#806,.T.);
#1898=EDGE_CURVE('',#1499,#1500,#154,.T.);
#1899=EDGE_CURVE('',#1500,#1362,#807,.T.);
#1900=EDGE_CURVE('',#1501,#1496,#808,.T.);
#1901=EDGE_CURVE('',#1501,#1502,#809,.T.);
#1902=EDGE_CURVE('',#1497,#1502,#810,.T.);
#1903=EDGE_CURVE('',#1364,#1503,#811,.T.);
#1904=EDGE_CURVE('',#1503,#1365,#812,.T.);
#1905=EDGE_CURVE('',#1500,#1363,#813,.T.);
#1906=EDGE_CURVE('',#1504,#1499,#276,.T.);
#1907=EDGE_CURVE('',#1503,#1504,#155,.T.);
#1908=EDGE_CURVE('',#1505,#1504,#814,.T.);
#1909=EDGE_CURVE('',#1502,#1505,#156,.T.);
#1910=EDGE_CURVE('',#1366,#1501,#815,.T.);
#1911=EDGE_CURVE('',#1505,#1498,#277,.T.);
#1912=EDGE_CURVE('',#1506,#1439,#816,.T.);
#1913=EDGE_CURVE('',#1506,#1507,#817,.T.);
#1914=EDGE_CURVE('',#1508,#1507,#157,.T.);
#1915=EDGE_CURVE('',#1509,#1508,#818,.T.);
#1916=EDGE_CURVE('',#1509,#1510,#158,.T.);
#1917=EDGE_CURVE('',#1510,#1440,#819,.T.);
#1918=EDGE_CURVE('',#1511,#1506,#820,.T.);
#1919=EDGE_CURVE('',#1511,#1512,#821,.T.);
#1920=EDGE_CURVE('',#1507,#1512,#822,.T.);
#1921=EDGE_CURVE('',#1442,#1513,#823,.T.);
#1922=EDGE_CURVE('',#1513,#1443,#824,.T.);
#1923=EDGE_CURVE('',#1510,#1441,#825,.T.);
#1924=EDGE_CURVE('',#1514,#1509,#278,.T.);
#1925=EDGE_CURVE('',#1513,#1514,#159,.T.);
#1926=EDGE_CURVE('',#1515,#1514,#826,.T.);
#1927=EDGE_CURVE('',#1512,#1515,#160,.T.);
#1928=EDGE_CURVE('',#1444,#1511,#827,.T.);
#1929=EDGE_CURVE('',#1515,#1508,#279,.T.);
#1930=EDGE_CURVE('',#1516,#1355,#828,.T.);
#1931=EDGE_CURVE('',#1516,#1517,#829,.T.);
#1932=EDGE_CURVE('',#1518,#1517,#161,.T.);
#1933=EDGE_CURVE('',#1519,#1518,#830,.T.);
#1934=EDGE_CURVE('',#1519,#1520,#162,.T.);
#1935=EDGE_CURVE('',#1520,#1356,#831,.T.);
#1936=EDGE_CURVE('',#1521,#1516,#832,.T.);
#1937=EDGE_CURVE('',#1521,#1522,#833,.T.);
#1938=EDGE_CURVE('',#1517,#1522,#834,.T.);
#1939=EDGE_CURVE('',#1358,#1523,#835,.T.);
#1940=EDGE_CURVE('',#1523,#1359,#836,.T.);
#1941=EDGE_CURVE('',#1520,#1357,#837,.T.);
#1942=EDGE_CURVE('',#1524,#1519,#280,.T.);
#1943=EDGE_CURVE('',#1523,#1524,#163,.T.);
#1944=EDGE_CURVE('',#1525,#1524,#838,.T.);
#1945=EDGE_CURVE('',#1522,#1525,#164,.T.);
#1946=EDGE_CURVE('',#1360,#1521,#839,.T.);
#1947=EDGE_CURVE('',#1525,#1518,#281,.T.);
#1948=EDGE_CURVE('',#1526,#1367,#840,.T.);
#1949=EDGE_CURVE('',#1526,#1527,#841,.T.);
#1950=EDGE_CURVE('',#1528,#1527,#165,.T.);
#1951=EDGE_CURVE('',#1529,#1528,#842,.T.);
#1952=EDGE_CURVE('',#1529,#1530,#166,.T.);
#1953=EDGE_CURVE('',#1530,#1368,#843,.T.);
#1954=EDGE_CURVE('',#1531,#1526,#844,.T.);
#1955=EDGE_CURVE('',#1531,#1532,#845,.T.);
#1956=EDGE_CURVE('',#1527,#1532,#846,.T.);
#1957=EDGE_CURVE('',#1370,#1533,#847,.T.);
#1958=EDGE_CURVE('',#1533,#1371,#848,.T.);
#1959=EDGE_CURVE('',#1530,#1369,#849,.T.);
#1960=EDGE_CURVE('',#1534,#1529,#282,.T.);
#1961=EDGE_CURVE('',#1533,#1534,#167,.T.);
#1962=EDGE_CURVE('',#1535,#1534,#850,.T.);
#1963=EDGE_CURVE('',#1532,#1535,#168,.T.);
#1964=EDGE_CURVE('',#1372,#1531,#851,.T.);
#1965=EDGE_CURVE('',#1535,#1528,#283,.T.);
#1966=EDGE_CURVE('',#1536,#1379,#852,.T.);
#1967=EDGE_CURVE('',#1536,#1537,#853,.T.);
#1968=EDGE_CURVE('',#1538,#1537,#169,.T.);
#1969=EDGE_CURVE('',#1539,#1538,#854,.T.);
#1970=EDGE_CURVE('',#1539,#1540,#170,.T.);
#1971=EDGE_CURVE('',#1540,#1380,#855,.T.);
#1972=EDGE_CURVE('',#1541,#1536,#856,.T.);
#1973=EDGE_CURVE('',#1541,#1542,#857,.T.);
#1974=EDGE_CURVE('',#1537,#1542,#858,.T.);
#1975=EDGE_CURVE('',#1382,#1543,#859,.T.);
#1976=EDGE_CURVE('',#1543,#1383,#860,.T.);
#1977=EDGE_CURVE('',#1540,#1381,#861,.T.);
#1978=EDGE_CURVE('',#1544,#1539,#284,.T.);
#1979=EDGE_CURVE('',#1543,#1544,#171,.T.);
#1980=EDGE_CURVE('',#1545,#1544,#862,.T.);
#1981=EDGE_CURVE('',#1542,#1545,#172,.T.);
#1982=EDGE_CURVE('',#1384,#1541,#863,.T.);
#1983=EDGE_CURVE('',#1545,#1538,#285,.T.);
#1984=EDGE_CURVE('',#1390,#1546,#864,.T.);
#1985=EDGE_CURVE('',#1547,#1389,#865,.T.);
#1986=EDGE_CURVE('',#1547,#1548,#173,.T.);
#1987=EDGE_CURVE('',#1549,#1548,#866,.T.);
#1988=EDGE_CURVE('',#1550,#1549,#174,.T.);
#1989=EDGE_CURVE('',#1546,#1550,#867,.T.);
#1990=EDGE_CURVE('',#1388,#1547,#868,.T.);
#1991=EDGE_CURVE('',#1551,#1386,#869,.T.);
#1992=EDGE_CURVE('',#1551,#1387,#870,.T.);
#1993=EDGE_CURVE('',#1546,#1552,#871,.T.);
#1994=EDGE_CURVE('',#1553,#1550,#872,.T.);
#1995=EDGE_CURVE('',#1552,#1553,#873,.T.);
#1996=EDGE_CURVE('',#1552,#1385,#874,.T.);
#1997=EDGE_CURVE('',#1554,#1553,#175,.T.);
#1998=EDGE_CURVE('',#1555,#1554,#875,.T.);
#1999=EDGE_CURVE('',#1555,#1551,#176,.T.);
#2000=EDGE_CURVE('',#1548,#1555,#286,.T.);
#2001=EDGE_CURVE('',#1549,#1554,#287,.T.);
#2002=EDGE_CURVE('',#1378,#1556,#876,.T.);
#2003=EDGE_CURVE('',#1557,#1377,#877,.T.);
#2004=EDGE_CURVE('',#1557,#1558,#177,.T.);
#2005=EDGE_CURVE('',#1559,#1558,#878,.T.);
#2006=EDGE_CURVE('',#1560,#1559,#178,.T.);
#2007=EDGE_CURVE('',#1556,#1560,#879,.T.);
#2008=EDGE_CURVE('',#1561,#1375,#880,.T.);
#2009=EDGE_CURVE('',#1562,#1561,#179,.T.);
#2010=EDGE_CURVE('',#1558,#1562,#288,.T.);
#2011=EDGE_CURVE('',#1376,#1557,#881,.T.);
#2012=EDGE_CURVE('',#1561,#1374,#882,.T.);
#2013=EDGE_CURVE('',#1556,#1563,#883,.T.);
#2014=EDGE_CURVE('',#1564,#1560,#884,.T.);
#2015=EDGE_CURVE('',#1563,#1564,#885,.T.);
#2016=EDGE_CURVE('',#1563,#1373,#886,.T.);
#2017=EDGE_CURVE('',#1565,#1564,#180,.T.);
#2018=EDGE_CURVE('',#1562,#1565,#887,.T.);
#2019=EDGE_CURVE('',#1559,#1565,#289,.T.);
#2020=EDGE_CURVE('',#1432,#1566,#888,.T.);
#2021=EDGE_CURVE('',#1566,#1567,#889,.T.);
#2022=EDGE_CURVE('',#1567,#1427,#890,.T.);
#2023=EDGE_CURVE('',#1426,#1568,#891,.T.);
#2024=EDGE_CURVE('',#1568,#1569,#892,.T.);
#2025=EDGE_CURVE('',#1569,#1421,#893,.T.);
#2026=EDGE_CURVE('',#1420,#1570,#894,.T.);
#2027=EDGE_CURVE('',#1570,#1571,#895,.T.);
#2028=EDGE_CURVE('',#1571,#1415,#896,.T.);
#2029=EDGE_CURVE('',#1414,#1572,#897,.T.);
#2030=EDGE_CURVE('',#1572,#1573,#898,.T.);
#2031=EDGE_CURVE('',#1573,#1409,#899,.T.);
#2032=EDGE_CURVE('',#1408,#1574,#900,.T.);
#2033=EDGE_CURVE('',#1574,#1575,#901,.T.);
#2034=EDGE_CURVE('',#1575,#1403,#902,.T.);
#2035=EDGE_CURVE('',#1402,#1576,#903,.T.);
#2036=EDGE_CURVE('',#1576,#1577,#904,.T.);
#2037=EDGE_CURVE('',#1577,#1397,#905,.T.);
#2038=EDGE_CURVE('',#1396,#1578,#906,.T.);
#2039=EDGE_CURVE('',#1578,#1579,#907,.T.);
#2040=EDGE_CURVE('',#1579,#1391,#908,.T.);
#2041=EDGE_CURVE('',#1580,#1401,#909,.T.);
#2042=EDGE_CURVE('',#1580,#1581,#181,.T.);
#2043=EDGE_CURVE('',#1582,#1581,#910,.T.);
#2044=EDGE_CURVE('',#1583,#1582,#182,.T.);
#2045=EDGE_CURVE('',#1576,#1583,#911,.T.);
#2046=EDGE_CURVE('',#1584,#1399,#912,.T.);
#2047=EDGE_CURVE('',#1585,#1584,#183,.T.);
#2048=EDGE_CURVE('',#1581,#1585,#290,.T.);
#2049=EDGE_CURVE('',#1400,#1580,#913,.T.);
#2050=EDGE_CURVE('',#1584,#1398,#914,.T.);
#2051=EDGE_CURVE('',#1586,#1583,#915,.T.);
#2052=EDGE_CURVE('',#1577,#1586,#916,.T.);
#2053=EDGE_CURVE('',#1587,#1586,#184,.T.);
#2054=EDGE_CURVE('',#1585,#1587,#917,.T.);
#2055=EDGE_CURVE('',#1582,#1587,#291,.T.);
#2056=EDGE_CURVE('',#1588,#1407,#918,.T.);
#2057=EDGE_CURVE('',#1588,#1589,#185,.T.);
#2058=EDGE_CURVE('',#1590,#1589,#919,.T.);
#2059=EDGE_CURVE('',#1591,#1590,#186,.T.);
#2060=EDGE_CURVE('',#1574,#1591,#920,.T.);
#2061=EDGE_CURVE('',#1592,#1405,#921,.T.);
#2062=EDGE_CURVE('',#1593,#1592,#187,.T.);
#2063=EDGE_CURVE('',#1589,#1593,#292,.T.);
#2064=EDGE_CURVE('',#1406,#1588,#922,.T.);
#2065=EDGE_CURVE('',#1592,#1404,#923,.T.);
#2066=EDGE_CURVE('',#1594,#1591,#924,.T.);
#2067=EDGE_CURVE('',#1575,#1594,#925,.T.);
#2068=EDGE_CURVE('',#1595,#1594,#188,.T.);
#2069=EDGE_CURVE('',#1593,#1595,#926,.T.);
#2070=EDGE_CURVE('',#1590,#1595,#293,.T.);
#2071=EDGE_CURVE('',#1596,#1431,#927,.T.);
#2072=EDGE_CURVE('',#1596,#1597,#189,.T.);
#2073=EDGE_CURVE('',#1598,#1597,#928,.T.);
#2074=EDGE_CURVE('',#1599,#1598,#190,.T.);
#2075=EDGE_CURVE('',#1566,#1599,#929,.T.);
#2076=EDGE_CURVE('',#1600,#1429,#930,.T.);
#2077=EDGE_CURVE('',#1601,#1600,#191,.T.);
#2078=EDGE_CURVE('',#1597,#1601,#294,.T.);
#2079=EDGE_CURVE('',#1430,#1596,#931,.T.);
#2080=EDGE_CURVE('',#1600,#1428,#932,.T.);
#2081=EDGE_CURVE('',#1602,#1599,#933,.T.);
#2082=EDGE_CURVE('',#1567,#1602,#934,.T.);
#2083=EDGE_CURVE('',#1603,#1602,#192,.T.);
#2084=EDGE_CURVE('',#1601,#1603,#935,.T.);
#2085=EDGE_CURVE('',#1598,#1603,#295,.T.);
#2086=EDGE_CURVE('',#1604,#1425,#936,.T.);
#2087=EDGE_CURVE('',#1604,#1605,#193,.T.);
#2088=EDGE_CURVE('',#1606,#1605,#937,.T.);
#2089=EDGE_CURVE('',#1607,#1606,#194,.T.);
#2090=EDGE_CURVE('',#1568,#1607,#938,.T.);
#2091=EDGE_CURVE('',#1608,#1423,#939,.T.);
#2092=EDGE_CURVE('',#1609,#1608,#195,.T.);
#2093=EDGE_CURVE('',#1605,#1609,#296,.T.);
#2094=EDGE_CURVE('',#1424,#1604,#940,.T.);
#2095=EDGE_CURVE('',#1608,#1422,#941,.T.);
#2096=EDGE_CURVE('',#1610,#1607,#942,.T.);
#2097=EDGE_CURVE('',#1569,#1610,#943,.T.);
#2098=EDGE_CURVE('',#1611,#1610,#196,.T.);
#2099=EDGE_CURVE('',#1609,#1611,#944,.T.);
#2100=EDGE_CURVE('',#1606,#1611,#297,.T.);
#2101=EDGE_CURVE('',#1612,#1419,#945,.T.);
#2102=EDGE_CURVE('',#1612,#1613,#197,.T.);
#2103=EDGE_CURVE('',#1614,#1613,#946,.T.);
#2104=EDGE_CURVE('',#1615,#1614,#198,.T.);
#2105=EDGE_CURVE('',#1570,#1615,#947,.T.);
#2106=EDGE_CURVE('',#1616,#1417,#948,.T.);
#2107=EDGE_CURVE('',#1617,#1616,#199,.T.);
#2108=EDGE_CURVE('',#1613,#1617,#298,.T.);
#2109=EDGE_CURVE('',#1418,#1612,#949,.T.);
#2110=EDGE_CURVE('',#1616,#1416,#950,.T.);
#2111=EDGE_CURVE('',#1618,#1615,#951,.T.);
#2112=EDGE_CURVE('',#1571,#1618,#952,.T.);
#2113=EDGE_CURVE('',#1619,#1618,#200,.T.);
#2114=EDGE_CURVE('',#1617,#1619,#953,.T.);
#2115=EDGE_CURVE('',#1614,#1619,#299,.T.);
#2116=EDGE_CURVE('',#1620,#1413,#954,.T.);
#2117=EDGE_CURVE('',#1620,#1621,#201,.T.);
#2118=EDGE_CURVE('',#1622,#1621,#955,.T.);
#2119=EDGE_CURVE('',#1623,#1622,#202,.T.);
#2120=EDGE_CURVE('',#1572,#1623,#956,.T.);
#2121=EDGE_CURVE('',#1624,#1411,#957,.T.);
#2122=EDGE_CURVE('',#1625,#1624,#203,.T.);
#2123=EDGE_CURVE('',#1621,#1625,#300,.T.);
#2124=EDGE_CURVE('',#1412,#1620,#958,.T.);
#2125=EDGE_CURVE('',#1624,#1410,#959,.T.);
#2126=EDGE_CURVE('',#1626,#1623,#960,.T.);
#2127=EDGE_CURVE('',#1573,#1626,#961,.T.);
#2128=EDGE_CURVE('',#1627,#1626,#204,.T.);
#2129=EDGE_CURVE('',#1625,#1627,#962,.T.);
#2130=EDGE_CURVE('',#1622,#1627,#301,.T.);
#2131=EDGE_CURVE('',#1628,#1395,#963,.T.);
#2132=EDGE_CURVE('',#1628,#1629,#205,.T.);
#2133=EDGE_CURVE('',#1630,#1629,#964,.T.);
#2134=EDGE_CURVE('',#1631,#1630,#206,.T.);
#2135=EDGE_CURVE('',#1578,#1631,#965,.T.);
#2136=EDGE_CURVE('',#1632,#1393,#966,.T.);
#2137=EDGE_CURVE('',#1633,#1632,#207,.T.);
#2138=EDGE_CURVE('',#1629,#1633,#302,.T.);
#2139=EDGE_CURVE('',#1394,#1628,#967,.T.);
#2140=EDGE_CURVE('',#1632,#1392,#968,.T.);
#2141=EDGE_CURVE('',#1634,#1631,#969,.T.);
#2142=EDGE_CURVE('',#1579,#1634,#970,.T.);
#2143=EDGE_CURVE('',#1635,#1634,#208,.T.);
#2144=EDGE_CURVE('',#1633,#1635,#971,.T.);
#2145=EDGE_CURVE('',#1630,#1635,#303,.T.);
#2146=EDGE_CURVE('',#1314,#1306,#972,.T.);
#2147=EDGE_CURVE('',#1331,#1313,#973,.T.);
#2148=ORIENTED_EDGE('',*,*,#1636,.F.);
#2149=ORIENTED_EDGE('',*,*,#1637,.F.);
#2150=ORIENTED_EDGE('',*,*,#1638,.F.);
#2151=ORIENTED_EDGE('',*,*,#1639,.F.);
#2152=ORIENTED_EDGE('',*,*,#1638,.T.);
#2153=ORIENTED_EDGE('',*,*,#1640,.F.);
#2154=ORIENTED_EDGE('',*,*,#1641,.F.);
#2155=ORIENTED_EDGE('',*,*,#1642,.T.);
#2156=ORIENTED_EDGE('',*,*,#1643,.T.);
#2157=ORIENTED_EDGE('',*,*,#1644,.T.);
#2158=ORIENTED_EDGE('',*,*,#1645,.T.);
#2159=ORIENTED_EDGE('',*,*,#1646,.T.);
#2160=ORIENTED_EDGE('',*,*,#1639,.T.);
#2161=ORIENTED_EDGE('',*,*,#1640,.T.);
#2162=ORIENTED_EDGE('',*,*,#1637,.T.);
#2163=ORIENTED_EDGE('',*,*,#1647,.T.);
#2164=ORIENTED_EDGE('',*,*,#1645,.F.);
#2165=ORIENTED_EDGE('',*,*,#1648,.T.);
#2166=ORIENTED_EDGE('',*,*,#1649,.T.);
#2167=ORIENTED_EDGE('',*,*,#1642,.F.);
#2168=ORIENTED_EDGE('',*,*,#1650,.T.);
#2169=ORIENTED_EDGE('',*,*,#1651,.T.);
#2170=ORIENTED_EDGE('',*,*,#1652,.F.);
#2171=ORIENTED_EDGE('',*,*,#1641,.T.);
#2172=ORIENTED_EDGE('',*,*,#1649,.F.);
#2173=ORIENTED_EDGE('',*,*,#1648,.F.);
#2174=ORIENTED_EDGE('',*,*,#1644,.F.);
#2175=ORIENTED_EDGE('',*,*,#1653,.T.);
#2176=ORIENTED_EDGE('',*,*,#1654,.F.);
#2177=ORIENTED_EDGE('',*,*,#1655,.F.);
#2178=ORIENTED_EDGE('',*,*,#1653,.F.);
#2179=ORIENTED_EDGE('',*,*,#1643,.F.);
#2180=ORIENTED_EDGE('',*,*,#1650,.F.);
#2181=ORIENTED_EDGE('',*,*,#1651,.F.);
#2182=ORIENTED_EDGE('',*,*,#1656,.T.);
#2183=ORIENTED_EDGE('',*,*,#1657,.F.);
#2184=ORIENTED_EDGE('',*,*,#1658,.F.);
#2185=ORIENTED_EDGE('',*,*,#1656,.F.);
#2186=ORIENTED_EDGE('',*,*,#1659,.F.);
#2187=ORIENTED_EDGE('',*,*,#1660,.T.);
#2188=ORIENTED_EDGE('',*,*,#1661,.F.);
#2189=ORIENTED_EDGE('',*,*,#1662,.F.);
#2190=ORIENTED_EDGE('',*,*,#1660,.F.);
#2191=ORIENTED_EDGE('',*,*,#1654,.T.);
#2192=ORIENTED_EDGE('',*,*,#1655,.T.);
#2193=ORIENTED_EDGE('',*,*,#1657,.T.);
#2194=ORIENTED_EDGE('',*,*,#1658,.T.);
#2195=ORIENTED_EDGE('',*,*,#1659,.T.);
#2196=ORIENTED_EDGE('',*,*,#1663,.T.);
#2197=ORIENTED_EDGE('',*,*,#1664,.F.);
#2198=ORIENTED_EDGE('',*,*,#1665,.F.);
#2199=ORIENTED_EDGE('',*,*,#1666,.T.);
#2200=ORIENTED_EDGE('',*,*,#1667,.F.);
#2201=ORIENTED_EDGE('',*,*,#1668,.F.);
#2202=ORIENTED_EDGE('',*,*,#1669,.T.);
#2203=ORIENTED_EDGE('',*,*,#1670,.T.);
#2204=ORIENTED_EDGE('',*,*,#1671,.F.);
#2205=ORIENTED_EDGE('',*,*,#1672,.T.);
#2206=ORIENTED_EDGE('',*,*,#1673,.F.);
#2207=ORIENTED_EDGE('',*,*,#1666,.F.);
#2208=ORIENTED_EDGE('',*,*,#1674,.F.);
#2209=ORIENTED_EDGE('',*,*,#1675,.T.);
#2210=ORIENTED_EDGE('',*,*,#1676,.T.);
#2211=ORIENTED_EDGE('',*,*,#1677,.F.);
#2212=ORIENTED_EDGE('',*,*,#1670,.F.);
#2213=ORIENTED_EDGE('',*,*,#1678,.T.);
#2214=ORIENTED_EDGE('',*,*,#1679,.F.);
#2215=ORIENTED_EDGE('',*,*,#1678,.F.);
#2216=ORIENTED_EDGE('',*,*,#1669,.F.);
#2217=ORIENTED_EDGE('',*,*,#1680,.F.);
#2218=ORIENTED_EDGE('',*,*,#1681,.F.);
#2219=ORIENTED_EDGE('',*,*,#1675,.F.);
#2220=ORIENTED_EDGE('',*,*,#1682,.F.);
#2221=ORIENTED_EDGE('',*,*,#1676,.F.);
#2222=ORIENTED_EDGE('',*,*,#1681,.T.);
#2223=ORIENTED_EDGE('',*,*,#1683,.F.);
#2224=ORIENTED_EDGE('',*,*,#1684,.F.);
#2225=ORIENTED_EDGE('',*,*,#1672,.F.);
#2226=ORIENTED_EDGE('',*,*,#1685,.F.);
#2227=ORIENTED_EDGE('',*,*,#1686,.F.);
#2228=ORIENTED_EDGE('',*,*,#1683,.T.);
#2229=ORIENTED_EDGE('',*,*,#1680,.T.);
#2230=ORIENTED_EDGE('',*,*,#1668,.T.);
#2231=ORIENTED_EDGE('',*,*,#1684,.T.);
#2232=ORIENTED_EDGE('',*,*,#1686,.T.);
#2233=ORIENTED_EDGE('',*,*,#1667,.T.);
#2234=ORIENTED_EDGE('',*,*,#1673,.T.);
#2235=ORIENTED_EDGE('',*,*,#1687,.T.);
#2236=ORIENTED_EDGE('',*,*,#1688,.T.);
#2237=ORIENTED_EDGE('',*,*,#1689,.T.);
#2238=ORIENTED_EDGE('',*,*,#1690,.T.);
#2239=ORIENTED_EDGE('',*,*,#1691,.T.);
#2240=ORIENTED_EDGE('',*,*,#1692,.T.);
#2241=ORIENTED_EDGE('',*,*,#1693,.F.);
#2242=ORIENTED_EDGE('',*,*,#1694,.T.);
#2243=ORIENTED_EDGE('',*,*,#1695,.T.);
#2244=ORIENTED_EDGE('',*,*,#1696,.T.);
#2245=ORIENTED_EDGE('',*,*,#1697,.T.);
#2246=ORIENTED_EDGE('',*,*,#1698,.T.);
#2247=ORIENTED_EDGE('',*,*,#1699,.F.);
#2248=ORIENTED_EDGE('',*,*,#1700,.T.);
#2249=ORIENTED_EDGE('',*,*,#1701,.T.);
#2250=ORIENTED_EDGE('',*,*,#1702,.T.);
#2251=ORIENTED_EDGE('',*,*,#1703,.T.);
#2252=ORIENTED_EDGE('',*,*,#1704,.T.);
#2253=ORIENTED_EDGE('',*,*,#1705,.F.);
#2254=ORIENTED_EDGE('',*,*,#1706,.T.);
#2255=ORIENTED_EDGE('',*,*,#1707,.T.);
#2256=ORIENTED_EDGE('',*,*,#1708,.T.);
#2257=ORIENTED_EDGE('',*,*,#1709,.T.);
#2258=ORIENTED_EDGE('',*,*,#1710,.T.);
#2259=ORIENTED_EDGE('',*,*,#1711,.F.);
#2260=ORIENTED_EDGE('',*,*,#1712,.T.);
#2261=ORIENTED_EDGE('',*,*,#1713,.T.);
#2262=ORIENTED_EDGE('',*,*,#1714,.T.);
#2263=ORIENTED_EDGE('',*,*,#1715,.T.);
#2264=ORIENTED_EDGE('',*,*,#1716,.T.);
#2265=ORIENTED_EDGE('',*,*,#1717,.F.);
#2266=ORIENTED_EDGE('',*,*,#1718,.T.);
#2267=ORIENTED_EDGE('',*,*,#1719,.T.);
#2268=ORIENTED_EDGE('',*,*,#1720,.T.);
#2269=ORIENTED_EDGE('',*,*,#1721,.T.);
#2270=ORIENTED_EDGE('',*,*,#1722,.T.);
#2271=ORIENTED_EDGE('',*,*,#1723,.F.);
#2272=ORIENTED_EDGE('',*,*,#1724,.T.);
#2273=ORIENTED_EDGE('',*,*,#1725,.T.);
#2274=ORIENTED_EDGE('',*,*,#1726,.T.);
#2275=ORIENTED_EDGE('',*,*,#1727,.T.);
#2276=ORIENTED_EDGE('',*,*,#1728,.T.);
#2277=ORIENTED_EDGE('',*,*,#1729,.F.);
#2278=ORIENTED_EDGE('',*,*,#1730,.T.);
#2279=ORIENTED_EDGE('',*,*,#1731,.T.);
#2280=ORIENTED_EDGE('',*,*,#1732,.T.);
#2281=ORIENTED_EDGE('',*,*,#1733,.T.);
#2282=ORIENTED_EDGE('',*,*,#1734,.T.);
#2283=ORIENTED_EDGE('',*,*,#1735,.F.);
#2284=ORIENTED_EDGE('',*,*,#1736,.T.);
#2285=ORIENTED_EDGE('',*,*,#1737,.T.);
#2286=ORIENTED_EDGE('',*,*,#1738,.T.);
#2287=ORIENTED_EDGE('',*,*,#1739,.T.);
#2288=ORIENTED_EDGE('',*,*,#1740,.T.);
#2289=ORIENTED_EDGE('',*,*,#1741,.F.);
#2290=ORIENTED_EDGE('',*,*,#1742,.T.);
#2291=ORIENTED_EDGE('',*,*,#1743,.T.);
#2292=ORIENTED_EDGE('',*,*,#1744,.T.);
#2293=ORIENTED_EDGE('',*,*,#1745,.T.);
#2294=ORIENTED_EDGE('',*,*,#1746,.T.);
#2295=ORIENTED_EDGE('',*,*,#1747,.F.);
#2296=ORIENTED_EDGE('',*,*,#1748,.T.);
#2297=ORIENTED_EDGE('',*,*,#1749,.T.);
#2298=ORIENTED_EDGE('',*,*,#1750,.T.);
#2299=ORIENTED_EDGE('',*,*,#1751,.T.);
#2300=ORIENTED_EDGE('',*,*,#1752,.T.);
#2301=ORIENTED_EDGE('',*,*,#1753,.F.);
#2302=ORIENTED_EDGE('',*,*,#1754,.T.);
#2303=ORIENTED_EDGE('',*,*,#1755,.T.);
#2304=ORIENTED_EDGE('',*,*,#1756,.T.);
#2305=ORIENTED_EDGE('',*,*,#1757,.T.);
#2306=ORIENTED_EDGE('',*,*,#1758,.T.);
#2307=ORIENTED_EDGE('',*,*,#1759,.F.);
#2308=ORIENTED_EDGE('',*,*,#1760,.T.);
#2309=ORIENTED_EDGE('',*,*,#1761,.T.);
#2310=ORIENTED_EDGE('',*,*,#1762,.T.);
#2311=ORIENTED_EDGE('',*,*,#1763,.T.);
#2312=ORIENTED_EDGE('',*,*,#1764,.T.);
#2313=ORIENTED_EDGE('',*,*,#1765,.F.);
#2314=ORIENTED_EDGE('',*,*,#1766,.T.);
#2315=ORIENTED_EDGE('',*,*,#1767,.T.);
#2316=ORIENTED_EDGE('',*,*,#1768,.T.);
#2317=ORIENTED_EDGE('',*,*,#1769,.T.);
#2318=ORIENTED_EDGE('',*,*,#1770,.T.);
#2319=ORIENTED_EDGE('',*,*,#1771,.F.);
#2320=ORIENTED_EDGE('',*,*,#1772,.T.);
#2321=ORIENTED_EDGE('',*,*,#1773,.T.);
#2322=ORIENTED_EDGE('',*,*,#1774,.T.);
#2323=ORIENTED_EDGE('',*,*,#1775,.T.);
#2324=ORIENTED_EDGE('',*,*,#1776,.T.);
#2325=ORIENTED_EDGE('',*,*,#1777,.F.);
#2326=ORIENTED_EDGE('',*,*,#1778,.T.);
#2327=ORIENTED_EDGE('',*,*,#1779,.T.);
#2328=ORIENTED_EDGE('',*,*,#1780,.T.);
#2329=ORIENTED_EDGE('',*,*,#1781,.T.);
#2330=ORIENTED_EDGE('',*,*,#1782,.T.);
#2331=ORIENTED_EDGE('',*,*,#1783,.F.);
#2332=ORIENTED_EDGE('',*,*,#1784,.T.);
#2333=ORIENTED_EDGE('',*,*,#1785,.T.);
#2334=ORIENTED_EDGE('',*,*,#1786,.T.);
#2335=ORIENTED_EDGE('',*,*,#1787,.T.);
#2336=ORIENTED_EDGE('',*,*,#1788,.T.);
#2337=ORIENTED_EDGE('',*,*,#1789,.F.);
#2338=ORIENTED_EDGE('',*,*,#1664,.T.);
#2339=ORIENTED_EDGE('',*,*,#1677,.T.);
#2340=ORIENTED_EDGE('',*,*,#1679,.T.);
#2341=ORIENTED_EDGE('',*,*,#1674,.T.);
#2342=ORIENTED_EDGE('',*,*,#1682,.T.);
#2343=ORIENTED_EDGE('',*,*,#1790,.F.);
#2344=ORIENTED_EDGE('',*,*,#1791,.T.);
#2345=ORIENTED_EDGE('',*,*,#1792,.T.);
#2346=ORIENTED_EDGE('',*,*,#1793,.T.);
#2347=ORIENTED_EDGE('',*,*,#1794,.T.);
#2348=ORIENTED_EDGE('',*,*,#1795,.T.);
#2349=ORIENTED_EDGE('',*,*,#1796,.F.);
#2350=ORIENTED_EDGE('',*,*,#1797,.T.);
#2351=ORIENTED_EDGE('',*,*,#1798,.T.);
#2352=ORIENTED_EDGE('',*,*,#1799,.T.);
#2353=ORIENTED_EDGE('',*,*,#1800,.T.);
#2354=ORIENTED_EDGE('',*,*,#1801,.T.);
#2355=ORIENTED_EDGE('',*,*,#1802,.F.);
#2356=ORIENTED_EDGE('',*,*,#1803,.T.);
#2357=ORIENTED_EDGE('',*,*,#1688,.F.);
#2358=ORIENTED_EDGE('',*,*,#1791,.F.);
#2359=ORIENTED_EDGE('',*,*,#1804,.F.);
#2360=ORIENTED_EDGE('',*,*,#1805,.T.);
#2361=ORIENTED_EDGE('',*,*,#1806,.F.);
#2362=ORIENTED_EDGE('',*,*,#1807,.F.);
#2363=ORIENTED_EDGE('',*,*,#1808,.T.);
#2364=ORIENTED_EDGE('',*,*,#1809,.T.);
#2365=ORIENTED_EDGE('',*,*,#1810,.F.);
#2366=ORIENTED_EDGE('',*,*,#1811,.T.);
#2367=ORIENTED_EDGE('',*,*,#1812,.F.);
#2368=ORIENTED_EDGE('',*,*,#1805,.F.);
#2369=ORIENTED_EDGE('',*,*,#1794,.F.);
#2370=ORIENTED_EDGE('',*,*,#1813,.T.);
#2371=ORIENTED_EDGE('',*,*,#1814,.T.);
#2372=ORIENTED_EDGE('',*,*,#1792,.F.);
#2373=ORIENTED_EDGE('',*,*,#1809,.F.);
#2374=ORIENTED_EDGE('',*,*,#1815,.T.);
#2375=ORIENTED_EDGE('',*,*,#1793,.F.);
#2376=ORIENTED_EDGE('',*,*,#1815,.F.);
#2377=ORIENTED_EDGE('',*,*,#1808,.F.);
#2378=ORIENTED_EDGE('',*,*,#1816,.F.);
#2379=ORIENTED_EDGE('',*,*,#1817,.F.);
#2380=ORIENTED_EDGE('',*,*,#1813,.F.);
#2381=ORIENTED_EDGE('',*,*,#1795,.F.);
#2382=ORIENTED_EDGE('',*,*,#1814,.F.);
#2383=ORIENTED_EDGE('',*,*,#1817,.T.);
#2384=ORIENTED_EDGE('',*,*,#1818,.F.);
#2385=ORIENTED_EDGE('',*,*,#1819,.F.);
#2386=ORIENTED_EDGE('',*,*,#1811,.F.);
#2387=ORIENTED_EDGE('',*,*,#1820,.F.);
#2388=ORIENTED_EDGE('',*,*,#1821,.F.);
#2389=ORIENTED_EDGE('',*,*,#1818,.T.);
#2390=ORIENTED_EDGE('',*,*,#1816,.T.);
#2391=ORIENTED_EDGE('',*,*,#1807,.T.);
#2392=ORIENTED_EDGE('',*,*,#1819,.T.);
#2393=ORIENTED_EDGE('',*,*,#1821,.T.);
#2394=ORIENTED_EDGE('',*,*,#1806,.T.);
#2395=ORIENTED_EDGE('',*,*,#1812,.T.);
#2396=ORIENTED_EDGE('',*,*,#1700,.F.);
#2397=ORIENTED_EDGE('',*,*,#1822,.F.);
#2398=ORIENTED_EDGE('',*,*,#1823,.T.);
#2399=ORIENTED_EDGE('',*,*,#1824,.F.);
#2400=ORIENTED_EDGE('',*,*,#1825,.F.);
#2401=ORIENTED_EDGE('',*,*,#1826,.T.);
#2402=ORIENTED_EDGE('',*,*,#1827,.T.);
#2403=ORIENTED_EDGE('',*,*,#1828,.F.);
#2404=ORIENTED_EDGE('',*,*,#1829,.T.);
#2405=ORIENTED_EDGE('',*,*,#1830,.F.);
#2406=ORIENTED_EDGE('',*,*,#1823,.F.);
#2407=ORIENTED_EDGE('',*,*,#1703,.F.);
#2408=ORIENTED_EDGE('',*,*,#1831,.T.);
#2409=ORIENTED_EDGE('',*,*,#1832,.T.);
#2410=ORIENTED_EDGE('',*,*,#1701,.F.);
#2411=ORIENTED_EDGE('',*,*,#1827,.F.);
#2412=ORIENTED_EDGE('',*,*,#1833,.T.);
#2413=ORIENTED_EDGE('',*,*,#1702,.F.);
#2414=ORIENTED_EDGE('',*,*,#1833,.F.);
#2415=ORIENTED_EDGE('',*,*,#1826,.F.);
#2416=ORIENTED_EDGE('',*,*,#1834,.F.);
#2417=ORIENTED_EDGE('',*,*,#1835,.F.);
#2418=ORIENTED_EDGE('',*,*,#1831,.F.);
#2419=ORIENTED_EDGE('',*,*,#1704,.F.);
#2420=ORIENTED_EDGE('',*,*,#1832,.F.);
#2421=ORIENTED_EDGE('',*,*,#1835,.T.);
#2422=ORIENTED_EDGE('',*,*,#1836,.F.);
#2423=ORIENTED_EDGE('',*,*,#1837,.F.);
#2424=ORIENTED_EDGE('',*,*,#1829,.F.);
#2425=ORIENTED_EDGE('',*,*,#1838,.F.);
#2426=ORIENTED_EDGE('',*,*,#1839,.F.);
#2427=ORIENTED_EDGE('',*,*,#1836,.T.);
#2428=ORIENTED_EDGE('',*,*,#1834,.T.);
#2429=ORIENTED_EDGE('',*,*,#1825,.T.);
#2430=ORIENTED_EDGE('',*,*,#1837,.T.);
#2431=ORIENTED_EDGE('',*,*,#1839,.T.);
#2432=ORIENTED_EDGE('',*,*,#1824,.T.);
#2433=ORIENTED_EDGE('',*,*,#1830,.T.);
#2434=ORIENTED_EDGE('',*,*,#1706,.F.);
#2435=ORIENTED_EDGE('',*,*,#1840,.F.);
#2436=ORIENTED_EDGE('',*,*,#1841,.T.);
#2437=ORIENTED_EDGE('',*,*,#1842,.F.);
#2438=ORIENTED_EDGE('',*,*,#1843,.F.);
#2439=ORIENTED_EDGE('',*,*,#1844,.T.);
#2440=ORIENTED_EDGE('',*,*,#1845,.T.);
#2441=ORIENTED_EDGE('',*,*,#1846,.F.);
#2442=ORIENTED_EDGE('',*,*,#1847,.T.);
#2443=ORIENTED_EDGE('',*,*,#1848,.F.);
#2444=ORIENTED_EDGE('',*,*,#1841,.F.);
#2445=ORIENTED_EDGE('',*,*,#1709,.F.);
#2446=ORIENTED_EDGE('',*,*,#1849,.T.);
#2447=ORIENTED_EDGE('',*,*,#1850,.T.);
#2448=ORIENTED_EDGE('',*,*,#1707,.F.);
#2449=ORIENTED_EDGE('',*,*,#1845,.F.);
#2450=ORIENTED_EDGE('',*,*,#1851,.T.);
#2451=ORIENTED_EDGE('',*,*,#1708,.F.);
#2452=ORIENTED_EDGE('',*,*,#1851,.F.);
#2453=ORIENTED_EDGE('',*,*,#1844,.F.);
#2454=ORIENTED_EDGE('',*,*,#1852,.F.);
#2455=ORIENTED_EDGE('',*,*,#1853,.F.);
#2456=ORIENTED_EDGE('',*,*,#1849,.F.);
#2457=ORIENTED_EDGE('',*,*,#1710,.F.);
#2458=ORIENTED_EDGE('',*,*,#1850,.F.);
#2459=ORIENTED_EDGE('',*,*,#1853,.T.);
#2460=ORIENTED_EDGE('',*,*,#1854,.F.);
#2461=ORIENTED_EDGE('',*,*,#1855,.F.);
#2462=ORIENTED_EDGE('',*,*,#1847,.F.);
#2463=ORIENTED_EDGE('',*,*,#1856,.F.);
#2464=ORIENTED_EDGE('',*,*,#1857,.F.);
#2465=ORIENTED_EDGE('',*,*,#1854,.T.);
#2466=ORIENTED_EDGE('',*,*,#1852,.T.);
#2467=ORIENTED_EDGE('',*,*,#1843,.T.);
#2468=ORIENTED_EDGE('',*,*,#1855,.T.);
#2469=ORIENTED_EDGE('',*,*,#1857,.T.);
#2470=ORIENTED_EDGE('',*,*,#1842,.T.);
#2471=ORIENTED_EDGE('',*,*,#1848,.T.);
#2472=ORIENTED_EDGE('',*,*,#1803,.F.);
#2473=ORIENTED_EDGE('',*,*,#1858,.F.);
#2474=ORIENTED_EDGE('',*,*,#1859,.T.);
#2475=ORIENTED_EDGE('',*,*,#1860,.F.);
#2476=ORIENTED_EDGE('',*,*,#1861,.F.);
#2477=ORIENTED_EDGE('',*,*,#1862,.T.);
#2478=ORIENTED_EDGE('',*,*,#1863,.T.);
#2479=ORIENTED_EDGE('',*,*,#1864,.F.);
#2480=ORIENTED_EDGE('',*,*,#1865,.T.);
#2481=ORIENTED_EDGE('',*,*,#1866,.F.);
#2482=ORIENTED_EDGE('',*,*,#1859,.F.);
#2483=ORIENTED_EDGE('',*,*,#1691,.F.);
#2484=ORIENTED_EDGE('',*,*,#1867,.T.);
#2485=ORIENTED_EDGE('',*,*,#1868,.T.);
#2486=ORIENTED_EDGE('',*,*,#1689,.F.);
#2487=ORIENTED_EDGE('',*,*,#1863,.F.);
#2488=ORIENTED_EDGE('',*,*,#1869,.T.);
#2489=ORIENTED_EDGE('',*,*,#1690,.F.);
#2490=ORIENTED_EDGE('',*,*,#1869,.F.);
#2491=ORIENTED_EDGE('',*,*,#1862,.F.);
#2492=ORIENTED_EDGE('',*,*,#1870,.F.);
#2493=ORIENTED_EDGE('',*,*,#1871,.F.);
#2494=ORIENTED_EDGE('',*,*,#1867,.F.);
#2495=ORIENTED_EDGE('',*,*,#1692,.F.);
#2496=ORIENTED_EDGE('',*,*,#1868,.F.);
#2497=ORIENTED_EDGE('',*,*,#1871,.T.);
#2498=ORIENTED_EDGE('',*,*,#1872,.F.);
#2499=ORIENTED_EDGE('',*,*,#1873,.F.);
#2500=ORIENTED_EDGE('',*,*,#1865,.F.);
#2501=ORIENTED_EDGE('',*,*,#1874,.F.);
#2502=ORIENTED_EDGE('',*,*,#1875,.F.);
#2503=ORIENTED_EDGE('',*,*,#1872,.T.);
#2504=ORIENTED_EDGE('',*,*,#1870,.T.);
#2505=ORIENTED_EDGE('',*,*,#1861,.T.);
#2506=ORIENTED_EDGE('',*,*,#1873,.T.);
#2507=ORIENTED_EDGE('',*,*,#1875,.T.);
#2508=ORIENTED_EDGE('',*,*,#1860,.T.);
#2509=ORIENTED_EDGE('',*,*,#1866,.T.);
#2510=ORIENTED_EDGE('',*,*,#1694,.F.);
#2511=ORIENTED_EDGE('',*,*,#1876,.F.);
#2512=ORIENTED_EDGE('',*,*,#1877,.T.);
#2513=ORIENTED_EDGE('',*,*,#1878,.F.);
#2514=ORIENTED_EDGE('',*,*,#1879,.F.);
#2515=ORIENTED_EDGE('',*,*,#1880,.T.);
#2516=ORIENTED_EDGE('',*,*,#1881,.T.);
#2517=ORIENTED_EDGE('',*,*,#1882,.F.);
#2518=ORIENTED_EDGE('',*,*,#1883,.T.);
#2519=ORIENTED_EDGE('',*,*,#1884,.F.);
#2520=ORIENTED_EDGE('',*,*,#1877,.F.);
#2521=ORIENTED_EDGE('',*,*,#1697,.F.);
#2522=ORIENTED_EDGE('',*,*,#1885,.T.);
#2523=ORIENTED_EDGE('',*,*,#1886,.T.);
#2524=ORIENTED_EDGE('',*,*,#1695,.F.);
#2525=ORIENTED_EDGE('',*,*,#1881,.F.);
#2526=ORIENTED_EDGE('',*,*,#1887,.T.);
#2527=ORIENTED_EDGE('',*,*,#1696,.F.);
#2528=ORIENTED_EDGE('',*,*,#1887,.F.);
#2529=ORIENTED_EDGE('',*,*,#1880,.F.);
#2530=ORIENTED_EDGE('',*,*,#1888,.F.);
#2531=ORIENTED_EDGE('',*,*,#1889,.F.);
#2532=ORIENTED_EDGE('',*,*,#1885,.F.);
#2533=ORIENTED_EDGE('',*,*,#1698,.F.);
#2534=ORIENTED_EDGE('',*,*,#1886,.F.);
#2535=ORIENTED_EDGE('',*,*,#1889,.T.);
#2536=ORIENTED_EDGE('',*,*,#1890,.F.);
#2537=ORIENTED_EDGE('',*,*,#1891,.F.);
#2538=ORIENTED_EDGE('',*,*,#1883,.F.);
#2539=ORIENTED_EDGE('',*,*,#1892,.F.);
#2540=ORIENTED_EDGE('',*,*,#1893,.F.);
#2541=ORIENTED_EDGE('',*,*,#1890,.T.);
#2542=ORIENTED_EDGE('',*,*,#1888,.T.);
#2543=ORIENTED_EDGE('',*,*,#1879,.T.);
#2544=ORIENTED_EDGE('',*,*,#1891,.T.);
#2545=ORIENTED_EDGE('',*,*,#1893,.T.);
#2546=ORIENTED_EDGE('',*,*,#1878,.T.);
#2547=ORIENTED_EDGE('',*,*,#1884,.T.);
#2548=ORIENTED_EDGE('',*,*,#1718,.F.);
#2549=ORIENTED_EDGE('',*,*,#1894,.F.);
#2550=ORIENTED_EDGE('',*,*,#1895,.T.);
#2551=ORIENTED_EDGE('',*,*,#1896,.F.);
#2552=ORIENTED_EDGE('',*,*,#1897,.F.);
#2553=ORIENTED_EDGE('',*,*,#1898,.T.);
#2554=ORIENTED_EDGE('',*,*,#1899,.T.);
#2555=ORIENTED_EDGE('',*,*,#1900,.F.);
#2556=ORIENTED_EDGE('',*,*,#1901,.T.);
#2557=ORIENTED_EDGE('',*,*,#1902,.F.);
#2558=ORIENTED_EDGE('',*,*,#1895,.F.);
#2559=ORIENTED_EDGE('',*,*,#1721,.F.);
#2560=ORIENTED_EDGE('',*,*,#1903,.T.);
#2561=ORIENTED_EDGE('',*,*,#1904,.T.);
#2562=ORIENTED_EDGE('',*,*,#1719,.F.);
#2563=ORIENTED_EDGE('',*,*,#1899,.F.);
#2564=ORIENTED_EDGE('',*,*,#1905,.T.);
#2565=ORIENTED_EDGE('',*,*,#1720,.F.);
#2566=ORIENTED_EDGE('',*,*,#1905,.F.);
#2567=ORIENTED_EDGE('',*,*,#1898,.F.);
#2568=ORIENTED_EDGE('',*,*,#1906,.F.);
#2569=ORIENTED_EDGE('',*,*,#1907,.F.);
#2570=ORIENTED_EDGE('',*,*,#1903,.F.);
#2571=ORIENTED_EDGE('',*,*,#1722,.F.);
#2572=ORIENTED_EDGE('',*,*,#1904,.F.);
#2573=ORIENTED_EDGE('',*,*,#1907,.T.);
#2574=ORIENTED_EDGE('',*,*,#1908,.F.);
#2575=ORIENTED_EDGE('',*,*,#1909,.F.);
#2576=ORIENTED_EDGE('',*,*,#1901,.F.);
#2577=ORIENTED_EDGE('',*,*,#1910,.F.);
#2578=ORIENTED_EDGE('',*,*,#1911,.F.);
#2579=ORIENTED_EDGE('',*,*,#1908,.T.);
#2580=ORIENTED_EDGE('',*,*,#1906,.T.);
#2581=ORIENTED_EDGE('',*,*,#1897,.T.);
#2582=ORIENTED_EDGE('',*,*,#1909,.T.);
#2583=ORIENTED_EDGE('',*,*,#1911,.T.);
#2584=ORIENTED_EDGE('',*,*,#1896,.T.);
#2585=ORIENTED_EDGE('',*,*,#1902,.T.);
#2586=ORIENTED_EDGE('',*,*,#1797,.F.);
#2587=ORIENTED_EDGE('',*,*,#1912,.F.);
#2588=ORIENTED_EDGE('',*,*,#1913,.T.);
#2589=ORIENTED_EDGE('',*,*,#1914,.F.);
#2590=ORIENTED_EDGE('',*,*,#1915,.F.);
#2591=ORIENTED_EDGE('',*,*,#1916,.T.);
#2592=ORIENTED_EDGE('',*,*,#1917,.T.);
#2593=ORIENTED_EDGE('',*,*,#1918,.F.);
#2594=ORIENTED_EDGE('',*,*,#1919,.T.);
#2595=ORIENTED_EDGE('',*,*,#1920,.F.);
#2596=ORIENTED_EDGE('',*,*,#1913,.F.);
#2597=ORIENTED_EDGE('',*,*,#1800,.F.);
#2598=ORIENTED_EDGE('',*,*,#1921,.T.);
#2599=ORIENTED_EDGE('',*,*,#1922,.T.);
#2600=ORIENTED_EDGE('',*,*,#1798,.F.);
#2601=ORIENTED_EDGE('',*,*,#1917,.F.);
#2602=ORIENTED_EDGE('',*,*,#1923,.T.);
#2603=ORIENTED_EDGE('',*,*,#1799,.F.);
#2604=ORIENTED_EDGE('',*,*,#1923,.F.);
#2605=ORIENTED_EDGE('',*,*,#1916,.F.);
#2606=ORIENTED_EDGE('',*,*,#1924,.F.);
#2607=ORIENTED_EDGE('',*,*,#1925,.F.);
#2608=ORIENTED_EDGE('',*,*,#1921,.F.);
#2609=ORIENTED_EDGE('',*,*,#1801,.F.);
#2610=ORIENTED_EDGE('',*,*,#1922,.F.);
#2611=ORIENTED_EDGE('',*,*,#1925,.T.);
#2612=ORIENTED_EDGE('',*,*,#1926,.F.);
#2613=ORIENTED_EDGE('',*,*,#1927,.F.);
#2614=ORIENTED_EDGE('',*,*,#1919,.F.);
#2615=ORIENTED_EDGE('',*,*,#1928,.F.);
#2616=ORIENTED_EDGE('',*,*,#1929,.F.);
#2617=ORIENTED_EDGE('',*,*,#1926,.T.);
#2618=ORIENTED_EDGE('',*,*,#1924,.T.);
#2619=ORIENTED_EDGE('',*,*,#1915,.T.);
#2620=ORIENTED_EDGE('',*,*,#1927,.T.);
#2621=ORIENTED_EDGE('',*,*,#1929,.T.);
#2622=ORIENTED_EDGE('',*,*,#1914,.T.);
#2623=ORIENTED_EDGE('',*,*,#1920,.T.);
#2624=ORIENTED_EDGE('',*,*,#1712,.F.);
#2625=ORIENTED_EDGE('',*,*,#1930,.F.);
#2626=ORIENTED_EDGE('',*,*,#1931,.T.);
#2627=ORIENTED_EDGE('',*,*,#1932,.F.);
#2628=ORIENTED_EDGE('',*,*,#1933,.F.);
#2629=ORIENTED_EDGE('',*,*,#1934,.T.);
#2630=ORIENTED_EDGE('',*,*,#1935,.T.);
#2631=ORIENTED_EDGE('',*,*,#1936,.F.);
#2632=ORIENTED_EDGE('',*,*,#1937,.T.);
#2633=ORIENTED_EDGE('',*,*,#1938,.F.);
#2634=ORIENTED_EDGE('',*,*,#1931,.F.);
#2635=ORIENTED_EDGE('',*,*,#1715,.F.);
#2636=ORIENTED_EDGE('',*,*,#1939,.T.);
#2637=ORIENTED_EDGE('',*,*,#1940,.T.);
#2638=ORIENTED_EDGE('',*,*,#1713,.F.);
#2639=ORIENTED_EDGE('',*,*,#1935,.F.);
#2640=ORIENTED_EDGE('',*,*,#1941,.T.);
#2641=ORIENTED_EDGE('',*,*,#1714,.F.);
#2642=ORIENTED_EDGE('',*,*,#1941,.F.);
#2643=ORIENTED_EDGE('',*,*,#1934,.F.);
#2644=ORIENTED_EDGE('',*,*,#1942,.F.);
#2645=ORIENTED_EDGE('',*,*,#1943,.F.);
#2646=ORIENTED_EDGE('',*,*,#1939,.F.);
#2647=ORIENTED_EDGE('',*,*,#1716,.F.);
#2648=ORIENTED_EDGE('',*,*,#1940,.F.);
#2649=ORIENTED_EDGE('',*,*,#1943,.T.);
#2650=ORIENTED_EDGE('',*,*,#1944,.F.);
#2651=ORIENTED_EDGE('',*,*,#1945,.F.);
#2652=ORIENTED_EDGE('',*,*,#1937,.F.);
#2653=ORIENTED_EDGE('',*,*,#1946,.F.);
#2654=ORIENTED_EDGE('',*,*,#1947,.F.);
#2655=ORIENTED_EDGE('',*,*,#1944,.T.);
#2656=ORIENTED_EDGE('',*,*,#1942,.T.);
#2657=ORIENTED_EDGE('',*,*,#1933,.T.);
#2658=ORIENTED_EDGE('',*,*,#1945,.T.);
#2659=ORIENTED_EDGE('',*,*,#1947,.T.);
#2660=ORIENTED_EDGE('',*,*,#1932,.T.);
#2661=ORIENTED_EDGE('',*,*,#1938,.T.);
#2662=ORIENTED_EDGE('',*,*,#1724,.F.);
#2663=ORIENTED_EDGE('',*,*,#1948,.F.);
#2664=ORIENTED_EDGE('',*,*,#1949,.T.);
#2665=ORIENTED_EDGE('',*,*,#1950,.F.);
#2666=ORIENTED_EDGE('',*,*,#1951,.F.);
#2667=ORIENTED_EDGE('',*,*,#1952,.T.);
#2668=ORIENTED_EDGE('',*,*,#1953,.T.);
#2669=ORIENTED_EDGE('',*,*,#1954,.F.);
#2670=ORIENTED_EDGE('',*,*,#1955,.T.);
#2671=ORIENTED_EDGE('',*,*,#1956,.F.);
#2672=ORIENTED_EDGE('',*,*,#1949,.F.);
#2673=ORIENTED_EDGE('',*,*,#1727,.F.);
#2674=ORIENTED_EDGE('',*,*,#1957,.T.);
#2675=ORIENTED_EDGE('',*,*,#1958,.T.);
#2676=ORIENTED_EDGE('',*,*,#1725,.F.);
#2677=ORIENTED_EDGE('',*,*,#1953,.F.);
#2678=ORIENTED_EDGE('',*,*,#1959,.T.);
#2679=ORIENTED_EDGE('',*,*,#1726,.F.);
#2680=ORIENTED_EDGE('',*,*,#1959,.F.);
#2681=ORIENTED_EDGE('',*,*,#1952,.F.);
#2682=ORIENTED_EDGE('',*,*,#1960,.F.);
#2683=ORIENTED_EDGE('',*,*,#1961,.F.);
#2684=ORIENTED_EDGE('',*,*,#1957,.F.);
#2685=ORIENTED_EDGE('',*,*,#1728,.F.);
#2686=ORIENTED_EDGE('',*,*,#1958,.F.);
#2687=ORIENTED_EDGE('',*,*,#1961,.T.);
#2688=ORIENTED_EDGE('',*,*,#1962,.F.);
#2689=ORIENTED_EDGE('',*,*,#1963,.F.);
#2690=ORIENTED_EDGE('',*,*,#1955,.F.);
#2691=ORIENTED_EDGE('',*,*,#1964,.F.);
#2692=ORIENTED_EDGE('',*,*,#1965,.F.);
#2693=ORIENTED_EDGE('',*,*,#1962,.T.);
#2694=ORIENTED_EDGE('',*,*,#1960,.T.);
#2695=ORIENTED_EDGE('',*,*,#1951,.T.);
#2696=ORIENTED_EDGE('',*,*,#1963,.T.);
#2697=ORIENTED_EDGE('',*,*,#1965,.T.);
#2698=ORIENTED_EDGE('',*,*,#1950,.T.);
#2699=ORIENTED_EDGE('',*,*,#1956,.T.);
#2700=ORIENTED_EDGE('',*,*,#1736,.F.);
#2701=ORIENTED_EDGE('',*,*,#1966,.F.);
#2702=ORIENTED_EDGE('',*,*,#1967,.T.);
#2703=ORIENTED_EDGE('',*,*,#1968,.F.);
#2704=ORIENTED_EDGE('',*,*,#1969,.F.);
#2705=ORIENTED_EDGE('',*,*,#1970,.T.);
#2706=ORIENTED_EDGE('',*,*,#1971,.T.);
#2707=ORIENTED_EDGE('',*,*,#1972,.F.);
#2708=ORIENTED_EDGE('',*,*,#1973,.T.);
#2709=ORIENTED_EDGE('',*,*,#1974,.F.);
#2710=ORIENTED_EDGE('',*,*,#1967,.F.);
#2711=ORIENTED_EDGE('',*,*,#1739,.F.);
#2712=ORIENTED_EDGE('',*,*,#1975,.T.);
#2713=ORIENTED_EDGE('',*,*,#1976,.T.);
#2714=ORIENTED_EDGE('',*,*,#1737,.F.);
#2715=ORIENTED_EDGE('',*,*,#1971,.F.);
#2716=ORIENTED_EDGE('',*,*,#1977,.T.);
#2717=ORIENTED_EDGE('',*,*,#1738,.F.);
#2718=ORIENTED_EDGE('',*,*,#1977,.F.);
#2719=ORIENTED_EDGE('',*,*,#1970,.F.);
#2720=ORIENTED_EDGE('',*,*,#1978,.F.);
#2721=ORIENTED_EDGE('',*,*,#1979,.F.);
#2722=ORIENTED_EDGE('',*,*,#1975,.F.);
#2723=ORIENTED_EDGE('',*,*,#1740,.F.);
#2724=ORIENTED_EDGE('',*,*,#1976,.F.);
#2725=ORIENTED_EDGE('',*,*,#1979,.T.);
#2726=ORIENTED_EDGE('',*,*,#1980,.F.);
#2727=ORIENTED_EDGE('',*,*,#1981,.F.);
#2728=ORIENTED_EDGE('',*,*,#1973,.F.);
#2729=ORIENTED_EDGE('',*,*,#1982,.F.);
#2730=ORIENTED_EDGE('',*,*,#1983,.F.);
#2731=ORIENTED_EDGE('',*,*,#1980,.T.);
#2732=ORIENTED_EDGE('',*,*,#1978,.T.);
#2733=ORIENTED_EDGE('',*,*,#1969,.T.);
#2734=ORIENTED_EDGE('',*,*,#1981,.T.);
#2735=ORIENTED_EDGE('',*,*,#1983,.T.);
#2736=ORIENTED_EDGE('',*,*,#1968,.T.);
#2737=ORIENTED_EDGE('',*,*,#1974,.T.);
#2738=ORIENTED_EDGE('',*,*,#1984,.F.);
#2739=ORIENTED_EDGE('',*,*,#1746,.F.);
#2740=ORIENTED_EDGE('',*,*,#1985,.F.);
#2741=ORIENTED_EDGE('',*,*,#1986,.T.);
#2742=ORIENTED_EDGE('',*,*,#1987,.F.);
#2743=ORIENTED_EDGE('',*,*,#1988,.F.);
#2744=ORIENTED_EDGE('',*,*,#1989,.F.);
#2745=ORIENTED_EDGE('',*,*,#1745,.F.);
#2746=ORIENTED_EDGE('',*,*,#1990,.T.);
#2747=ORIENTED_EDGE('',*,*,#1985,.T.);
#2748=ORIENTED_EDGE('',*,*,#1743,.F.);
#2749=ORIENTED_EDGE('',*,*,#1991,.F.);
#2750=ORIENTED_EDGE('',*,*,#1992,.T.);
#2751=ORIENTED_EDGE('',*,*,#1993,.F.);
#2752=ORIENTED_EDGE('',*,*,#1989,.T.);
#2753=ORIENTED_EDGE('',*,*,#1994,.F.);
#2754=ORIENTED_EDGE('',*,*,#1995,.F.);
#2755=ORIENTED_EDGE('',*,*,#1996,.F.);
#2756=ORIENTED_EDGE('',*,*,#1995,.T.);
#2757=ORIENTED_EDGE('',*,*,#1997,.F.);
#2758=ORIENTED_EDGE('',*,*,#1998,.F.);
#2759=ORIENTED_EDGE('',*,*,#1999,.T.);
#2760=ORIENTED_EDGE('',*,*,#1991,.T.);
#2761=ORIENTED_EDGE('',*,*,#1742,.F.);
#2762=ORIENTED_EDGE('',*,*,#1744,.F.);
#2763=ORIENTED_EDGE('',*,*,#1992,.F.);
#2764=ORIENTED_EDGE('',*,*,#1999,.F.);
#2765=ORIENTED_EDGE('',*,*,#2000,.F.);
#2766=ORIENTED_EDGE('',*,*,#1986,.F.);
#2767=ORIENTED_EDGE('',*,*,#1990,.F.);
#2768=ORIENTED_EDGE('',*,*,#2001,.F.);
#2769=ORIENTED_EDGE('',*,*,#1987,.T.);
#2770=ORIENTED_EDGE('',*,*,#2000,.T.);
#2771=ORIENTED_EDGE('',*,*,#1998,.T.);
#2772=ORIENTED_EDGE('',*,*,#1988,.T.);
#2773=ORIENTED_EDGE('',*,*,#2001,.T.);
#2774=ORIENTED_EDGE('',*,*,#1997,.T.);
#2775=ORIENTED_EDGE('',*,*,#1994,.T.);
#2776=ORIENTED_EDGE('',*,*,#2002,.F.);
#2777=ORIENTED_EDGE('',*,*,#1734,.F.);
#2778=ORIENTED_EDGE('',*,*,#2003,.F.);
#2779=ORIENTED_EDGE('',*,*,#2004,.T.);
#2780=ORIENTED_EDGE('',*,*,#2005,.F.);
#2781=ORIENTED_EDGE('',*,*,#2006,.F.);
#2782=ORIENTED_EDGE('',*,*,#2007,.F.);
#2783=ORIENTED_EDGE('',*,*,#1732,.F.);
#2784=ORIENTED_EDGE('',*,*,#2008,.F.);
#2785=ORIENTED_EDGE('',*,*,#2009,.F.);
#2786=ORIENTED_EDGE('',*,*,#2010,.F.);
#2787=ORIENTED_EDGE('',*,*,#2004,.F.);
#2788=ORIENTED_EDGE('',*,*,#2011,.F.);
#2789=ORIENTED_EDGE('',*,*,#1731,.F.);
#2790=ORIENTED_EDGE('',*,*,#2012,.F.);
#2791=ORIENTED_EDGE('',*,*,#2008,.T.);
#2792=ORIENTED_EDGE('',*,*,#1733,.F.);
#2793=ORIENTED_EDGE('',*,*,#2011,.T.);
#2794=ORIENTED_EDGE('',*,*,#2003,.T.);
#2795=ORIENTED_EDGE('',*,*,#2013,.F.);
#2796=ORIENTED_EDGE('',*,*,#2007,.T.);
#2797=ORIENTED_EDGE('',*,*,#2014,.F.);
#2798=ORIENTED_EDGE('',*,*,#2015,.F.);
#2799=ORIENTED_EDGE('',*,*,#2016,.F.);
#2800=ORIENTED_EDGE('',*,*,#2015,.T.);
#2801=ORIENTED_EDGE('',*,*,#2017,.F.);
#2802=ORIENTED_EDGE('',*,*,#2018,.F.);
#2803=ORIENTED_EDGE('',*,*,#2009,.T.);
#2804=ORIENTED_EDGE('',*,*,#2012,.T.);
#2805=ORIENTED_EDGE('',*,*,#1730,.F.);
#2806=ORIENTED_EDGE('',*,*,#2019,.F.);
#2807=ORIENTED_EDGE('',*,*,#2005,.T.);
#2808=ORIENTED_EDGE('',*,*,#2010,.T.);
#2809=ORIENTED_EDGE('',*,*,#2018,.T.);
#2810=ORIENTED_EDGE('',*,*,#2006,.T.);
#2811=ORIENTED_EDGE('',*,*,#2019,.T.);
#2812=ORIENTED_EDGE('',*,*,#2017,.T.);
#2813=ORIENTED_EDGE('',*,*,#2014,.T.);
#2814=ORIENTED_EDGE('',*,*,#1665,.T.);
#2815=ORIENTED_EDGE('',*,*,#1789,.T.);
#2816=ORIENTED_EDGE('',*,*,#2020,.T.);
#2817=ORIENTED_EDGE('',*,*,#2021,.T.);
#2818=ORIENTED_EDGE('',*,*,#2022,.T.);
#2819=ORIENTED_EDGE('',*,*,#1783,.T.);
#2820=ORIENTED_EDGE('',*,*,#2023,.T.);
#2821=ORIENTED_EDGE('',*,*,#2024,.T.);
#2822=ORIENTED_EDGE('',*,*,#2025,.T.);
#2823=ORIENTED_EDGE('',*,*,#1777,.T.);
#2824=ORIENTED_EDGE('',*,*,#2026,.T.);
#2825=ORIENTED_EDGE('',*,*,#2027,.T.);
#2826=ORIENTED_EDGE('',*,*,#2028,.T.);
#2827=ORIENTED_EDGE('',*,*,#1771,.T.);
#2828=ORIENTED_EDGE('',*,*,#2029,.T.);
#2829=ORIENTED_EDGE('',*,*,#2030,.T.);
#2830=ORIENTED_EDGE('',*,*,#2031,.T.);
#2831=ORIENTED_EDGE('',*,*,#1765,.T.);
#2832=ORIENTED_EDGE('',*,*,#2032,.T.);
#2833=ORIENTED_EDGE('',*,*,#2033,.T.);
#2834=ORIENTED_EDGE('',*,*,#2034,.T.);
#2835=ORIENTED_EDGE('',*,*,#1759,.T.);
#2836=ORIENTED_EDGE('',*,*,#2035,.T.);
#2837=ORIENTED_EDGE('',*,*,#2036,.T.);
#2838=ORIENTED_EDGE('',*,*,#2037,.T.);
#2839=ORIENTED_EDGE('',*,*,#1753,.T.);
#2840=ORIENTED_EDGE('',*,*,#2038,.T.);
#2841=ORIENTED_EDGE('',*,*,#2039,.T.);
#2842=ORIENTED_EDGE('',*,*,#2040,.T.);
#2843=ORIENTED_EDGE('',*,*,#1747,.T.);
#2844=ORIENTED_EDGE('',*,*,#1984,.T.);
#2845=ORIENTED_EDGE('',*,*,#1993,.T.);
#2846=ORIENTED_EDGE('',*,*,#1996,.T.);
#2847=ORIENTED_EDGE('',*,*,#1741,.T.);
#2848=ORIENTED_EDGE('',*,*,#1982,.T.);
#2849=ORIENTED_EDGE('',*,*,#1972,.T.);
#2850=ORIENTED_EDGE('',*,*,#1966,.T.);
#2851=ORIENTED_EDGE('',*,*,#1735,.T.);
#2852=ORIENTED_EDGE('',*,*,#2002,.T.);
#2853=ORIENTED_EDGE('',*,*,#2013,.T.);
#2854=ORIENTED_EDGE('',*,*,#2016,.T.);
#2855=ORIENTED_EDGE('',*,*,#1729,.T.);
#2856=ORIENTED_EDGE('',*,*,#1964,.T.);
#2857=ORIENTED_EDGE('',*,*,#1954,.T.);
#2858=ORIENTED_EDGE('',*,*,#1948,.T.);
#2859=ORIENTED_EDGE('',*,*,#1723,.T.);
#2860=ORIENTED_EDGE('',*,*,#1910,.T.);
#2861=ORIENTED_EDGE('',*,*,#1900,.T.);
#2862=ORIENTED_EDGE('',*,*,#1894,.T.);
#2863=ORIENTED_EDGE('',*,*,#1717,.T.);
#2864=ORIENTED_EDGE('',*,*,#1946,.T.);
#2865=ORIENTED_EDGE('',*,*,#1936,.T.);
#2866=ORIENTED_EDGE('',*,*,#1930,.T.);
#2867=ORIENTED_EDGE('',*,*,#1711,.T.);
#2868=ORIENTED_EDGE('',*,*,#1856,.T.);
#2869=ORIENTED_EDGE('',*,*,#1846,.T.);
#2870=ORIENTED_EDGE('',*,*,#1840,.T.);
#2871=ORIENTED_EDGE('',*,*,#1705,.T.);
#2872=ORIENTED_EDGE('',*,*,#1838,.T.);
#2873=ORIENTED_EDGE('',*,*,#1828,.T.);
#2874=ORIENTED_EDGE('',*,*,#1822,.T.);
#2875=ORIENTED_EDGE('',*,*,#1699,.T.);
#2876=ORIENTED_EDGE('',*,*,#1892,.T.);
#2877=ORIENTED_EDGE('',*,*,#1882,.T.);
#2878=ORIENTED_EDGE('',*,*,#1876,.T.);
#2879=ORIENTED_EDGE('',*,*,#1693,.T.);
#2880=ORIENTED_EDGE('',*,*,#1874,.T.);
#2881=ORIENTED_EDGE('',*,*,#1864,.T.);
#2882=ORIENTED_EDGE('',*,*,#1858,.T.);
#2883=ORIENTED_EDGE('',*,*,#1802,.T.);
#2884=ORIENTED_EDGE('',*,*,#1928,.T.);
#2885=ORIENTED_EDGE('',*,*,#1918,.T.);
#2886=ORIENTED_EDGE('',*,*,#1912,.T.);
#2887=ORIENTED_EDGE('',*,*,#1796,.T.);
#2888=ORIENTED_EDGE('',*,*,#1820,.T.);
#2889=ORIENTED_EDGE('',*,*,#1810,.T.);
#2890=ORIENTED_EDGE('',*,*,#1804,.T.);
#2891=ORIENTED_EDGE('',*,*,#1790,.T.);
#2892=ORIENTED_EDGE('',*,*,#1685,.T.);
#2893=ORIENTED_EDGE('',*,*,#1671,.T.);
#2894=ORIENTED_EDGE('',*,*,#1647,.F.);
#2895=ORIENTED_EDGE('',*,*,#1636,.T.);
#2896=ORIENTED_EDGE('',*,*,#1646,.F.);
#2897=ORIENTED_EDGE('',*,*,#2035,.F.);
#2898=ORIENTED_EDGE('',*,*,#1758,.F.);
#2899=ORIENTED_EDGE('',*,*,#2041,.F.);
#2900=ORIENTED_EDGE('',*,*,#2042,.T.);
#2901=ORIENTED_EDGE('',*,*,#2043,.F.);
#2902=ORIENTED_EDGE('',*,*,#2044,.F.);
#2903=ORIENTED_EDGE('',*,*,#2045,.F.);
#2904=ORIENTED_EDGE('',*,*,#1756,.F.);
#2905=ORIENTED_EDGE('',*,*,#2046,.F.);
#2906=ORIENTED_EDGE('',*,*,#2047,.F.);
#2907=ORIENTED_EDGE('',*,*,#2048,.F.);
#2908=ORIENTED_EDGE('',*,*,#2042,.F.);
#2909=ORIENTED_EDGE('',*,*,#2049,.F.);
#2910=ORIENTED_EDGE('',*,*,#1755,.F.);
#2911=ORIENTED_EDGE('',*,*,#2050,.F.);
#2912=ORIENTED_EDGE('',*,*,#2046,.T.);
#2913=ORIENTED_EDGE('',*,*,#1757,.F.);
#2914=ORIENTED_EDGE('',*,*,#2049,.T.);
#2915=ORIENTED_EDGE('',*,*,#2041,.T.);
#2916=ORIENTED_EDGE('',*,*,#2036,.F.);
#2917=ORIENTED_EDGE('',*,*,#2045,.T.);
#2918=ORIENTED_EDGE('',*,*,#2051,.F.);
#2919=ORIENTED_EDGE('',*,*,#2052,.F.);
#2920=ORIENTED_EDGE('',*,*,#2037,.F.);
#2921=ORIENTED_EDGE('',*,*,#2052,.T.);
#2922=ORIENTED_EDGE('',*,*,#2053,.F.);
#2923=ORIENTED_EDGE('',*,*,#2054,.F.);
#2924=ORIENTED_EDGE('',*,*,#2047,.T.);
#2925=ORIENTED_EDGE('',*,*,#2050,.T.);
#2926=ORIENTED_EDGE('',*,*,#1754,.F.);
#2927=ORIENTED_EDGE('',*,*,#2055,.F.);
#2928=ORIENTED_EDGE('',*,*,#2043,.T.);
#2929=ORIENTED_EDGE('',*,*,#2048,.T.);
#2930=ORIENTED_EDGE('',*,*,#2054,.T.);
#2931=ORIENTED_EDGE('',*,*,#2044,.T.);
#2932=ORIENTED_EDGE('',*,*,#2055,.T.);
#2933=ORIENTED_EDGE('',*,*,#2053,.T.);
#2934=ORIENTED_EDGE('',*,*,#2051,.T.);
#2935=ORIENTED_EDGE('',*,*,#2032,.F.);
#2936=ORIENTED_EDGE('',*,*,#1764,.F.);
#2937=ORIENTED_EDGE('',*,*,#2056,.F.);
#2938=ORIENTED_EDGE('',*,*,#2057,.T.);
#2939=ORIENTED_EDGE('',*,*,#2058,.F.);
#2940=ORIENTED_EDGE('',*,*,#2059,.F.);
#2941=ORIENTED_EDGE('',*,*,#2060,.F.);
#2942=ORIENTED_EDGE('',*,*,#1762,.F.);
#2943=ORIENTED_EDGE('',*,*,#2061,.F.);
#2944=ORIENTED_EDGE('',*,*,#2062,.F.);
#2945=ORIENTED_EDGE('',*,*,#2063,.F.);
#2946=ORIENTED_EDGE('',*,*,#2057,.F.);
#2947=ORIENTED_EDGE('',*,*,#2064,.F.);
#2948=ORIENTED_EDGE('',*,*,#1761,.F.);
#2949=ORIENTED_EDGE('',*,*,#2065,.F.);
#2950=ORIENTED_EDGE('',*,*,#2061,.T.);
#2951=ORIENTED_EDGE('',*,*,#1763,.F.);
#2952=ORIENTED_EDGE('',*,*,#2064,.T.);
#2953=ORIENTED_EDGE('',*,*,#2056,.T.);
#2954=ORIENTED_EDGE('',*,*,#2033,.F.);
#2955=ORIENTED_EDGE('',*,*,#2060,.T.);
#2956=ORIENTED_EDGE('',*,*,#2066,.F.);
#2957=ORIENTED_EDGE('',*,*,#2067,.F.);
#2958=ORIENTED_EDGE('',*,*,#2034,.F.);
#2959=ORIENTED_EDGE('',*,*,#2067,.T.);
#2960=ORIENTED_EDGE('',*,*,#2068,.F.);
#2961=ORIENTED_EDGE('',*,*,#2069,.F.);
#2962=ORIENTED_EDGE('',*,*,#2062,.T.);
#2963=ORIENTED_EDGE('',*,*,#2065,.T.);
#2964=ORIENTED_EDGE('',*,*,#1760,.F.);
#2965=ORIENTED_EDGE('',*,*,#2070,.F.);
#2966=ORIENTED_EDGE('',*,*,#2058,.T.);
#2967=ORIENTED_EDGE('',*,*,#2063,.T.);
#2968=ORIENTED_EDGE('',*,*,#2069,.T.);
#2969=ORIENTED_EDGE('',*,*,#2059,.T.);
#2970=ORIENTED_EDGE('',*,*,#2070,.T.);
#2971=ORIENTED_EDGE('',*,*,#2068,.T.);
#2972=ORIENTED_EDGE('',*,*,#2066,.T.);
#2973=ORIENTED_EDGE('',*,*,#2020,.F.);
#2974=ORIENTED_EDGE('',*,*,#1788,.F.);
#2975=ORIENTED_EDGE('',*,*,#2071,.F.);
#2976=ORIENTED_EDGE('',*,*,#2072,.T.);
#2977=ORIENTED_EDGE('',*,*,#2073,.F.);
#2978=ORIENTED_EDGE('',*,*,#2074,.F.);
#2979=ORIENTED_EDGE('',*,*,#2075,.F.);
#2980=ORIENTED_EDGE('',*,*,#1786,.F.);
#2981=ORIENTED_EDGE('',*,*,#2076,.F.);
#2982=ORIENTED_EDGE('',*,*,#2077,.F.);
#2983=ORIENTED_EDGE('',*,*,#2078,.F.);
#2984=ORIENTED_EDGE('',*,*,#2072,.F.);
#2985=ORIENTED_EDGE('',*,*,#2079,.F.);
#2986=ORIENTED_EDGE('',*,*,#1785,.F.);
#2987=ORIENTED_EDGE('',*,*,#2080,.F.);
#2988=ORIENTED_EDGE('',*,*,#2076,.T.);
#2989=ORIENTED_EDGE('',*,*,#1787,.F.);
#2990=ORIENTED_EDGE('',*,*,#2079,.T.);
#2991=ORIENTED_EDGE('',*,*,#2071,.T.);
#2992=ORIENTED_EDGE('',*,*,#2021,.F.);
#2993=ORIENTED_EDGE('',*,*,#2075,.T.);
#2994=ORIENTED_EDGE('',*,*,#2081,.F.);
#2995=ORIENTED_EDGE('',*,*,#2082,.F.);
#2996=ORIENTED_EDGE('',*,*,#2022,.F.);
#2997=ORIENTED_EDGE('',*,*,#2082,.T.);
#2998=ORIENTED_EDGE('',*,*,#2083,.F.);
#2999=ORIENTED_EDGE('',*,*,#2084,.F.);
#3000=ORIENTED_EDGE('',*,*,#2077,.T.);
#3001=ORIENTED_EDGE('',*,*,#2080,.T.);
#3002=ORIENTED_EDGE('',*,*,#1784,.F.);
#3003=ORIENTED_EDGE('',*,*,#2085,.F.);
#3004=ORIENTED_EDGE('',*,*,#2073,.T.);
#3005=ORIENTED_EDGE('',*,*,#2078,.T.);
#3006=ORIENTED_EDGE('',*,*,#2084,.T.);
#3007=ORIENTED_EDGE('',*,*,#2074,.T.);
#3008=ORIENTED_EDGE('',*,*,#2085,.T.);
#3009=ORIENTED_EDGE('',*,*,#2083,.T.);
#3010=ORIENTED_EDGE('',*,*,#2081,.T.);
#3011=ORIENTED_EDGE('',*,*,#2023,.F.);
#3012=ORIENTED_EDGE('',*,*,#1782,.F.);
#3013=ORIENTED_EDGE('',*,*,#2086,.F.);
#3014=ORIENTED_EDGE('',*,*,#2087,.T.);
#3015=ORIENTED_EDGE('',*,*,#2088,.F.);
#3016=ORIENTED_EDGE('',*,*,#2089,.F.);
#3017=ORIENTED_EDGE('',*,*,#2090,.F.);
#3018=ORIENTED_EDGE('',*,*,#1780,.F.);
#3019=ORIENTED_EDGE('',*,*,#2091,.F.);
#3020=ORIENTED_EDGE('',*,*,#2092,.F.);
#3021=ORIENTED_EDGE('',*,*,#2093,.F.);
#3022=ORIENTED_EDGE('',*,*,#2087,.F.);
#3023=ORIENTED_EDGE('',*,*,#2094,.F.);
#3024=ORIENTED_EDGE('',*,*,#1779,.F.);
#3025=ORIENTED_EDGE('',*,*,#2095,.F.);
#3026=ORIENTED_EDGE('',*,*,#2091,.T.);
#3027=ORIENTED_EDGE('',*,*,#1781,.F.);
#3028=ORIENTED_EDGE('',*,*,#2094,.T.);
#3029=ORIENTED_EDGE('',*,*,#2086,.T.);
#3030=ORIENTED_EDGE('',*,*,#2024,.F.);
#3031=ORIENTED_EDGE('',*,*,#2090,.T.);
#3032=ORIENTED_EDGE('',*,*,#2096,.F.);
#3033=ORIENTED_EDGE('',*,*,#2097,.F.);
#3034=ORIENTED_EDGE('',*,*,#2025,.F.);
#3035=ORIENTED_EDGE('',*,*,#2097,.T.);
#3036=ORIENTED_EDGE('',*,*,#2098,.F.);
#3037=ORIENTED_EDGE('',*,*,#2099,.F.);
#3038=ORIENTED_EDGE('',*,*,#2092,.T.);
#3039=ORIENTED_EDGE('',*,*,#2095,.T.);
#3040=ORIENTED_EDGE('',*,*,#1778,.F.);
#3041=ORIENTED_EDGE('',*,*,#2100,.F.);
#3042=ORIENTED_EDGE('',*,*,#2088,.T.);
#3043=ORIENTED_EDGE('',*,*,#2093,.T.);
#3044=ORIENTED_EDGE('',*,*,#2099,.T.);
#3045=ORIENTED_EDGE('',*,*,#2089,.T.);
#3046=ORIENTED_EDGE('',*,*,#2100,.T.);
#3047=ORIENTED_EDGE('',*,*,#2098,.T.);
#3048=ORIENTED_EDGE('',*,*,#2096,.T.);
#3049=ORIENTED_EDGE('',*,*,#2026,.F.);
#3050=ORIENTED_EDGE('',*,*,#1776,.F.);
#3051=ORIENTED_EDGE('',*,*,#2101,.F.);
#3052=ORIENTED_EDGE('',*,*,#2102,.T.);
#3053=ORIENTED_EDGE('',*,*,#2103,.F.);
#3054=ORIENTED_EDGE('',*,*,#2104,.F.);
#3055=ORIENTED_EDGE('',*,*,#2105,.F.);
#3056=ORIENTED_EDGE('',*,*,#1774,.F.);
#3057=ORIENTED_EDGE('',*,*,#2106,.F.);
#3058=ORIENTED_EDGE('',*,*,#2107,.F.);
#3059=ORIENTED_EDGE('',*,*,#2108,.F.);
#3060=ORIENTED_EDGE('',*,*,#2102,.F.);
#3061=ORIENTED_EDGE('',*,*,#2109,.F.);
#3062=ORIENTED_EDGE('',*,*,#1773,.F.);
#3063=ORIENTED_EDGE('',*,*,#2110,.F.);
#3064=ORIENTED_EDGE('',*,*,#2106,.T.);
#3065=ORIENTED_EDGE('',*,*,#1775,.F.);
#3066=ORIENTED_EDGE('',*,*,#2109,.T.);
#3067=ORIENTED_EDGE('',*,*,#2101,.T.);
#3068=ORIENTED_EDGE('',*,*,#2027,.F.);
#3069=ORIENTED_EDGE('',*,*,#2105,.T.);
#3070=ORIENTED_EDGE('',*,*,#2111,.F.);
#3071=ORIENTED_EDGE('',*,*,#2112,.F.);
#3072=ORIENTED_EDGE('',*,*,#2028,.F.);
#3073=ORIENTED_EDGE('',*,*,#2112,.T.);
#3074=ORIENTED_EDGE('',*,*,#2113,.F.);
#3075=ORIENTED_EDGE('',*,*,#2114,.F.);
#3076=ORIENTED_EDGE('',*,*,#2107,.T.);
#3077=ORIENTED_EDGE('',*,*,#2110,.T.);
#3078=ORIENTED_EDGE('',*,*,#1772,.F.);
#3079=ORIENTED_EDGE('',*,*,#2115,.F.);
#3080=ORIENTED_EDGE('',*,*,#2103,.T.);
#3081=ORIENTED_EDGE('',*,*,#2108,.T.);
#3082=ORIENTED_EDGE('',*,*,#2114,.T.);
#3083=ORIENTED_EDGE('',*,*,#2104,.T.);
#3084=ORIENTED_EDGE('',*,*,#2115,.T.);
#3085=ORIENTED_EDGE('',*,*,#2113,.T.);
#3086=ORIENTED_EDGE('',*,*,#2111,.T.);
#3087=ORIENTED_EDGE('',*,*,#2029,.F.);
#3088=ORIENTED_EDGE('',*,*,#1770,.F.);
#3089=ORIENTED_EDGE('',*,*,#2116,.F.);
#3090=ORIENTED_EDGE('',*,*,#2117,.T.);
#3091=ORIENTED_EDGE('',*,*,#2118,.F.);
#3092=ORIENTED_EDGE('',*,*,#2119,.F.);
#3093=ORIENTED_EDGE('',*,*,#2120,.F.);
#3094=ORIENTED_EDGE('',*,*,#1768,.F.);
#3095=ORIENTED_EDGE('',*,*,#2121,.F.);
#3096=ORIENTED_EDGE('',*,*,#2122,.F.);
#3097=ORIENTED_EDGE('',*,*,#2123,.F.);
#3098=ORIENTED_EDGE('',*,*,#2117,.F.);
#3099=ORIENTED_EDGE('',*,*,#2124,.F.);
#3100=ORIENTED_EDGE('',*,*,#1767,.F.);
#3101=ORIENTED_EDGE('',*,*,#2125,.F.);
#3102=ORIENTED_EDGE('',*,*,#2121,.T.);
#3103=ORIENTED_EDGE('',*,*,#1769,.F.);
#3104=ORIENTED_EDGE('',*,*,#2124,.T.);
#3105=ORIENTED_EDGE('',*,*,#2116,.T.);
#3106=ORIENTED_EDGE('',*,*,#2030,.F.);
#3107=ORIENTED_EDGE('',*,*,#2120,.T.);
#3108=ORIENTED_EDGE('',*,*,#2126,.F.);
#3109=ORIENTED_EDGE('',*,*,#2127,.F.);
#3110=ORIENTED_EDGE('',*,*,#2031,.F.);
#3111=ORIENTED_EDGE('',*,*,#2127,.T.);
#3112=ORIENTED_EDGE('',*,*,#2128,.F.);
#3113=ORIENTED_EDGE('',*,*,#2129,.F.);
#3114=ORIENTED_EDGE('',*,*,#2122,.T.);
#3115=ORIENTED_EDGE('',*,*,#2125,.T.);
#3116=ORIENTED_EDGE('',*,*,#1766,.F.);
#3117=ORIENTED_EDGE('',*,*,#2130,.F.);
#3118=ORIENTED_EDGE('',*,*,#2118,.T.);
#3119=ORIENTED_EDGE('',*,*,#2123,.T.);
#3120=ORIENTED_EDGE('',*,*,#2129,.T.);
#3121=ORIENTED_EDGE('',*,*,#2119,.T.);
#3122=ORIENTED_EDGE('',*,*,#2130,.T.);
#3123=ORIENTED_EDGE('',*,*,#2128,.T.);
#3124=ORIENTED_EDGE('',*,*,#2126,.T.);
#3125=ORIENTED_EDGE('',*,*,#2038,.F.);
#3126=ORIENTED_EDGE('',*,*,#1752,.F.);
#3127=ORIENTED_EDGE('',*,*,#2131,.F.);
#3128=ORIENTED_EDGE('',*,*,#2132,.T.);
#3129=ORIENTED_EDGE('',*,*,#2133,.F.);
#3130=ORIENTED_EDGE('',*,*,#2134,.F.);
#3131=ORIENTED_EDGE('',*,*,#2135,.F.);
#3132=ORIENTED_EDGE('',*,*,#1750,.F.);
#3133=ORIENTED_EDGE('',*,*,#2136,.F.);
#3134=ORIENTED_EDGE('',*,*,#2137,.F.);
#3135=ORIENTED_EDGE('',*,*,#2138,.F.);
#3136=ORIENTED_EDGE('',*,*,#2132,.F.);
#3137=ORIENTED_EDGE('',*,*,#2139,.F.);
#3138=ORIENTED_EDGE('',*,*,#1749,.F.);
#3139=ORIENTED_EDGE('',*,*,#2140,.F.);
#3140=ORIENTED_EDGE('',*,*,#2136,.T.);
#3141=ORIENTED_EDGE('',*,*,#1751,.F.);
#3142=ORIENTED_EDGE('',*,*,#2139,.T.);
#3143=ORIENTED_EDGE('',*,*,#2131,.T.);
#3144=ORIENTED_EDGE('',*,*,#2039,.F.);
#3145=ORIENTED_EDGE('',*,*,#2135,.T.);
#3146=ORIENTED_EDGE('',*,*,#2141,.F.);
#3147=ORIENTED_EDGE('',*,*,#2142,.F.);
#3148=ORIENTED_EDGE('',*,*,#2040,.F.);
#3149=ORIENTED_EDGE('',*,*,#2142,.T.);
#3150=ORIENTED_EDGE('',*,*,#2143,.F.);
#3151=ORIENTED_EDGE('',*,*,#2144,.F.);
#3152=ORIENTED_EDGE('',*,*,#2137,.T.);
#3153=ORIENTED_EDGE('',*,*,#2140,.T.);
#3154=ORIENTED_EDGE('',*,*,#1748,.F.);
#3155=ORIENTED_EDGE('',*,*,#2145,.F.);
#3156=ORIENTED_EDGE('',*,*,#2133,.T.);
#3157=ORIENTED_EDGE('',*,*,#2138,.T.);
#3158=ORIENTED_EDGE('',*,*,#2144,.T.);
#3159=ORIENTED_EDGE('',*,*,#2134,.T.);
#3160=ORIENTED_EDGE('',*,*,#2145,.T.);
#3161=ORIENTED_EDGE('',*,*,#2143,.T.);
#3162=ORIENTED_EDGE('',*,*,#2141,.T.);
#3163=ORIENTED_EDGE('',*,*,#1663,.F.);
#3164=ORIENTED_EDGE('',*,*,#2146,.T.);
#3165=ORIENTED_EDGE('',*,*,#1652,.T.);
#3166=ORIENTED_EDGE('',*,*,#2146,.F.);
#3167=ORIENTED_EDGE('',*,*,#1687,.F.);
#3168=ORIENTED_EDGE('',*,*,#2147,.T.);
#3169=ORIENTED_EDGE('',*,*,#1661,.T.);
#3170=ORIENTED_EDGE('',*,*,#1662,.T.);
#3171=ORIENTED_EDGE('',*,*,#2147,.F.);
#3172=PLANE('',#3444);
#3173=PLANE('',#3445);
#3174=PLANE('',#3451);
#3175=PLANE('',#3459);
#3176=PLANE('',#3461);
#3177=PLANE('',#3462);
#3178=PLANE('',#3463);
#3179=PLANE('',#3464);
#3180=PLANE('',#3523);
#3181=PLANE('',#3524);
#3182=PLANE('',#3525);
#3183=PLANE('',#3526);
#3184=PLANE('',#3531);
#3185=PLANE('',#3532);
#3186=PLANE('',#3533);
#3187=PLANE('',#3534);
#3188=PLANE('',#3539);
#3189=PLANE('',#3540);
#3190=PLANE('',#3541);
#3191=PLANE('',#3542);
#3192=PLANE('',#3547);
#3193=PLANE('',#3548);
#3194=PLANE('',#3549);
#3195=PLANE('',#3550);
#3196=PLANE('',#3555);
#3197=PLANE('',#3556);
#3198=PLANE('',#3557);
#3199=PLANE('',#3558);
#3200=PLANE('',#3563);
#3201=PLANE('',#3564);
#3202=PLANE('',#3565);
#3203=PLANE('',#3566);
#3204=PLANE('',#3571);
#3205=PLANE('',#3572);
#3206=PLANE('',#3573);
#3207=PLANE('',#3574);
#3208=PLANE('',#3579);
#3209=PLANE('',#3580);
#3210=PLANE('',#3581);
#3211=PLANE('',#3582);
#3212=PLANE('',#3587);
#3213=PLANE('',#3588);
#3214=PLANE('',#3589);
#3215=PLANE('',#3590);
#3216=PLANE('',#3595);
#3217=PLANE('',#3596);
#3218=PLANE('',#3597);
#3219=PLANE('',#3598);
#3220=PLANE('',#3603);
#3221=PLANE('',#3604);
#3222=PLANE('',#3605);
#3223=PLANE('',#3606);
#3224=PLANE('',#3611);
#3225=PLANE('',#3613);
#3226=PLANE('',#3614);
#3227=PLANE('',#3615);
#3228=PLANE('',#3619);
#3229=PLANE('',#3620);
#3230=PLANE('',#3622);
#3231=PLANE('',#3623);
#3232=PLANE('',#3624);
#3233=PLANE('',#3628);
#3234=PLANE('',#3630);
#3235=PLANE('',#3631);
#3236=PLANE('',#3632);
#3237=PLANE('',#3636);
#3238=PLANE('',#3638);
#3239=PLANE('',#3639);
#3240=PLANE('',#3640);
#3241=PLANE('',#3644);
#3242=PLANE('',#3646);
#3243=PLANE('',#3647);
#3244=PLANE('',#3648);
#3245=PLANE('',#3652);
#3246=PLANE('',#3654);
#3247=PLANE('',#3655);
#3248=PLANE('',#3656);
#3249=PLANE('',#3660);
#3250=PLANE('',#3662);
#3251=PLANE('',#3663);
#3252=PLANE('',#3664);
#3253=PLANE('',#3668);
#3254=PLANE('',#3670);
#3255=PLANE('',#3671);
#3256=PLANE('',#3672);
#3257=ADVANCED_FACE('',(#304),#3172,.T.);
#3258=ADVANCED_FACE('',(#305),#3173,.F.);
#3259=ADVANCED_FACE('',(#306,#113),#209,.F.);
#3260=ADVANCED_FACE('',(#307,#114),#3174,.F.);
#3261=ADVANCED_FACE('',(#308),#210,.F.);
#3262=ADVANCED_FACE('',(#309),#211,.F.);
#3263=ADVANCED_FACE('',(#310,#115,#116),#212,.T.);
#3264=ADVANCED_FACE('',(#311,#117),#3175,.T.);
#3265=ADVANCED_FACE('',(#312),#73,.T.);
#3266=ADVANCED_FACE('',(#313),#3176,.T.);
#3267=ADVANCED_FACE('',(#314),#3177,.T.);
#3268=ADVANCED_FACE('',(#315),#3178,.T.);
#3269=ADVANCED_FACE('',(#316),#3179,.T.);
#3270=ADVANCED_FACE('',(#317),#74,.T.);
#3271=ADVANCED_FACE('',(#318),#19,.T.);
#3272=ADVANCED_FACE('',(#319),#213,.T.);
#3273=ADVANCED_FACE('',(#320),#20,.T.);
#3274=ADVANCED_FACE('',(#321),#75,.T.);
#3275=ADVANCED_FACE('',(#322),#3180,.T.);
#3276=ADVANCED_FACE('',(#323),#3181,.T.);
#3277=ADVANCED_FACE('',(#324),#3182,.T.);
#3278=ADVANCED_FACE('',(#325),#3183,.T.);
#3279=ADVANCED_FACE('',(#326),#76,.T.);
#3280=ADVANCED_FACE('',(#327),#21,.T.);
#3281=ADVANCED_FACE('',(#328),#214,.T.);
#3282=ADVANCED_FACE('',(#329),#77,.T.);
#3283=ADVANCED_FACE('',(#330),#3184,.T.);
#3284=ADVANCED_FACE('',(#331),#3185,.T.);
#3285=ADVANCED_FACE('',(#332),#3186,.T.);
#3286=ADVANCED_FACE('',(#333),#3187,.T.);
#3287=ADVANCED_FACE('',(#334),#78,.T.);
#3288=ADVANCED_FACE('',(#335),#22,.T.);
#3289=ADVANCED_FACE('',(#336),#215,.T.);
#3290=ADVANCED_FACE('',(#337),#79,.T.);
#3291=ADVANCED_FACE('',(#338),#3188,.T.);
#3292=ADVANCED_FACE('',(#339),#3189,.T.);
#3293=ADVANCED_FACE('',(#340),#3190,.T.);
#3294=ADVANCED_FACE('',(#341),#3191,.T.);
#3295=ADVANCED_FACE('',(#342),#80,.T.);
#3296=ADVANCED_FACE('',(#343),#23,.T.);
#3297=ADVANCED_FACE('',(#344),#216,.T.);
#3298=ADVANCED_FACE('',(#345),#81,.T.);
#3299=ADVANCED_FACE('',(#346),#3192,.T.);
#3300=ADVANCED_FACE('',(#347),#3193,.T.);
#3301=ADVANCED_FACE('',(#348),#3194,.T.);
#3302=ADVANCED_FACE('',(#349),#3195,.T.);
#3303=ADVANCED_FACE('',(#350),#82,.T.);
#3304=ADVANCED_FACE('',(#351),#24,.T.);
#3305=ADVANCED_FACE('',(#352),#217,.T.);
#3306=ADVANCED_FACE('',(#353),#83,.T.);
#3307=ADVANCED_FACE('',(#354),#3196,.T.);
#3308=ADVANCED_FACE('',(#355),#3197,.T.);
#3309=ADVANCED_FACE('',(#356),#3198,.T.);
#3310=ADVANCED_FACE('',(#357),#3199,.T.);
#3311=ADVANCED_FACE('',(#358),#84,.T.);
#3312=ADVANCED_FACE('',(#359),#25,.T.);
#3313=ADVANCED_FACE('',(#360),#218,.T.);
#3314=ADVANCED_FACE('',(#361),#85,.T.);
#3315=ADVANCED_FACE('',(#362),#3200,.T.);
#3316=ADVANCED_FACE('',(#363),#3201,.T.);
#3317=ADVANCED_FACE('',(#364),#3202,.T.);
#3318=ADVANCED_FACE('',(#365),#3203,.T.);
#3319=ADVANCED_FACE('',(#366),#86,.T.);
#3320=ADVANCED_FACE('',(#367),#26,.T.);
#3321=ADVANCED_FACE('',(#368),#219,.T.);
#3322=ADVANCED_FACE('',(#369),#87,.T.);
#3323=ADVANCED_FACE('',(#370),#3204,.T.);
#3324=ADVANCED_FACE('',(#371),#3205,.T.);
#3325=ADVANCED_FACE('',(#372),#3206,.T.);
#3326=ADVANCED_FACE('',(#373),#3207,.T.);
#3327=ADVANCED_FACE('',(#374),#88,.T.);
#3328=ADVANCED_FACE('',(#375),#27,.T.);
#3329=ADVANCED_FACE('',(#376),#220,.T.);
#3330=ADVANCED_FACE('',(#377),#89,.T.);
#3331=ADVANCED_FACE('',(#378),#3208,.T.);
#3332=ADVANCED_FACE('',(#379),#3209,.T.);
#3333=ADVANCED_FACE('',(#380),#3210,.T.);
#3334=ADVANCED_FACE('',(#381),#3211,.T.);
#3335=ADVANCED_FACE('',(#382),#90,.T.);
#3336=ADVANCED_FACE('',(#383),#28,.T.);
#3337=ADVANCED_FACE('',(#384),#221,.T.);
#3338=ADVANCED_FACE('',(#385),#91,.T.);
#3339=ADVANCED_FACE('',(#386),#3212,.T.);
#3340=ADVANCED_FACE('',(#387),#3213,.T.);
#3341=ADVANCED_FACE('',(#388),#3214,.T.);
#3342=ADVANCED_FACE('',(#389),#3215,.T.);
#3343=ADVANCED_FACE('',(#390),#92,.T.);
#3344=ADVANCED_FACE('',(#391),#29,.T.);
#3345=ADVANCED_FACE('',(#392),#222,.T.);
#3346=ADVANCED_FACE('',(#393),#93,.T.);
#3347=ADVANCED_FACE('',(#394),#3216,.T.);
#3348=ADVANCED_FACE('',(#395),#3217,.T.);
#3349=ADVANCED_FACE('',(#396),#3218,.T.);
#3350=ADVANCED_FACE('',(#397),#3219,.T.);
#3351=ADVANCED_FACE('',(#398),#94,.T.);
#3352=ADVANCED_FACE('',(#399),#30,.T.);
#3353=ADVANCED_FACE('',(#400),#223,.T.);
#3354=ADVANCED_FACE('',(#401),#95,.T.);
#3355=ADVANCED_FACE('',(#402),#3220,.T.);
#3356=ADVANCED_FACE('',(#403),#3221,.T.);
#3357=ADVANCED_FACE('',(#404),#3222,.T.);
#3358=ADVANCED_FACE('',(#405),#96,.T.);
#3359=ADVANCED_FACE('',(#406),#3223,.T.);
#3360=ADVANCED_FACE('',(#407),#31,.T.);
#3361=ADVANCED_FACE('',(#408),#224,.T.);
#3362=ADVANCED_FACE('',(#409),#97,.T.);
#3363=ADVANCED_FACE('',(#410),#3224,.T.);
#3364=ADVANCED_FACE('',(#411),#3225,.T.);
#3365=ADVANCED_FACE('',(#412),#3226,.T.);
#3366=ADVANCED_FACE('',(#413),#3227,.T.);
#3367=ADVANCED_FACE('',(#414),#98,.T.);
#3368=ADVANCED_FACE('',(#415),#32,.T.);
#3369=ADVANCED_FACE('',(#416),#225,.T.);
#3370=ADVANCED_FACE('',(#417,#118),#3228,.T.);
#3371=ADVANCED_FACE('',(#418),#99,.T.);
#3372=ADVANCED_FACE('',(#419),#3229,.T.);
#3373=ADVANCED_FACE('',(#420),#3230,.T.);
#3374=ADVANCED_FACE('',(#421),#3231,.T.);
#3375=ADVANCED_FACE('',(#422),#3232,.T.);
#3376=ADVANCED_FACE('',(#423),#100,.T.);
#3377=ADVANCED_FACE('',(#424),#33,.T.);
#3378=ADVANCED_FACE('',(#425),#226,.T.);
#3379=ADVANCED_FACE('',(#426),#101,.T.);
#3380=ADVANCED_FACE('',(#427),#3233,.T.);
#3381=ADVANCED_FACE('',(#428),#3234,.T.);
#3382=ADVANCED_FACE('',(#429),#3235,.T.);
#3383=ADVANCED_FACE('',(#430),#3236,.T.);
#3384=ADVANCED_FACE('',(#431),#102,.T.);
#3385=ADVANCED_FACE('',(#432),#34,.T.);
#3386=ADVANCED_FACE('',(#433),#227,.T.);
#3387=ADVANCED_FACE('',(#434),#103,.T.);
#3388=ADVANCED_FACE('',(#435),#3237,.T.);
#3389=ADVANCED_FACE('',(#436),#3238,.T.);
#3390=ADVANCED_FACE('',(#437),#3239,.T.);
#3391=ADVANCED_FACE('',(#438),#3240,.T.);
#3392=ADVANCED_FACE('',(#439),#104,.T.);
#3393=ADVANCED_FACE('',(#440),#35,.T.);
#3394=ADVANCED_FACE('',(#441),#228,.T.);
#3395=ADVANCED_FACE('',(#442),#105,.T.);
#3396=ADVANCED_FACE('',(#443),#3241,.T.);
#3397=ADVANCED_FACE('',(#444),#3242,.T.);
#3398=ADVANCED_FACE('',(#445),#3243,.T.);
#3399=ADVANCED_FACE('',(#446),#3244,.T.);
#3400=ADVANCED_FACE('',(#447),#106,.T.);
#3401=ADVANCED_FACE('',(#448),#36,.T.);
#3402=ADVANCED_FACE('',(#449),#229,.T.);
#3403=ADVANCED_FACE('',(#450),#107,.T.);
#3404=ADVANCED_FACE('',(#451),#3245,.T.);
#3405=ADVANCED_FACE('',(#452),#3246,.T.);
#3406=ADVANCED_FACE('',(#453),#3247,.T.);
#3407=ADVANCED_FACE('',(#454),#3248,.T.);
#3408=ADVANCED_FACE('',(#455),#108,.T.);
#3409=ADVANCED_FACE('',(#456),#37,.T.);
#3410=ADVANCED_FACE('',(#457),#230,.T.);
#3411=ADVANCED_FACE('',(#458),#109,.T.);
#3412=ADVANCED_FACE('',(#459),#3249,.T.);
#3413=ADVANCED_FACE('',(#460),#3250,.T.);
#3414=ADVANCED_FACE('',(#461),#3251,.T.);
#3415=ADVANCED_FACE('',(#462),#3252,.T.);
#3416=ADVANCED_FACE('',(#463),#110,.T.);
#3417=ADVANCED_FACE('',(#464),#38,.T.);
#3418=ADVANCED_FACE('',(#465),#231,.T.);
#3419=ADVANCED_FACE('',(#466),#111,.T.);
#3420=ADVANCED_FACE('',(#467),#3253,.T.);
#3421=ADVANCED_FACE('',(#468),#3254,.T.);
#3422=ADVANCED_FACE('',(#469),#3255,.T.);
#3423=ADVANCED_FACE('',(#470),#3256,.T.);
#3424=ADVANCED_FACE('',(#471),#112,.T.);
#3425=ADVANCED_FACE('',(#472),#39,.T.);
#3426=ADVANCED_FACE('',(#473),#232,.T.);
#3427=ADVANCED_FACE('',(#474),#233,.F.);
#3428=ADVANCED_FACE('',(#475),#40,.T.);
#3429=CLOSED_SHELL('',(#3257,#3258,#3259,#3260,#3261,#3262,#3263,#3264,
#3265,#3266,#3267,#3268,#3269,#3270,#3271,#3272,#3273,#3274,#3275,#3276,
#3277,#3278,#3279,#3280,#3281,#3282,#3283,#3284,#3285,#3286,#3287,#3288,
#3289,#3290,#3291,#3292,#3293,#3294,#3295,#3296,#3297,#3298,#3299,#3300,
#3301,#3302,#3303,#3304,#3305,#3306,#3307,#3308,#3309,#3310,#3311,#3312,
#3313,#3314,#3315,#3316,#3317,#3318,#3319,#3320,#3321,#3322,#3323,#3324,
#3325,#3326,#3327,#3328,#3329,#3330,#3331,#3332,#3333,#3334,#3335,#3336,
#3337,#3338,#3339,#3340,#3341,#3342,#3343,#3344,#3345,#3346,#3347,#3348,
#3349,#3350,#3351,#3352,#3353,#3354,#3355,#3356,#3357,#3358,#3359,#3360,
#3361,#3362,#3363,#3364,#3365,#3366,#3367,#3368,#3369,#3370,#3371,#3372,
#3373,#3374,#3375,#3376,#3377,#3378,#3379,#3380,#3381,#3382,#3383,#3384,
#3385,#3386,#3387,#3388,#3389,#3390,#3391,#3392,#3393,#3394,#3395,#3396,
#3397,#3398,#3399,#3400,#3401,#3402,#3403,#3404,#3405,#3406,#3407,#3408,
#3409,#3410,#3411,#3412,#3413,#3414,#3415,#3416,#3417,#3418,#3419,#3420,
#3421,#3422,#3423,#3424,#3425,#3426,#3427,#3428));
#3430=DERIVED_UNIT_ELEMENT(#3432,1.);
#3431=DERIVED_UNIT_ELEMENT(#8259,-3.);
#3432=(
MASS_UNIT()
NAMED_UNIT(*)
SI_UNIT(.KILO.,.GRAM.)
);
#3433=DERIVED_UNIT((#3430,#3431));
#3434=MEASURE_REPRESENTATION_ITEM('density measure',
POSITIVE_RATIO_MEASURE(7850.),#3433);
#3435=PROPERTY_DEFINITION_REPRESENTATION(#3440,#3437);
#3436=PROPERTY_DEFINITION_REPRESENTATION(#3441,#3438);
#3437=REPRESENTATION('material name',(#3439),#8256);
#3438=REPRESENTATION('density',(#3434),#8256);
#3439=DESCRIPTIVE_REPRESENTATION_ITEM('Steel','Steel');
#3440=PROPERTY_DEFINITION('material property','material name',#8271);
#3441=PROPERTY_DEFINITION('material property','density of part',#8271);
#3442=AXIS2_PLACEMENT_3D('',#4473,#3679,#3680);
#3443=AXIS2_PLACEMENT_3D('',#4474,#3681,#3682);
#3444=AXIS2_PLACEMENT_3D('',#4475,#3683,#3684);
#3445=AXIS2_PLACEMENT_3D('',#4484,#3689,#3690);
#3446=AXIS2_PLACEMENT_3D('',#4485,#3691,#3692);
#3447=AXIS2_PLACEMENT_3D('',#4486,#3693,#3694);
#3448=AXIS2_PLACEMENT_3D('',#4488,#3695,#3696);
#3449=AXIS2_PLACEMENT_3D('',#4523,#3699,#3700);
#3450=AXIS2_PLACEMENT_3D('',#4524,#3701,#3702);
#3451=AXIS2_PLACEMENT_3D('',#4588,#3703,#3704);
#3452=AXIS2_PLACEMENT_3D('',#4590,#3705,#3706);
#3453=AXIS2_PLACEMENT_3D('',#4591,#3707,#3708);
#3454=AXIS2_PLACEMENT_3D('',#4631,#3710,#3711);
#3455=AXIS2_PLACEMENT_3D('',#4671,#3713,#3714);
#3456=AXIS2_PLACEMENT_3D('',#4673,#3715,#3716);
#3457=AXIS2_PLACEMENT_3D('',#4677,#3718,#3719);
#3458=AXIS2_PLACEMENT_3D('',#4678,#3720,#3721);
#3459=AXIS2_PLACEMENT_3D('',#4679,#3722,#3723);
#3460=AXIS2_PLACEMENT_3D('',#4681,#3724,#3725);
#3461=AXIS2_PLACEMENT_3D('',#4762,#3731,#3732);
#3462=AXIS2_PLACEMENT_3D('',#4768,#3736,#3737);
#3463=AXIS2_PLACEMENT_3D('',#4775,#3741,#3742);
#3464=AXIS2_PLACEMENT_3D('',#4779,#3745,#3746);
#3465=AXIS2_PLACEMENT_3D('',#4780,#3747,#3748);
#3466=AXIS2_PLACEMENT_3D('',#4782,#3749,#3750);
#3467=AXIS2_PLACEMENT_3D('',#4856,#3754,#3755);
#3468=AXIS2_PLACEMENT_3D('',#4857,#3756,#3757);
#3469=AXIS2_PLACEMENT_3D('',#4858,#3758,#3759);
#3470=AXIS2_PLACEMENT_3D('',#4859,#3760,#3761);
#3471=AXIS2_PLACEMENT_3D('',#4861,#3762,#3763);
#3472=AXIS2_PLACEMENT_3D('',#4867,#3766,#3767);
#3473=AXIS2_PLACEMENT_3D('',#4873,#3770,#3771);
#3474=AXIS2_PLACEMENT_3D('',#4879,#3774,#3775);
#3475=AXIS2_PLACEMENT_3D('',#4885,#3778,#3779);
#3476=AXIS2_PLACEMENT_3D('',#4891,#3782,#3783);
#3477=AXIS2_PLACEMENT_3D('',#4897,#3786,#3787);
#3478=AXIS2_PLACEMENT_3D('',#4903,#3790,#3791);
#3479=AXIS2_PLACEMENT_3D('',#4909,#3794,#3795);
#3480=AXIS2_PLACEMENT_3D('',#4913,#3797,#3798);
#3481=AXIS2_PLACEMENT_3D('',#4915,#3799,#3800);
#3482=AXIS2_PLACEMENT_3D('',#4917,#3801,#3802);
#3483=AXIS2_PLACEMENT_3D('',#4921,#3804,#3805);
#3484=AXIS2_PLACEMENT_3D('',#4925,#3807,#3808);
#3485=AXIS2_PLACEMENT_3D('',#4927,#3809,#3810);
#3486=AXIS2_PLACEMENT_3D('',#4929,#3811,#3812);
#3487=AXIS2_PLACEMENT_3D('',#4933,#3814,#3815);
#3488=AXIS2_PLACEMENT_3D('',#4937,#3817,#3818);
#3489=AXIS2_PLACEMENT_3D('',#4939,#3819,#3820);
#3490=AXIS2_PLACEMENT_3D('',#4941,#3821,#3822);
#3491=AXIS2_PLACEMENT_3D('',#4945,#3824,#3825);
#3492=AXIS2_PLACEMENT_3D('',#4951,#3828,#3829);
#3493=AXIS2_PLACEMENT_3D('',#4957,#3832,#3833);
#3494=AXIS2_PLACEMENT_3D('',#4961,#3835,#3836);
#3495=AXIS2_PLACEMENT_3D('',#4963,#3837,#3838);
#3496=AXIS2_PLACEMENT_3D('',#4965,#3839,#3840);
#3497=AXIS2_PLACEMENT_3D('',#4969,#3842,#3843);
#3498=AXIS2_PLACEMENT_3D('',#4973,#3845,#3846);
#3499=AXIS2_PLACEMENT_3D('',#4975,#3847,#3848);
#3500=AXIS2_PLACEMENT_3D('',#4977,#3849,#3850);
#3501=AXIS2_PLACEMENT_3D('',#4981,#3852,#3853);
#3502=AXIS2_PLACEMENT_3D('',#4985,#3855,#3856);
#3503=AXIS2_PLACEMENT_3D('',#4987,#3857,#3858);
#3504=AXIS2_PLACEMENT_3D('',#4989,#3859,#3860);
#3505=AXIS2_PLACEMENT_3D('',#4993,#3862,#3863);
#3506=AXIS2_PLACEMENT_3D('',#4999,#3866,#3867);
#3507=AXIS2_PLACEMENT_3D('',#5005,#3870,#3871);
#3508=AXIS2_PLACEMENT_3D('',#5011,#3874,#3875);
#3509=AXIS2_PLACEMENT_3D('',#5017,#3878,#3879);
#3510=AXIS2_PLACEMENT_3D('',#5023,#3882,#3883);
#3511=AXIS2_PLACEMENT_3D('',#5029,#3886,#3887);
#3512=AXIS2_PLACEMENT_3D('',#5035,#3890,#3891);
#3513=AXIS2_PLACEMENT_3D('',#5041,#3894,#3895);
#3514=AXIS2_PLACEMENT_3D('',#5047,#3898,#3899);
#3515=AXIS2_PLACEMENT_3D('',#5053,#3902,#3903);
#3516=AXIS2_PLACEMENT_3D('',#5059,#3906,#3907);
#3517=AXIS2_PLACEMENT_3D('',#5064,#3910,#3911);
#3518=AXIS2_PLACEMENT_3D('',#5066,#3912,#3913);
#3519=AXIS2_PLACEMENT_3D('',#5072,#3916,#3917);
#3520=AXIS2_PLACEMENT_3D('',#5078,#3920,#3921);
#3521=AXIS2_PLACEMENT_3D('',#5084,#3924,#3925);
#3522=AXIS2_PLACEMENT_3D('',#5090,#3928,#3929);
#3523=AXIS2_PLACEMENT_3D('',#5169,#3935,#3936);
#3524=AXIS2_PLACEMENT_3D('',#5175,#3940,#3941);
#3525=AXIS2_PLACEMENT_3D('',#5179,#3944,#3945);
#3526=AXIS2_PLACEMENT_3D('',#5181,#3947,#3948);
#3527=AXIS2_PLACEMENT_3D('',#5183,#3949,#3950);
#3528=AXIS2_PLACEMENT_3D('',#5255,#3953,#3954);
#3529=AXIS2_PLACEMENT_3D('',#5256,#3955,#3956);
#3530=AXIS2_PLACEMENT_3D('',#5257,#3957,#3958);
#3531=AXIS2_PLACEMENT_3D('',#5335,#3963,#3964);
#3532=AXIS2_PLACEMENT_3D('',#5341,#3968,#3969);
#3533=AXIS2_PLACEMENT_3D('',#5345,#3972,#3973);
#3534=AXIS2_PLACEMENT_3D('',#5347,#3975,#3976);
#3535=AXIS2_PLACEMENT_3D('',#5349,#3977,#3978);
#3536=AXIS2_PLACEMENT_3D('',#5421,#3981,#3982);
#3537=AXIS2_PLACEMENT_3D('',#5422,#3983,#3984);
#3538=AXIS2_PLACEMENT_3D('',#5423,#3985,#3986);
#3539=AXIS2_PLACEMENT_3D('',#5501,#3991,#3992);
#3540=AXIS2_PLACEMENT_3D('',#5507,#3996,#3997);
#3541=AXIS2_PLACEMENT_3D('',#5511,#4000,#4001);
#3542=AXIS2_PLACEMENT_3D('',#5513,#4003,#4004);
#3543=AXIS2_PLACEMENT_3D('',#5515,#4005,#4006);
#3544=AXIS2_PLACEMENT_3D('',#5587,#4009,#4010);
#3545=AXIS2_PLACEMENT_3D('',#5588,#4011,#4012);
#3546=AXIS2_PLACEMENT_3D('',#5589,#4013,#4014);
#3547=AXIS2_PLACEMENT_3D('',#5667,#4019,#4020);
#3548=AXIS2_PLACEMENT_3D('',#5673,#4024,#4025);
#3549=AXIS2_PLACEMENT_3D('',#5677,#4028,#4029);
#3550=AXIS2_PLACEMENT_3D('',#5679,#4031,#4032);
#3551=AXIS2_PLACEMENT_3D('',#5681,#4033,#4034);
#3552=AXIS2_PLACEMENT_3D('',#5753,#4037,#4038);
#3553=AXIS2_PLACEMENT_3D('',#5754,#4039,#4040);
#3554=AXIS2_PLACEMENT_3D('',#5755,#4041,#4042);
#3555=AXIS2_PLACEMENT_3D('',#5833,#4047,#4048);
#3556=AXIS2_PLACEMENT_3D('',#5839,#4052,#4053);
#3557=AXIS2_PLACEMENT_3D('',#5843,#4056,#4057);
#3558=AXIS2_PLACEMENT_3D('',#5845,#4059,#4060);
#3559=AXIS2_PLACEMENT_3D('',#5847,#4061,#4062);
#3560=AXIS2_PLACEMENT_3D('',#5919,#4065,#4066);
#3561=AXIS2_PLACEMENT_3D('',#5920,#4067,#4068);
#3562=AXIS2_PLACEMENT_3D('',#5921,#4069,#4070);
#3563=AXIS2_PLACEMENT_3D('',#5999,#4075,#4076);
#3564=AXIS2_PLACEMENT_3D('',#6005,#4080,#4081);
#3565=AXIS2_PLACEMENT_3D('',#6009,#4084,#4085);
#3566=AXIS2_PLACEMENT_3D('',#6011,#4087,#4088);
#3567=AXIS2_PLACEMENT_3D('',#6013,#4089,#4090);
#3568=AXIS2_PLACEMENT_3D('',#6085,#4093,#4094);
#3569=AXIS2_PLACEMENT_3D('',#6086,#4095,#4096);
#3570=AXIS2_PLACEMENT_3D('',#6087,#4097,#4098);
#3571=AXIS2_PLACEMENT_3D('',#6165,#4103,#4104);
#3572=AXIS2_PLACEMENT_3D('',#6171,#4108,#4109);
#3573=AXIS2_PLACEMENT_3D('',#6175,#4112,#4113);
#3574=AXIS2_PLACEMENT_3D('',#6177,#4115,#4116);
#3575=AXIS2_PLACEMENT_3D('',#6179,#4117,#4118);
#3576=AXIS2_PLACEMENT_3D('',#6251,#4121,#4122);
#3577=AXIS2_PLACEMENT_3D('',#6252,#4123,#4124);
#3578=AXIS2_PLACEMENT_3D('',#6253,#4125,#4126);
#3579=AXIS2_PLACEMENT_3D('',#6331,#4131,#4132);
#3580=AXIS2_PLACEMENT_3D('',#6337,#4136,#4137);
#3581=AXIS2_PLACEMENT_3D('',#6341,#4140,#4141);
#3582=AXIS2_PLACEMENT_3D('',#6343,#4143,#4144);
#3583=AXIS2_PLACEMENT_3D('',#6345,#4145,#4146);
#3584=AXIS2_PLACEMENT_3D('',#6417,#4149,#4150);
#3585=AXIS2_PLACEMENT_3D('',#6418,#4151,#4152);
#3586=AXIS2_PLACEMENT_3D('',#6419,#4153,#4154);
#3587=AXIS2_PLACEMENT_3D('',#6497,#4159,#4160);
#3588=AXIS2_PLACEMENT_3D('',#6503,#4164,#4165);
#3589=AXIS2_PLACEMENT_3D('',#6507,#4168,#4169);
#3590=AXIS2_PLACEMENT_3D('',#6509,#4171,#4172);
#3591=AXIS2_PLACEMENT_3D('',#6511,#4173,#4174);
#3592=AXIS2_PLACEMENT_3D('',#6583,#4177,#4178);
#3593=AXIS2_PLACEMENT_3D('',#6584,#4179,#4180);
#3594=AXIS2_PLACEMENT_3D('',#6585,#4181,#4182);
#3595=AXIS2_PLACEMENT_3D('',#6663,#4187,#4188);
#3596=AXIS2_PLACEMENT_3D('',#6669,#4192,#4193);
#3597=AXIS2_PLACEMENT_3D('',#6673,#4196,#4197);
#3598=AXIS2_PLACEMENT_3D('',#6675,#4199,#4200);
#3599=AXIS2_PLACEMENT_3D('',#6677,#4201,#4202);
#3600=AXIS2_PLACEMENT_3D('',#6749,#4205,#4206);
#3601=AXIS2_PLACEMENT_3D('',#6750,#4207,#4208);
#3602=AXIS2_PLACEMENT_3D('',#6751,#4209,#4210);
#3603=AXIS2_PLACEMENT_3D('',#6829,#4215,#4216);
#3604=AXIS2_PLACEMENT_3D('',#6831,#4218,#4219);
#3605=AXIS2_PLACEMENT_3D('',#6835,#4222,#4223);
#3606=AXIS2_PLACEMENT_3D('',#6913,#4229,#4230);
#3607=AXIS2_PLACEMENT_3D('',#6914,#4231,#4232);
#3608=AXIS2_PLACEMENT_3D('',#6915,#4233,#4234);
#3609=AXIS2_PLACEMENT_3D('',#6916,#4235,#4236);
#3610=AXIS2_PLACEMENT_3D('',#6917,#4237,#4238);
#3611=AXIS2_PLACEMENT_3D('',#6995,#4243,#4244);
#3612=AXIS2_PLACEMENT_3D('',#7011,#4246,#4247);
#3613=AXIS2_PLACEMENT_3D('',#7013,#4249,#4250);
#3614=AXIS2_PLACEMENT_3D('',#7015,#4252,#4253);
#3615=AXIS2_PLACEMENT_3D('',#7016,#4254,#4255);
#3616=AXIS2_PLACEMENT_3D('',#7081,#4261,#4262);
#3617=AXIS2_PLACEMENT_3D('',#7082,#4263,#4264);
#3618=AXIS2_PLACEMENT_3D('',#7083,#4265,#4266);
#3619=AXIS2_PLACEMENT_3D('',#7084,#4267,#4268);
#3620=AXIS2_PLACEMENT_3D('',#7195,#4293,#4294);
#3621=AXIS2_PLACEMENT_3D('',#7211,#4296,#4297);
#3622=AXIS2_PLACEMENT_3D('',#7213,#4299,#4300);
#3623=AXIS2_PLACEMENT_3D('',#7215,#4302,#4303);
#3624=AXIS2_PLACEMENT_3D('',#7216,#4304,#4305);
#3625=AXIS2_PLACEMENT_3D('',#7278,#4309,#4310);
#3626=AXIS2_PLACEMENT_3D('',#7279,#4311,#4312);
#3627=AXIS2_PLACEMENT_3D('',#7280,#4313,#4314);
#3628=AXIS2_PLACEMENT_3D('',#7356,#4318,#4319);
#3629=AXIS2_PLACEMENT_3D('',#7372,#4321,#4322);
#3630=AXIS2_PLACEMENT_3D('',#7374,#4324,#4325);
#3631=AXIS2_PLACEMENT_3D('',#7376,#4327,#4328);
#3632=AXIS2_PLACEMENT_3D('',#7377,#4329,#4330);
#3633=AXIS2_PLACEMENT_3D('',#7439,#4334,#4335);
#3634=AXIS2_PLACEMENT_3D('',#7440,#4336,#4337);
#3635=AXIS2_PLACEMENT_3D('',#7441,#4338,#4339);
#3636=AXIS2_PLACEMENT_3D('',#7517,#4343,#4344);
#3637=AXIS2_PLACEMENT_3D('',#7533,#4346,#4347);
#3638=AXIS2_PLACEMENT_3D('',#7535,#4349,#4350);
#3639=AXIS2_PLACEMENT_3D('',#7537,#4352,#4353);
#3640=AXIS2_PLACEMENT_3D('',#7538,#4354,#4355);
#3641=AXIS2_PLACEMENT_3D('',#7600,#4359,#4360);
#3642=AXIS2_PLACEMENT_3D('',#7601,#4361,#4362);
#3643=AXIS2_PLACEMENT_3D('',#7602,#4363,#4364);
#3644=AXIS2_PLACEMENT_3D('',#7678,#4368,#4369);
#3645=AXIS2_PLACEMENT_3D('',#7694,#4371,#4372);
#3646=AXIS2_PLACEMENT_3D('',#7696,#4374,#4375);
#3647=AXIS2_PLACEMENT_3D('',#7698,#4377,#4378);
#3648=AXIS2_PLACEMENT_3D('',#7699,#4379,#4380);
#3649=AXIS2_PLACEMENT_3D('',#7761,#4384,#4385);
#3650=AXIS2_PLACEMENT_3D('',#7762,#4386,#4387);
#3651=AXIS2_PLACEMENT_3D('',#7763,#4388,#4389);
#3652=AXIS2_PLACEMENT_3D('',#7839,#4393,#4394);
#3653=AXIS2_PLACEMENT_3D('',#7855,#4396,#4397);
#3654=AXIS2_PLACEMENT_3D('',#7857,#4399,#4400);
#3655=AXIS2_PLACEMENT_3D('',#7859,#4402,#4403);
#3656=AXIS2_PLACEMENT_3D('',#7860,#4404,#4405);
#3657=AXIS2_PLACEMENT_3D('',#7922,#4409,#4410);
#3658=AXIS2_PLACEMENT_3D('',#7923,#4411,#4412);
#3659=AXIS2_PLACEMENT_3D('',#7924,#4413,#4414);
#3660=AXIS2_PLACEMENT_3D('',#8000,#4418,#4419);
#3661=AXIS2_PLACEMENT_3D('',#8016,#4421,#4422);
#3662=AXIS2_PLACEMENT_3D('',#8018,#4424,#4425);
#3663=AXIS2_PLACEMENT_3D('',#8020,#4427,#4428);
#3664=AXIS2_PLACEMENT_3D('',#8021,#4429,#4430);
#3665=AXIS2_PLACEMENT_3D('',#8083,#4434,#4435);
#3666=AXIS2_PLACEMENT_3D('',#8084,#4436,#4437);
#3667=AXIS2_PLACEMENT_3D('',#8085,#4438,#4439);
#3668=AXIS2_PLACEMENT_3D('',#8161,#4443,#4444);
#3669=AXIS2_PLACEMENT_3D('',#8177,#4446,#4447);
#3670=AXIS2_PLACEMENT_3D('',#8179,#4449,#4450);
#3671=AXIS2_PLACEMENT_3D('',#8181,#4452,#4453);
#3672=AXIS2_PLACEMENT_3D('',#8182,#4454,#4455);
#3673=AXIS2_PLACEMENT_3D('',#8244,#4459,#4460);
#3674=AXIS2_PLACEMENT_3D('',#8245,#4461,#4462);
#3675=AXIS2_PLACEMENT_3D('',#8246,#4463,#4464);
#3676=AXIS2_PLACEMENT_3D('',#8247,#4465,#4466);
#3677=AXIS2_PLACEMENT_3D('',#8249,#4468,#4469);
#3678=AXIS2_PLACEMENT_3D('',#8251,#4471,#4472);
#3679=DIRECTION('axis',(0.,0.,1.));
#3680=DIRECTION('refdir',(1.,0.,0.));
#3681=DIRECTION('axis',(0.,0.,1.));
#3682=DIRECTION('refdir',(1.,0.,0.));
#3683=DIRECTION('center_axis',(0.,0.,-1.));
#3684=DIRECTION('ref_axis',(0.,1.,0.));
#3685=DIRECTION('',(0.,-1.,0.));
#3686=DIRECTION('',(-1.,0.,0.));
#3687=DIRECTION('',(0.,1.,0.));
#3688=DIRECTION('',(1.,0.,0.));
#3689=DIRECTION('center_axis',(-1.,0.,0.));
#3690=DIRECTION('ref_axis',(0.,-1.,0.));
#3691=DIRECTION('center_axis',(-1.,0.,0.));
#3692=DIRECTION('ref_axis',(0.,-1.,0.));
#3693=DIRECTION('center_axis',(1.,0.,0.));
#3694=DIRECTION('ref_axis',(0.,-1.,0.));
#3695=DIRECTION('center_axis',(-1.,0.,0.));
#3696=DIRECTION('ref_axis',(0.,-1.,0.));
#3697=DIRECTION('',(-1.,0.,0.));
#3698=DIRECTION('',(-1.,0.,0.));
#3699=DIRECTION('center_axis',(-1.,0.,0.));
#3700=DIRECTION('ref_axis',(0.,-1.,0.));
#3701=DIRECTION('center_axis',(-1.,0.,0.));
#3702=DIRECTION('ref_axis',(0.,-1.,0.));
#3703=DIRECTION('center_axis',(-1.,0.,0.));
#3704=DIRECTION('ref_axis',(0.,-1.,0.));
#3705=DIRECTION('center_axis',(-1.,0.,0.));
#3706=DIRECTION('ref_axis',(-2.8690243025832E-19,-0.0916256580738988,-0.995793522163367));
#3707=DIRECTION('center_axis',(0.,1.,0.));
#3708=DIRECTION('ref_axis',(1.,0.,0.));
#3709=DIRECTION('',(0.,1.,0.));
#3710=DIRECTION('center_axis',(0.,-1.,0.));
#3711=DIRECTION('ref_axis',(1.,0.,0.));
#3712=DIRECTION('',(0.,-1.,0.));
#3713=DIRECTION('center_axis',(1.,0.,0.));
#3714=DIRECTION('ref_axis',(0.,0.,1.));
#3715=DIRECTION('center_axis',(1.,-3.13124550796596E-18,2.03541271466644E-35));
#3716=DIRECTION('ref_axis',(-2.03541271466644E-35,0.,1.));
#3717=DIRECTION('',(-1.,0.,0.));
#3718=DIRECTION('center_axis',(-1.,3.13124550796596E-18,-2.03541271466644E-35));
#3719=DIRECTION('ref_axis',(-2.03541271466644E-35,0.,1.));
#3720=DIRECTION('center_axis',(-1.,3.13124550796596E-18,-2.03541271466644E-35));
#3721=DIRECTION('ref_axis',(-2.03541271466644E-35,0.,1.));
#3722=DIRECTION('center_axis',(1.,-3.13124550796596E-18,2.03541271466644E-35));
#3723=DIRECTION('ref_axis',(2.03541271466644E-35,0.,-1.));
#3724=DIRECTION('center_axis',(-1.,3.13124550796596E-18,-2.03541271466644E-35));
#3725=DIRECTION('ref_axis',(-2.03541271466644E-35,0.,1.));
#3726=DIRECTION('',(0.898766451487284,0.376795595982479,0.224151610587934));
#3727=DIRECTION('',(0.,0.865173052476646,0.501473418306737));
#3728=DIRECTION('',(-0.897399844766113,-0.379213865446571,-0.22554459174812));
#3729=DIRECTION('',(-0.84261273358972,-0.445565913936618,-0.302448007978703));
#3730=DIRECTION('',(-0.897399844766113,-0.379213865446571,-0.22554459174812));
#3731=DIRECTION('center_axis',(0.439721719655087,-0.72660572656371,-0.527909961440771));
#3732=DIRECTION('ref_axis',(0.898134070873371,0.355742343996741,0.258461941925945));
#3733=DIRECTION('',(1.84049993088944E-18,0.587785252292473,-0.809016994374947));
#3734=DIRECTION('',(-0.897399844766113,-0.331689182622786,-0.290956705962904));
#3735=DIRECTION('',(-4.9717454388554E-18,-0.587785252292473,0.809016994374947));
#3736=DIRECTION('center_axis',(0.439721719655087,-0.72660572656371,-0.527909961440771));
#3737=DIRECTION('ref_axis',(0.898134070873371,0.355742343996741,0.258461941925945));
#3738=DIRECTION('',(-0.898130927743298,-0.35418605075954,-0.260601377736809));
#3739=DIRECTION('',(8.68251320580707E-16,-0.587785252292473,0.809016994374947));
#3740=DIRECTION('',(-0.897399844766113,-0.331689182622786,-0.290956705962904));
#3741=DIRECTION('center_axis',(0.439721719655087,-0.72660572656371,-0.527909961440771));
#3742=DIRECTION('ref_axis',(0.898134070873371,0.355742343996741,0.258461941925945));
#3743=DIRECTION('',(0.898130927743157,0.357296147307555,0.256320697077694));
#3744=DIRECTION('',(8.68251320580707E-16,-0.587785252292473,0.809016994374947));
#3745=DIRECTION('center_axis',(0.86824211424219,0.401386287953216,0.291624208356217));
#3746=DIRECTION('ref_axis',(-0.49614073714648,0.702422625653966,0.510339910170796));
#3747=DIRECTION('center_axis',(0.86824211424219,0.401386287953216,0.291624208356217));
#3748=DIRECTION('ref_axis',(0.49614073714648,-0.702422625653967,-0.510339910170795));
#3749=DIRECTION('center_axis',(-0.86824211424219,-0.401386287953216,-0.291624208356217));
#3750=DIRECTION('ref_axis',(-0.495893272576491,0.683509894848192,0.535634283684298));
#3751=DIRECTION('',(-0.898766451487284,-0.329617092451937,-0.289087249882258));
#3752=DIRECTION('',(0.84261273358972,0.425332588349256,0.330296791508155));
#3753=DIRECTION('',(0.,-0.744282714831915,-0.667864687195269));
#3754=DIRECTION('center_axis',(0.997609262693511,0.0559086352558271,0.0406199888224988));
#3755=DIRECTION('ref_axis',(-0.0690783039864815,0.789851727357991,0.609395140042935));
#3756=DIRECTION('center_axis',(-0.892104640153565,-0.365537219384369,-0.265578335451561));
#3757=DIRECTION('ref_axis',(-0.45160178364968,0.739997556624716,0.498457064544056));
#3758=DIRECTION('center_axis',(-4.9717454388554E-18,-0.587785252292473,
0.809016994374947));
#3759=DIRECTION('ref_axis',(1.,-4.9717454388554E-18,2.53323082950467E-18));
#3760=DIRECTION('center_axis',(1.,-3.13124550796596E-18,2.03541271466644E-35));
#3761=DIRECTION('ref_axis',(-2.8690243025832E-19,-0.0916256580738987,-0.995793522163367));
#3762=DIRECTION('center_axis',(-1.,3.13124550796596E-18,-2.03541271466644E-35));
#3763=DIRECTION('ref_axis',(-2.03541271466644E-35,0.,1.));
#3764=DIRECTION('',(-0.898766452822864,-0.0401712281137064,-0.436583480805266));
#3765=DIRECTION('',(0.898130927743503,0.00264560614258118,0.439720180795393));
#3766=DIRECTION('center_axis',(0.868242114242189,2.77766553087613E-16,0.49614073714648));
#3767=DIRECTION('ref_axis',(0.49614073714648,-3.73276887669462E-15,-0.868242114242189));
#3768=DIRECTION('',(-0.89813092774332,0.00264560614293026,-0.439720180795765));
#3769=DIRECTION('',(-0.898766451487284,0.0401324321650961,-0.436587051536655));
#3770=DIRECTION('center_axis',(-1.,3.13124550796596E-18,-2.03541271466644E-35));
#3771=DIRECTION('ref_axis',(-2.03541271466644E-35,0.,1.));
#3772=DIRECTION('',(0.898766451487284,-0.096744607323485,0.42762056385864));
#3773=DIRECTION('',(0.898130927743595,-0.133364887673787,0.419016280550277));
#3774=DIRECTION('center_axis',(0.868242114242189,-0.153315919379976,0.471857881062641));
#3775=DIRECTION('ref_axis',(0.49614073714648,0.268301568532871,-0.825747320471915));
#3776=DIRECTION('',(-0.898130927743262,0.138397129595855,-0.417381206034311));
#3777=DIRECTION('',(-0.898766451487284,0.173081029574266,-0.402817356729409));
#3778=DIRECTION('center_axis',(-1.,3.13124550796596E-18,-2.03541271466644E-35));
#3779=DIRECTION('ref_axis',(-2.03541271466644E-35,0.,1.));
#3780=DIRECTION('',(0.898766451487284,-0.224151610587935,0.376795595982478));
#3781=DIRECTION('',(0.89813092774346,-0.256320697077182,0.357296147307159));
#3782=DIRECTION('center_axis',(0.86824211424219,-0.291624208356217,0.401386287953216));
#3783=DIRECTION('ref_axis',(0.49614073714648,0.510339910170795,-0.702422625653966));
#3784=DIRECTION('',(-0.8981309277435,0.260601377736318,-0.354186050759389));
#3785=DIRECTION('',(-0.898766451487284,0.289087249882263,-0.329617092451933));
#3786=DIRECTION('center_axis',(-1.,3.13124550796596E-18,-2.03541271466644E-35));
#3787=DIRECTION('ref_axis',(-2.03541271466644E-35,0.,1.));
#3788=DIRECTION('',(0.898766451487284,-0.329617092451933,0.289087249882263));
#3789=DIRECTION('',(0.898130927743524,-0.354186050759263,0.260601377736406));
#3790=DIRECTION('center_axis',(0.868242114242189,-0.401386287953216,0.291624208356218));
#3791=DIRECTION('ref_axis',(-0.49614073714648,-0.702422625653967,0.510339910170794));
#3792=DIRECTION('',(-0.898130927743768,0.357296147306911,-0.256320697076449));
#3793=DIRECTION('',(-0.898766451487284,0.376795595982474,-0.224151610587943));
#3794=DIRECTION('center_axis',(-1.,3.13124550796596E-18,-2.03541271466644E-35));
#3795=DIRECTION('ref_axis',(-2.03541271466644E-35,0.,1.));
#3796=DIRECTION('',(0.898766451487284,-0.402817356729408,0.173081029574268));
#3797=DIRECTION('center_axis',(0.439721719655087,0.854176260610813,-0.277538691127025));
#3798=DIRECTION('ref_axis',(0.898134070873371,-0.418200206834481,0.135881484169198));
#3799=DIRECTION('center_axis',(0.868242114242189,-0.471857881062641,0.153315919379976));
#3800=DIRECTION('ref_axis',(-0.49614073714648,-0.82574732047192,0.268301568532857));
#3801=DIRECTION('center_axis',(0.439721719655087,0.854176260610813,-0.277538691127025));
#3802=DIRECTION('ref_axis',(0.898134070873371,-0.418200206834481,0.135881484169198));
#3803=DIRECTION('',(-0.898766451487284,0.427620563858639,-0.0967446073234854));
#3804=DIRECTION('center_axis',(-1.,3.13124550796596E-18,-2.03541271466644E-35));
#3805=DIRECTION('ref_axis',(-2.03541271466644E-35,0.,1.));
#3806=DIRECTION('',(0.898766451487284,-0.436587051536655,0.0401324321650968));
#3807=DIRECTION('center_axis',(0.439721719655087,0.898134070873371,1.80725603869383E-16));
#3808=DIRECTION('ref_axis',(0.898134070873371,-0.439721719655087,-2.54890200195007E-16));
#3809=DIRECTION('center_axis',(0.868242114242189,-0.49614073714648,3.10865090591313E-16));
#3810=DIRECTION('ref_axis',(-0.49614073714648,-0.868242114242189,-6.37230458681791E-15));
#3811=DIRECTION('center_axis',(0.439721719655087,0.898134070873371,1.80725603869383E-16));
#3812=DIRECTION('ref_axis',(0.898134070873371,-0.439721719655087,-2.54890200195007E-16));
#3813=DIRECTION('',(-0.898766451487284,0.436587051536655,0.0401324321650978));
#3814=DIRECTION('center_axis',(-1.,3.13124550796596E-18,-2.03541271466644E-35));
#3815=DIRECTION('ref_axis',(-2.03541271466644E-35,0.,1.));
#3816=DIRECTION('',(0.898766451487284,-0.427620563858638,-0.0967446073234908));
#3817=DIRECTION('center_axis',(0.439721719655087,0.854176260610813,0.277538691127025));
#3818=DIRECTION('ref_axis',(0.898134070873371,-0.418200206834481,-0.135881484169199));
#3819=DIRECTION('center_axis',(0.868242114242189,-0.471857881062641,-0.153315919379976));
#3820=DIRECTION('ref_axis',(0.49614073714648,0.825747320471916,0.268301568532869));
#3821=DIRECTION('center_axis',(0.439721719655087,0.854176260610813,0.277538691127025));
#3822=DIRECTION('ref_axis',(0.898134070873371,-0.418200206834481,-0.135881484169199));
#3823=DIRECTION('',(-0.898766451487284,0.402817356729409,0.173081029574266));
#3824=DIRECTION('center_axis',(-1.,3.13124550796596E-18,-2.03541271466644E-35));
#3825=DIRECTION('ref_axis',(-2.03541271466644E-35,0.,1.));
#3826=DIRECTION('',(0.898766451487284,-0.376795595982479,-0.224151610587934));
#3827=DIRECTION('',(0.898130927743571,-0.357296147307443,-0.256320697076399));
#3828=DIRECTION('center_axis',(0.868242114242189,-0.401386287953217,-0.291624208356217));
#3829=DIRECTION('ref_axis',(0.496140737146481,0.702422625653966,0.510339910170795));
#3830=DIRECTION('',(-0.898130927743541,0.354186050759232,0.260601377736389));
#3831=DIRECTION('',(-0.898766451487284,0.329617092451933,0.289087249882262));
#3832=DIRECTION('center_axis',(-1.,3.13124550796596E-18,-2.03541271466644E-35));
#3833=DIRECTION('ref_axis',(-2.03541271466644E-35,0.,1.));
#3834=DIRECTION('',(0.898766451487284,-0.289087249882263,-0.329617092451933));
#3835=DIRECTION('center_axis',(0.439721719655087,0.52790996144077,0.726605726563711));
#3836=DIRECTION('ref_axis',(0.898134070873371,-0.258461941925945,-0.355742343996742));
#3837=DIRECTION('center_axis',(0.868242114242189,-0.291624208356218,-0.401386287953216));
#3838=DIRECTION('ref_axis',(-0.49614073714648,-0.510339910170793,-0.702422625653968));
#3839=DIRECTION('center_axis',(0.439721719655087,0.52790996144077,0.726605726563711));
#3840=DIRECTION('ref_axis',(0.898134070873371,-0.258461941925945,-0.355742343996742));
#3841=DIRECTION('',(-0.898766451487284,0.224151610587937,0.376795595982477));
#3842=DIRECTION('center_axis',(-1.,3.13124550796596E-18,-2.03541271466644E-35));
#3843=DIRECTION('ref_axis',(-2.03541271466644E-35,0.,1.));
#3844=DIRECTION('',(0.898766451487284,-0.173081029574268,-0.402817356729408));
#3845=DIRECTION('center_axis',(0.439721719655087,0.277538691127025,0.854176260610813));
#3846=DIRECTION('ref_axis',(0.898134070873371,-0.135881484169198,-0.418200206834481));
#3847=DIRECTION('center_axis',(0.868242114242189,-0.153315919379977,-0.471857881062641));
#3848=DIRECTION('ref_axis',(0.496140737146481,0.268301568532879,0.825747320471913));
#3849=DIRECTION('center_axis',(0.439721719655087,0.277538691127025,0.854176260610813));
#3850=DIRECTION('ref_axis',(0.898134070873371,-0.135881484169198,-0.418200206834481));
#3851=DIRECTION('',(-0.898766451487284,0.0967446073234904,0.427620563858638));
#3852=DIRECTION('center_axis',(-1.,3.13124550796596E-18,-2.03541271466644E-35));
#3853=DIRECTION('ref_axis',(-2.03541271466644E-35,0.,1.));
#3854=DIRECTION('',(0.898766451487284,-0.0401324321650997,-0.436587051536655));
#3855=DIRECTION('center_axis',(0.439721719655087,-1.27107629773795E-16,
0.898134070873371));
#3856=DIRECTION('ref_axis',(-0.898134070873371,2.81441262715315E-16,0.439721719655087));
#3857=DIRECTION('center_axis',(0.868242114242189,-3.43963628095012E-16,
-0.49614073714648));
#3858=DIRECTION('ref_axis',(-0.49614073714648,6.05643660500484E-15,-0.86824211424219));
#3859=DIRECTION('center_axis',(0.439721719655087,-1.27107629773795E-16,
0.898134070873371));
#3860=DIRECTION('ref_axis',(-0.898134070873371,2.81441262715315E-16,0.439721719655087));
#3861=DIRECTION('',(-0.898766451487284,-0.0401324321650964,0.436587051536655));
#3862=DIRECTION('center_axis',(-1.,3.13124550796596E-18,-2.03541271466644E-35));
#3863=DIRECTION('ref_axis',(-2.03541271466644E-35,0.,1.));
#3864=DIRECTION('',(0.898766451487284,0.0967446073234867,-0.427620563858639));
#3865=DIRECTION('',(0.898130927743385,0.133364887673872,-0.4190162805507));
#3866=DIRECTION('center_axis',(0.868242114242189,0.153315919379976,-0.471857881062641));
#3867=DIRECTION('ref_axis',(0.49614073714648,-0.268301568532869,0.825747320471916));
#3868=DIRECTION('',(-0.898130927743639,-0.138397129596756,0.417381206033201));
#3869=DIRECTION('',(-0.898766451487284,-0.173081029574265,0.40281735672941));
#3870=DIRECTION('center_axis',(-1.,3.13124550796596E-18,-2.03541271466644E-35));
#3871=DIRECTION('ref_axis',(-2.03541271466644E-35,0.,1.));
#3872=DIRECTION('',(0.898766451487284,0.224151610587933,-0.37679559598248));
#3873=DIRECTION('',(0.898130927743519,0.256320697077008,-0.357296147307136));
#3874=DIRECTION('center_axis',(0.86824211424219,0.291624208356217,-0.401386287953216));
#3875=DIRECTION('ref_axis',(0.49614073714648,-0.510339910170795,0.702422625653966));
#3876=DIRECTION('',(-0.898130927743583,-0.260601377736587,0.35418605075898));
#3877=DIRECTION('',(-0.898766451487284,-0.289087249882262,0.329617092451934));
#3878=DIRECTION('center_axis',(-1.,3.13124550796596E-18,-2.03541271466644E-35));
#3879=DIRECTION('ref_axis',(-2.03541271466644E-35,0.,1.));
#3880=DIRECTION('',(0.898766451487284,0.329617092451927,-0.28908724988227));
#3881=DIRECTION('',(0.898130927743545,0.354186050759235,-0.260601377736374));
#3882=DIRECTION('center_axis',(0.868242114242189,0.401386287953216,-0.291624208356218));
#3883=DIRECTION('ref_axis',(0.49614073714648,-0.702422625653966,0.510339910170796));
#3884=DIRECTION('',(-0.898130927743279,-0.357296147307512,0.256320697077325));
#3885=DIRECTION('',(-0.898766451487284,-0.376795595982477,0.224151610587937));
#3886=DIRECTION('center_axis',(-1.,3.13124550796596E-18,-2.03541271466644E-35));
#3887=DIRECTION('ref_axis',(-2.03541271466644E-35,0.,1.));
#3888=DIRECTION('',(0.898766451487284,0.40281735672941,-0.173081029574263));
#3889=DIRECTION('',(0.898130927743089,0.417381206034069,-0.138397129597705));
#3890=DIRECTION('center_axis',(0.868242114242189,0.471857881062641,-0.153315919379976));
#3891=DIRECTION('ref_axis',(-0.49614073714648,0.825747320471916,-0.26830156853287));
#3892=DIRECTION('',(-0.898130927743695,-0.419016280549967,0.133364887674081));
#3893=DIRECTION('',(-0.898766451487284,-0.427620563858639,0.0967446073234851));
#3894=DIRECTION('center_axis',(-1.,3.13124550796596E-18,-2.03541271466644E-35));
#3895=DIRECTION('ref_axis',(-2.03541271466644E-35,0.,1.));
#3896=DIRECTION('',(0.898766451487284,0.436587051536655,-0.0401324321651041));
#3897=DIRECTION('',(0.89813092774353,0.439720180795344,-0.00264560614136706));
#3898=DIRECTION('center_axis',(0.868242114242189,0.49614073714648,-2.50105374024008E-16));
#3899=DIRECTION('ref_axis',(0.49614073714648,-0.86824211424219,2.3408465829127E-15));
#3900=DIRECTION('',(-0.898130927743359,-0.439720180795694,-0.00264560614151395));
#3901=DIRECTION('',(-0.898766451487284,-0.436587051536655,-0.040132432165098));
#3902=DIRECTION('center_axis',(-1.,3.13124550796596E-18,-2.03541271466644E-35));
#3903=DIRECTION('ref_axis',(-2.03541271466644E-35,0.,1.));
#3904=DIRECTION('',(0.898766451487284,0.42762056385864,0.0967446073234831));
#3905=DIRECTION('',(0.898130927743355,0.419016280550582,0.133364887674443));
#3906=DIRECTION('center_axis',(0.868242114242189,0.471857881062641,0.153315919379976));
#3907=DIRECTION('ref_axis',(-0.49614073714648,0.825747320471915,0.268301568532873));
#3908=DIRECTION('',(-0.898130927743367,-0.417381206033794,-0.138397129596729));
#3909=DIRECTION('',(-0.898766451487284,-0.402817356729407,-0.173081029574271));
#3910=DIRECTION('center_axis',(-1.,3.13124550796596E-18,-2.03541271466644E-35));
#3911=DIRECTION('ref_axis',(-2.03541271466644E-35,0.,1.));
#3912=DIRECTION('center_axis',(-1.,3.13124550796596E-18,-2.03541271466644E-35));
#3913=DIRECTION('ref_axis',(-2.03541271466644E-35,0.,1.));
#3914=DIRECTION('',(0.898766451487284,0.289087249882268,0.329617092451929));
#3915=DIRECTION('',(0.8981309277433,0.260601377736398,0.354186050759838));
#3916=DIRECTION('center_axis',(0.868242114242189,0.291624208356218,0.401386287953216));
#3917=DIRECTION('ref_axis',(0.496140737146481,-0.510339910170796,-0.702422625653965));
#3918=DIRECTION('',(-0.898130927743317,-0.256320697077387,-0.357296147307371));
#3919=DIRECTION('',(-0.898766451487284,-0.224151610587938,-0.376795595982477));
#3920=DIRECTION('center_axis',(-1.,3.13124550796596E-18,-2.03541271466644E-35));
#3921=DIRECTION('ref_axis',(-2.03541271466644E-35,0.,1.));
#3922=DIRECTION('',(0.898766451487284,0.173081029574269,0.402817356729408));
#3923=DIRECTION('',(0.898130927743203,0.138397129596688,0.417381206034161));
#3924=DIRECTION('center_axis',(0.868242114242189,0.153315919379976,0.471857881062641));
#3925=DIRECTION('ref_axis',(0.49614073714648,-0.268301568532872,-0.825747320471915));
#3926=DIRECTION('',(-0.898130927743612,-0.13336488767387,-0.419016280550212));
#3927=DIRECTION('',(-0.898766451487284,-0.0967446073234908,-0.427620563858638));
#3928=DIRECTION('center_axis',(-1.,3.13124550796596E-18,-2.03541271466644E-35));
#3929=DIRECTION('ref_axis',(-2.03541271466644E-35,0.,1.));
#3930=DIRECTION('',(0.898766451487284,0.0401324321650997,0.436587051536655));
#3931=DIRECTION('',(0.,0.667864687189335,0.74428271483724));
#3932=DIRECTION('',(-0.897399844766113,-0.290956705962906,-0.331689182622784));
#3933=DIRECTION('',(-0.84261273358972,-0.330296791508157,-0.425332588349254));
#3934=DIRECTION('',(-0.897399844766113,-0.290956705962906,-0.331689182622784));
#3935=DIRECTION('center_axis',(0.439721719655086,-0.52790996144077,-0.726605726563711));
#3936=DIRECTION('ref_axis',(0.898134070873371,0.258461941925945,0.355742343996741));
#3937=DIRECTION('',(2.53323082950467E-18,0.809016994374948,-0.587785252292473));
#3938=DIRECTION('',(-0.897399844766113,-0.225544591748122,-0.379213865446569));
#3939=DIRECTION('',(-5.66447633747063E-18,-0.809016994374947,0.587785252292473));
#3940=DIRECTION('center_axis',(0.439721719655086,-0.52790996144077,-0.726605726563711));
#3941=DIRECTION('ref_axis',(0.898134070873371,0.258461941925945,0.355742343996741));
#3942=DIRECTION('',(8.67558589682091E-16,-0.809016994374948,0.587785252292473));
#3943=DIRECTION('',(-0.897399844766113,-0.225544591748122,-0.379213865446569));
#3944=DIRECTION('center_axis',(0.439721719655086,-0.52790996144077,-0.726605726563711));
#3945=DIRECTION('ref_axis',(0.898134070873371,0.258461941925945,0.355742343996741));
#3946=DIRECTION('',(8.67558589682091E-16,-0.809016994374948,0.587785252292473));
#3947=DIRECTION('center_axis',(0.868242114242189,0.291624208356218,0.401386287953216));
#3948=DIRECTION('ref_axis',(-0.49614073714648,0.510339910170796,0.702422625653966));
#3949=DIRECTION('center_axis',(-0.86824211424219,-0.291624208356218,-0.401386287953216));
#3950=DIRECTION('ref_axis',(-0.495893272576492,0.484536443019289,0.720634649180563));
#3951=DIRECTION('',(0.84261273358972,0.302448007978705,0.445565913936616));
#3952=DIRECTION('',(0.,-0.501473418301049,-0.865173052479943));
#3953=DIRECTION('center_axis',(0.997609262693554,0.0406200050193769,0.0559086234873405));
#3954=DIRECTION('ref_axis',(-0.0690783039858627,0.562880177648124,0.823646825726448));
#3955=DIRECTION('center_axis',(-0.892104640156759,-0.265578335447851,-0.365537219379271));
#3956=DIRECTION('ref_axis',(-0.451601783643379,0.549747794361967,0.702732660123514));
#3957=DIRECTION('center_axis',(-5.66447633747063E-18,-0.809016994374948,
0.587785252292473));
#3958=DIRECTION('ref_axis',(1.,-5.66447633747063E-18,1.84049993088944E-18));
#3959=DIRECTION('',(0.,-0.5014741001395,0.865172657270951));
#3960=DIRECTION('',(-0.897399844766113,0.22554459174812,-0.379213865446571));
#3961=DIRECTION('',(-0.84261273358972,0.302448007978703,-0.445565913936618));
#3962=DIRECTION('',(-0.897399844766113,0.22554459174812,-0.379213865446571));
#3963=DIRECTION('center_axis',(0.439721719655087,0.527909961440771,-0.72660572656371));
#3964=DIRECTION('ref_axis',(0.898134070873371,-0.258461941925946,0.355742343996742));
#3965=DIRECTION('',(2.53323082950467E-18,0.809016994374947,0.587785252292473));
#3966=DIRECTION('',(-0.897399844766113,0.290956705962904,-0.331689182622786));
#3967=DIRECTION('',(-5.66447633747062E-18,-0.809016994374947,-0.587785252292473));
#3968=DIRECTION('center_axis',(0.439721719655087,0.527909961440771,-0.72660572656371));
#3969=DIRECTION('ref_axis',(0.898134070873371,-0.258461941925946,0.355742343996742));
#3970=DIRECTION('',(8.67558589682092E-16,-0.809016994374947,-0.587785252292473));
#3971=DIRECTION('',(-0.897399844766113,0.290956705962904,-0.331689182622786));
#3972=DIRECTION('center_axis',(0.439721719655087,0.527909961440771,-0.72660572656371));
#3973=DIRECTION('ref_axis',(0.898134070873371,-0.258461941925946,0.355742343996742));
#3974=DIRECTION('',(8.67558589682092E-16,-0.809016994374947,-0.587785252292473));
#3975=DIRECTION('center_axis',(0.86824211424219,-0.291624208356217,0.401386287953216));
#3976=DIRECTION('ref_axis',(-0.49614073714648,-0.510339910170796,0.702422625653966));
#3977=DIRECTION('center_axis',(-0.86824211424219,0.291624208356217,-0.401386287953216));
#3978=DIRECTION('ref_axis',(-0.495893272576491,-0.535634283684297,0.683509894848193));
#3979=DIRECTION('',(0.84261273358972,-0.330296791508155,0.425332588349256));
#3980=DIRECTION('',(0.,0.667864101880334,-0.744283240050167));
#3981=DIRECTION('center_axis',(0.997609262693559,-0.0406199888221315,0.0559086352552406));
#3982=DIRECTION('ref_axis',(-0.0690783039857928,-0.609395140042958,0.789851727358034));
#3983=DIRECTION('center_axis',(-0.89210464015621,0.265578335448484,-0.36553721938015));
#3984=DIRECTION('ref_axis',(-0.45160178364446,-0.498457064545615,0.739997556626852));
#3985=DIRECTION('center_axis',(-5.66447633747062E-18,-0.809016994374947,
-0.587785252292473));
#3986=DIRECTION('ref_axis',(1.,-5.66447633747062E-18,-1.84049993088944E-18));
#3987=DIRECTION('',(0.,-0.744283240054458,0.667864101875553));
#3988=DIRECTION('',(-0.897399844766113,0.331689182622784,-0.290956705962906));
#3989=DIRECTION('',(-0.84261273358972,0.425332588349254,-0.330296791508157));
#3990=DIRECTION('',(-0.897399844766113,0.331689182622784,-0.290956705962906));
#3991=DIRECTION('center_axis',(0.439721719655086,0.726605726563711,-0.52790996144077));
#3992=DIRECTION('ref_axis',(0.898134070873371,-0.355742343996741,0.258461941925945));
#3993=DIRECTION('',(1.84049993088944E-18,0.587785252292473,0.809016994374948));
#3994=DIRECTION('',(-0.897399844766113,0.379213865446569,-0.225544591748122));
#3995=DIRECTION('',(-4.97174543885539E-18,-0.587785252292473,-0.809016994374947));
#3996=DIRECTION('center_axis',(0.439721719655086,0.726605726563711,-0.52790996144077));
#3997=DIRECTION('ref_axis',(0.898134070873371,-0.355742343996741,0.258461941925945));
#3998=DIRECTION('',(8.68251320580707E-16,-0.587785252292473,-0.809016994374948));
#3999=DIRECTION('',(-0.897399844766113,0.379213865446569,-0.225544591748122));
#4000=DIRECTION('center_axis',(0.439721719655086,0.726605726563711,-0.52790996144077));
#4001=DIRECTION('ref_axis',(0.898134070873371,-0.355742343996741,0.258461941925945));
#4002=DIRECTION('',(8.68251320580707E-16,-0.587785252292473,-0.809016994374948));
#4003=DIRECTION('center_axis',(0.868242114242189,-0.401386287953216,0.291624208356218));
#4004=DIRECTION('ref_axis',(-0.49614073714648,-0.702422625653966,0.510339910170796));
#4005=DIRECTION('center_axis',(-0.86824211424219,0.401386287953216,-0.291624208356218));
#4006=DIRECTION('ref_axis',(-0.495893272576492,-0.720634649180563,0.484536443019289));
#4007=DIRECTION('',(0.84261273358972,-0.445565913936616,0.302448007978705));
#4008=DIRECTION('',(0.,0.865172657273958,-0.501474100134313));
#4009=DIRECTION('center_axis',(0.997609262693608,-0.0559086234867026,0.0406200050189284));
#4010=DIRECTION('ref_axis',(-0.0690783039850829,-0.823646825726523,0.562880177648109));
#4011=DIRECTION('center_axis',(-0.892104640155331,0.365537219381544,-0.265578335449519));
#4012=DIRECTION('ref_axis',(-0.451601783646193,-0.702732660122307,0.549747794361198));
#4013=DIRECTION('center_axis',(-4.9717454388554E-18,-0.587785252292473,
-0.809016994374948));
#4014=DIRECTION('ref_axis',(1.,-4.9717454388554E-18,-2.53323082950467E-18));
#4015=DIRECTION('',(0.,0.102834542672271,0.994698475334805));
#4016=DIRECTION('',(-0.897399844766113,-0.0404269098607284,-0.439362246412762));
#4017=DIRECTION('',(-0.84261273358972,-0.0172114947665413,-0.538244875164047));
#4018=DIRECTION('',(-0.897399844766113,-0.0404269098607284,-0.439362246412762));
#4019=DIRECTION('center_axis',(0.439721719655087,2.3434357796497E-16,-0.898134070873371));
#4020=DIRECTION('ref_axis',(0.898134070873371,-5.9474936199064E-17,0.439721719655087));
#4021=DIRECTION('',(3.13124550796596E-18,1.,2.62455753844383E-16));
#4022=DIRECTION('',(-0.897399844766113,0.040426909860725,-0.439362246412762));
#4023=DIRECTION('',(-6.26249101593191E-18,-1.,-1.22464679914735E-16));
#4024=DIRECTION('center_axis',(0.439721719655087,2.3434357796497E-16,-0.898134070873371));
#4025=DIRECTION('ref_axis',(0.898134070873371,-5.9474936199064E-17,0.439721719655087));
#4026=DIRECTION('',(8.6696057500363E-16,-1.,-2.62828726584704E-16));
#4027=DIRECTION('',(-0.897399844766113,0.040426909860725,-0.439362246412762));
#4028=DIRECTION('center_axis',(0.439721719655087,2.3434357796497E-16,-0.898134070873371));
#4029=DIRECTION('ref_axis',(0.898134070873371,-5.9474936199064E-17,0.439721719655087));
#4030=DIRECTION('',(8.6696057500363E-16,-1.,-2.62828726584704E-16));
#4031=DIRECTION('center_axis',(0.868242114242189,2.77766553087613E-16,0.49614073714648));
#4032=DIRECTION('ref_axis',(-0.49614073714648,-1.03221915700145E-16,0.868242114242189));
#4033=DIRECTION('center_axis',(-0.86824211424219,-6.22331644454771E-16,
-0.49614073714648));
#4034=DIRECTION('ref_axis',(-0.495893272576492,-0.0315802022827018,0.867809053327494));
#4035=DIRECTION('',(0.84261273358972,-0.017211494766538,0.538244875164047));
#4036=DIRECTION('',(0.,0.10283435669883,-0.99469849456121));
#4037=DIRECTION('center_axis',(0.997609262693644,1.00104187991278E-8,0.069106866430502));
#4038=DIRECTION('ref_axis',(-0.0690783039845608,-0.0287478277455141,0.997196946605098));
#4039=DIRECTION('center_axis',(-0.892104640154229,0.,-0.451828851464018));
#4040=DIRECTION('ref_axis',(-0.451601783648368,0.0316994143342887,0.891656310545984));
#4041=DIRECTION('center_axis',(-6.26249101593191E-18,-1.,-1.22464679914735E-16));
#4042=DIRECTION('ref_axis',(1.,-6.26249101593191E-18,-3.83466978867503E-34));
#4043=DIRECTION('',(0.,-0.209577546526231,0.977792029008237));
#4044=DIRECTION('',(-0.897399844766113,0.0973221247715741,-0.430350929641963));
#4045=DIRECTION('',(-0.84261273358972,0.149957709308014,-0.517219940268695));
#4046=DIRECTION('',(-0.897399844766113,0.0973221247715741,-0.430350929641963));
#4047=DIRECTION('center_axis',(0.439721719655087,0.277538691127025,-0.854176260610813));
#4048=DIRECTION('ref_axis',(0.898134070873371,-0.135881484169198,0.418200206834481));
#4049=DIRECTION('',(2.97799144447095E-18,0.951056516295153,0.309016994374948));
#4050=DIRECTION('',(-0.897399844766113,0.174218676885016,-0.405365725287906));
#4051=DIRECTION('',(-6.1092369524369E-18,-0.951056516295153,-0.309016994374948));
#4052=DIRECTION('center_axis',(0.439721719655087,0.277538691127025,-0.854176260610813));
#4053=DIRECTION('ref_axis',(0.898134070873371,-0.135881484169198,0.418200206834481));
#4054=DIRECTION('',(8.67113829067126E-16,-0.951056516295153,-0.309016994374948));
#4055=DIRECTION('',(-0.897399844766113,0.174218676885016,-0.405365725287906));
#4056=DIRECTION('center_axis',(0.439721719655087,0.277538691127025,-0.854176260610813));
#4057=DIRECTION('ref_axis',(0.898134070873371,-0.135881484169198,0.418200206834481));
#4058=DIRECTION('',(8.67113829067126E-16,-0.951056516295153,-0.309016994374948));
#4059=DIRECTION('center_axis',(0.868242114242189,-0.153315919379976,0.471857881062641));
#4060=DIRECTION('ref_axis',(-0.49614073714648,-0.268301568532871,0.825747320471915));
#4061=DIRECTION('center_axis',(-0.86824211424219,0.153315919379975,-0.471857881062641));
#4062=DIRECTION('ref_axis',(-0.495893272576492,-0.298202302517513,0.815576635875888));
#4063=DIRECTION('',(0.84261273358972,-0.182695917813808,0.506582651505783));
#4064=DIRECTION('',(0.,0.40518003815195,-0.91423691496416));
#4065=DIRECTION('center_axis',(0.997609262693572,-0.0213551866348629,0.0657245387338535));
#4066=DIRECTION('ref_axis',(-0.0690783039856041,-0.335491612146439,0.939507086773621));
#4067=DIRECTION('center_axis',(-0.892104640156385,0.139622793649967,-0.429714773430965));
#4068=DIRECTION('ref_axis',(-0.451601783644113,-0.245389018535666,0.857811202183533));
#4069=DIRECTION('center_axis',(-6.1092369524369E-18,-0.951056516295154,
-0.309016994374948));
#4070=DIRECTION('ref_axis',(1.,-6.1092369524369E-18,-9.67608075521694E-19));
#4071=DIRECTION('',(0.,-0.994698560563236,0.102833718270935));
#4072=DIRECTION('',(-0.897399844766113,0.439362246412762,-0.0404269098607284));
#4073=DIRECTION('',(-0.84261273358972,0.538244875164047,-0.0172114947665413));
#4074=DIRECTION('',(-0.897399844766113,0.439362246412762,-0.0404269098607284));
#4075=DIRECTION('center_axis',(0.439721719655087,0.898134070873371,1.80725603869383E-16));
#4076=DIRECTION('ref_axis',(0.898134070873371,-0.439721719655087,-2.9737468099532E-17));
#4077=DIRECTION('',(-6.50434037977957E-34,-2.01223413887016E-16,1.));
#4078=DIRECTION('',(-0.897399844766113,0.439362246412762,0.0404269098607249));
#4079=DIRECTION('',(-3.13124550796595E-18,6.12323399573677E-17,-1.));
#4080=DIRECTION('center_axis',(0.439721719655087,0.898134070873371,1.80725603869383E-16));
#4081=DIRECTION('ref_axis',(0.898134070873371,-0.439721719655087,-2.9737468099532E-17));
#4082=DIRECTION('',(8.70091820511596E-16,2.01596386627337E-16,-1.));
#4083=DIRECTION('',(-0.897399844766113,0.439362246412762,0.0404269098607249));
#4084=DIRECTION('center_axis',(0.439721719655087,0.898134070873371,1.80725603869383E-16));
#4085=DIRECTION('ref_axis',(0.898134070873371,-0.439721719655087,-2.9737468099532E-17));
#4086=DIRECTION('',(8.70091820511596E-16,2.01596386627337E-16,-1.));
#4087=DIRECTION('center_axis',(0.868242114242189,-0.49614073714648,3.10865090591313E-16));
#4088=DIRECTION('ref_axis',(-0.49614073714648,-0.868242114242189,-5.16109578500727E-17));
#4089=DIRECTION('center_axis',(-0.86824211424219,0.49614073714648,-6.55430181958471E-16));
#4090=DIRECTION('ref_axis',(-0.495893272576492,-0.867809053327494,-0.0315802022827018));
#4091=DIRECTION('',(0.84261273358972,-0.538244875164047,-0.0172114947665379));
#4092=DIRECTION('',(0.,0.99469858059106,0.102833524543946));
#4093=DIRECTION('center_axis',(0.997609262693604,-0.0691068664310889,1.00104239566019E-8));
#4094=DIRECTION('ref_axis',(-0.0690783039851473,-0.997196946605058,-0.0287478277454992));
#4095=DIRECTION('center_axis',(-0.892104640154832,0.451828851462827,-5.90230333930302E-15));
#4096=DIRECTION('ref_axis',(-0.451601783647179,-0.891656310546587,0.0316994143342627));
#4097=DIRECTION('center_axis',(-3.13124550796595E-18,6.12323399573677E-17,
-1.));
#4098=DIRECTION('ref_axis',(1.,-3.13124550796595E-18,-3.13124550796595E-18));
#4099=DIRECTION('',(0.,0.405180770404393,0.914236590437345));
#4100=DIRECTION('',(-0.897399844766113,-0.174218676885019,-0.405365725287905));
#4101=DIRECTION('',(-0.84261273358972,-0.182695917813812,-0.506582651505782));
#4102=DIRECTION('',(-0.897399844766113,-0.174218676885019,-0.405365725287905));
#4103=DIRECTION('center_axis',(0.439721719655087,-0.277538691127025,-0.854176260610813));
#4104=DIRECTION('ref_axis',(0.898134070873371,0.135881484169198,0.418200206834481));
#4105=DIRECTION('',(2.97799144447095E-18,0.951056516295154,-0.309016994374947));
#4106=DIRECTION('',(-0.897399844766113,-0.0973221247715775,-0.430350929641962));
#4107=DIRECTION('',(-6.1092369524369E-18,-0.951056516295154,0.309016994374947));
#4108=DIRECTION('center_axis',(0.439721719655087,-0.277538691127025,-0.854176260610813));
#4109=DIRECTION('ref_axis',(0.898134070873371,0.135881484169198,0.418200206834481));
#4110=DIRECTION('',(8.67113829067125E-16,-0.951056516295154,0.309016994374947));
#4111=DIRECTION('',(-0.897399844766113,-0.0973221247715775,-0.430350929641962));
#4112=DIRECTION('center_axis',(0.439721719655087,-0.277538691127025,-0.854176260610813));
#4113=DIRECTION('ref_axis',(0.898134070873371,0.135881484169198,0.418200206834481));
#4114=DIRECTION('',(8.67113829067125E-16,-0.951056516295154,0.309016994374947));
#4115=DIRECTION('center_axis',(0.868242114242189,0.153315919379976,0.471857881062641));
#4116=DIRECTION('ref_axis',(-0.49614073714648,0.268301568532871,0.825747320471915));
#4117=DIRECTION('center_axis',(-0.86824211424219,-0.153315919379977,-0.47185788106264));
#4118=DIRECTION('ref_axis',(-0.495893272576491,0.238133188183748,0.835094274258195));
#4119=DIRECTION('',(0.84261273358972,0.149957709308017,0.517219940268694));
#4120=DIRECTION('',(0.,-0.209576758661671,-0.977792197876864));
#4121=DIRECTION('center_axis',(0.997609262693578,0.0213552056757859,0.0657245325469923));
#4122=DIRECTION('ref_axis',(-0.0690783039855189,0.280809994333094,0.957274221423063));
#4123=DIRECTION('center_axis',(-0.89210464015606,-0.139622793650165,-0.429714773431576));
#4124=DIRECTION('ref_axis',(-0.451601783644756,0.305684887666269,0.838219886701178));
#4125=DIRECTION('center_axis',(-6.1092369524369E-18,-0.951056516295154,
0.309016994374947));
#4126=DIRECTION('ref_axis',(1.,-6.1092369524369E-18,9.67608075521693E-19));
#4127=DIRECTION('',(0.,-0.914236914966093,0.405180038147589));
#4128=DIRECTION('',(-0.897399844766113,0.405365725287905,-0.174218676885019));
#4129=DIRECTION('',(-0.84261273358972,0.506582651505782,-0.182695917813812));
#4130=DIRECTION('',(-0.897399844766113,0.405365725287905,-0.174218676885019));
#4131=DIRECTION('center_axis',(0.439721719655087,0.854176260610813,-0.277538691127025));
#4132=DIRECTION('ref_axis',(0.898134070873371,-0.418200206834481,0.135881484169198));
#4133=DIRECTION('',(9.67608075521695E-19,0.309016994374947,0.951056516295154));
#4134=DIRECTION('',(-0.897399844766113,0.430350929641962,-0.0973221247715775));
#4135=DIRECTION('',(-4.09885358348765E-18,-0.309016994374947,-0.951056516295154));
#4136=DIRECTION('center_axis',(0.439721719655087,0.854176260610813,-0.277538691127025));
#4137=DIRECTION('ref_axis',(0.898134070873371,-0.418200206834481,0.135881484169198));
#4138=DIRECTION('',(8.69124212436074E-16,-0.309016994374947,-0.951056516295154));
#4139=DIRECTION('',(-0.897399844766113,0.430350929641962,-0.0973221247715775));
#4140=DIRECTION('center_axis',(0.439721719655087,0.854176260610813,-0.277538691127025));
#4141=DIRECTION('ref_axis',(0.898134070873371,-0.418200206834481,0.135881484169198));
#4142=DIRECTION('',(8.69124212436074E-16,-0.309016994374947,-0.951056516295154));
#4143=DIRECTION('center_axis',(0.868242114242189,-0.471857881062641,0.153315919379976));
#4144=DIRECTION('ref_axis',(-0.49614073714648,-0.825747320471915,0.268301568532871));
#4145=DIRECTION('center_axis',(-0.86824211424219,0.47185788106264,-0.153315919379977));
#4146=DIRECTION('ref_axis',(-0.495893272576491,-0.835094274258195,0.238133188183748));
#4147=DIRECTION('',(0.84261273358972,-0.517219940268694,0.149957709308017));
#4148=DIRECTION('',(0.,0.977792029009582,-0.209577546519958));
#4149=DIRECTION('center_axis',(0.997609262693651,-0.0657245325459976,0.0213552056754474));
#4150=DIRECTION('ref_axis',(-0.0690783039844692,-0.957274221423126,0.280809994333139));
#4151=DIRECTION('center_axis',(-0.892104640155002,0.429714773433565,-0.139622793650804));
#4152=DIRECTION('ref_axis',(-0.451601783646845,-0.838219886700197,0.305684887665872));
#4153=DIRECTION('center_axis',(-4.09885358348765E-18,-0.309016994374947,
-0.951056516295154));
#4154=DIRECTION('ref_axis',(1.,-4.09885358348765E-18,-2.97799144447095E-18));
#4155=DIRECTION('',(0.,-0.977791735930742,-0.209578913885786));
#4156=DIRECTION('',(-0.897399844766113,0.430350929641963,0.0973221247715741));
#4157=DIRECTION('',(-0.84261273358972,0.517219940268695,0.149957709308014));
#4158=DIRECTION('',(-0.897399844766113,0.430350929641963,0.0973221247715741));
#4159=DIRECTION('center_axis',(0.439721719655087,0.854176260610813,0.277538691127025));
#4160=DIRECTION('ref_axis',(0.898134070873371,-0.418200206834481,-0.135881484169198));
#4161=DIRECTION('',(-9.67608075521696E-19,-0.309016994374948,0.951056516295153));
#4162=DIRECTION('',(-0.897399844766113,0.405365725287906,0.174218676885016));
#4163=DIRECTION('',(-2.16363743244426E-18,0.309016994374948,-0.951056516295154));
#4164=DIRECTION('center_axis',(0.439721719655087,0.854176260610813,0.277538691127025));
#4165=DIRECTION('ref_axis',(0.898134070873371,-0.418200206834481,-0.135881484169198));
#4166=DIRECTION('',(8.71059428587118E-16,0.309016994374948,-0.951056516295153));
#4167=DIRECTION('',(-0.897399844766113,0.405365725287906,0.174218676885016));
#4168=DIRECTION('center_axis',(0.439721719655087,0.854176260610813,0.277538691127025));
#4169=DIRECTION('ref_axis',(0.898134070873371,-0.418200206834481,-0.135881484169198));
#4170=DIRECTION('',(8.71059428587118E-16,0.309016994374948,-0.951056516295153));
#4171=DIRECTION('center_axis',(0.868242114242189,-0.471857881062641,-0.153315919379976));
#4172=DIRECTION('ref_axis',(-0.49614073714648,-0.825747320471915,-0.268301568532871));
#4173=DIRECTION('center_axis',(-0.86824211424219,0.471857881062641,0.153315919379975));
#4174=DIRECTION('ref_axis',(-0.495893272576492,-0.815576635875888,-0.298202302517513));
#4175=DIRECTION('',(0.84261273358972,-0.506582651505783,-0.182695917813808));
#4176=DIRECTION('',(0.,0.914237681172634,0.405178309296147));
#4177=DIRECTION('center_axis',(0.997609262693629,-0.0657245387330701,-0.0213551866346189));
#4178=DIRECTION('ref_axis',(-0.0690783039847843,-0.939507086773687,-0.335491612146421));
#4179=DIRECTION('center_axis',(-0.892104640153918,0.429714773435595,0.139622793651476));
#4180=DIRECTION('ref_axis',(-0.451601783648981,-0.857811202181147,-0.245389018535049));
#4181=DIRECTION('center_axis',(-2.16363743244426E-18,0.309016994374948,
-0.951056516295154));
#4182=DIRECTION('ref_axis',(1.,-2.16363743244426E-18,-2.97799144447095E-18));
#4183=DIRECTION('',(0.,-0.667861202352652,-0.744285841859208));
#4184=DIRECTION('',(-0.897399844766113,0.290956705962906,0.331689182622784));
#4185=DIRECTION('',(-0.84261273358972,0.330296791508157,0.425332588349254));
#4186=DIRECTION('',(-0.897399844766113,0.290956705962906,0.331689182622784));
#4187=DIRECTION('center_axis',(0.439721719655087,0.52790996144077,0.726605726563711));
#4188=DIRECTION('ref_axis',(0.898134070873371,-0.258461941925945,-0.355742343996742));
#4189=DIRECTION('',(-2.53323082950467E-18,-0.809016994374947,0.587785252292473));
#4190=DIRECTION('',(-0.897399844766113,0.225544591748122,0.379213865446569));
#4191=DIRECTION('',(-5.98014678461282E-19,0.809016994374947,-0.587785252292473));
#4192=DIRECTION('center_axis',(0.439721719655087,0.52790996144077,0.726605726563711));
#4193=DIRECTION('ref_axis',(0.898134070873371,-0.258461941925945,-0.355742343996742));
#4194=DIRECTION('',(8.72625051341101E-16,0.809016994374948,-0.587785252292473));
#4195=DIRECTION('',(-0.897399844766113,0.225544591748122,0.379213865446569));
#4196=DIRECTION('center_axis',(0.439721719655087,0.52790996144077,0.726605726563711));
#4197=DIRECTION('ref_axis',(0.898134070873371,-0.258461941925945,-0.355742343996742));
#4198=DIRECTION('',(8.72625051341101E-16,0.809016994374948,-0.587785252292473));
#4199=DIRECTION('center_axis',(0.868242114242189,-0.291624208356218,-0.401386287953216));
#4200=DIRECTION('ref_axis',(-0.49614073714648,-0.510339910170796,-0.702422625653966));
#4201=DIRECTION('center_axis',(-0.86824211424219,0.291624208356218,0.401386287953216));
#4202=DIRECTION('ref_axis',(-0.495893272576492,-0.484536443019289,-0.720634649180563));
#4203=DIRECTION('',(0.84261273358972,-0.302448007978705,-0.445565913936616));
#4204=DIRECTION('',(0.,0.501477967007174,0.865170415933388));
#4205=DIRECTION('center_axis',(0.997609262693475,-0.0406200050200527,-0.0559086234882619));
#4206=DIRECTION('ref_axis',(-0.0690783039870047,-0.562880177648062,-0.823646825726394));
#4207=DIRECTION('center_axis',(-0.892104640156244,0.265578335448437,0.3655372193801));
#4208=DIRECTION('ref_axis',(-0.451601783644395,-0.549747794361639,-0.702732660123119));
#4209=DIRECTION('center_axis',(-5.98014678461282E-19,0.809016994374947,
-0.587785252292473));
#4210=DIRECTION('ref_axis',(1.,-5.98014678461282E-19,-1.84049993088944E-18));
#4211=DIRECTION('',(0.,0.209582428925511,0.977790982513995));
#4212=DIRECTION('',(-0.897399844766113,0.0973221247715776,0.430350929641962));
#4213=DIRECTION('',(0.84261273358972,-0.149957709308017,-0.517219940268694));
#4214=DIRECTION('',(-0.897399844766113,0.0973221247715776,0.430350929641962));
#4215=DIRECTION('center_axis',(0.439721719655087,0.277538691127025,0.854176260610813));
#4216=DIRECTION('ref_axis',(0.898134070873371,-0.135881484169198,-0.418200206834481));
#4217=DIRECTION('',(8.73069811956067E-16,0.951056516295154,-0.309016994374947));
#4218=DIRECTION('center_axis',(0.439721719655087,0.277538691127025,0.854176260610813));
#4219=DIRECTION('ref_axis',(0.898134070873371,-0.135881484169198,-0.418200206834481));
#4220=DIRECTION('',(-0.897399844766113,0.174218676885019,0.405365725287905));
#4221=DIRECTION('',(8.73069811956067E-16,0.951056516295154,-0.309016994374947));
#4222=DIRECTION('center_axis',(0.439721719655087,0.277538691127025,0.854176260610813));
#4223=DIRECTION('ref_axis',(0.898134070873371,-0.135881484169198,-0.418200206834481));
#4224=DIRECTION('',(-2.97799144447095E-18,-0.951056516295154,0.309016994374947));
#4225=DIRECTION('',(-1.53254063495005E-19,0.951056516295154,-0.309016994374947));
#4226=DIRECTION('',(-0.897399844766113,0.174218676885019,0.405365725287905));
#4227=DIRECTION('',(0.,-0.40517584248767,-0.914238774426247));
#4228=DIRECTION('',(-0.84261273358972,0.182695917813812,0.506582651505782));
#4229=DIRECTION('center_axis',(0.868242114242189,-0.153315919379977,-0.471857881062641));
#4230=DIRECTION('ref_axis',(-0.496140737146481,-0.268301568532871,-0.825747320471915));
#4231=DIRECTION('center_axis',(-0.86824211424219,0.153315919379977,0.47185788106264));
#4232=DIRECTION('ref_axis',(-0.495893272576491,-0.238133188183748,-0.835094274258195));
#4233=DIRECTION('center_axis',(0.997609262693651,-0.0213552056754594,-0.0657245325459895));
#4234=DIRECTION('ref_axis',(-0.0690783039844647,-0.280809994333122,-0.957274221423131));
#4235=DIRECTION('center_axis',(-0.892104640156524,0.139622793649878,0.429714773430705));
#4236=DIRECTION('ref_axis',(-0.451601783643839,-0.305684887666328,-0.83821988670165));
#4237=DIRECTION('center_axis',(-1.53254063495005E-19,0.951056516295154,
-0.309016994374947));
#4238=DIRECTION('ref_axis',(1.,-1.53254063495005E-19,-9.67608075521695E-19));
#4239=DIRECTION('',(0.,0.744285544270482,0.667861533994878));
#4240=DIRECTION('',(-0.897399844766113,0.331689182622786,0.290956705962904));
#4241=DIRECTION('',(0.84261273358972,-0.425332588349256,-0.330296791508155));
#4242=DIRECTION('',(-0.897399844766113,0.331689182622786,0.290956705962904));
#4243=DIRECTION('center_axis',(0.868242114242189,-0.401386287953217,-0.291624208356217));
#4244=DIRECTION('ref_axis',(-0.496140737146481,-0.702422625653966,-0.510339910170796));
#4245=DIRECTION('',(8.71932320442486E-16,0.587785252292473,-0.809016994374947));
#4246=DIRECTION('center_axis',(-0.86824211424219,0.401386287953216,0.291624208356217));
#4247=DIRECTION('ref_axis',(-0.495893272576491,-0.683509894848193,-0.535634283684297));
#4248=DIRECTION('',(8.71932320442486E-16,0.587785252292473,-0.809016994374947));
#4249=DIRECTION('center_axis',(0.439721719655087,0.72660572656371,0.527909961440771));
#4250=DIRECTION('ref_axis',(0.898134070873371,-0.355742343996741,-0.258461941925945));
#4251=DIRECTION('',(-0.897399844766113,0.379213865446571,0.225544591748119));
#4252=DIRECTION('center_axis',(0.439721719655087,0.72660572656371,0.527909961440771));
#4253=DIRECTION('ref_axis',(0.898134070873371,-0.355742343996741,-0.258461941925945));
#4254=DIRECTION('center_axis',(0.439721719655087,0.72660572656371,0.527909961440771));
#4255=DIRECTION('ref_axis',(0.898134070873371,-0.355742343996741,-0.258461941925945));
#4256=DIRECTION('',(-1.84049993088944E-18,-0.587785252292473,0.809016994374947));
#4257=DIRECTION('',(-1.29074557707651E-18,0.587785252292473,-0.809016994374947));
#4258=DIRECTION('',(-0.897399844766113,0.379213865446571,0.225544591748119));
#4259=DIRECTION('',(0.,-0.865171255383336,-0.501476518750802));
#4260=DIRECTION('',(-0.84261273358972,0.445565913936618,0.302448007978703));
#4261=DIRECTION('center_axis',(0.997609262693568,-0.055908635255148,-0.0406199888220401));
#4262=DIRECTION('ref_axis',(-0.0690783039856637,-0.789851727358053,-0.609395140042948));
#4263=DIRECTION('center_axis',(-0.892104640153553,0.365537219384386,0.26557833545158));
#4264=DIRECTION('ref_axis',(-0.451601783649706,-0.739997556624698,-0.49845706454406));
#4265=DIRECTION('center_axis',(-1.29074557707651E-18,0.587785252292473,
-0.809016994374947));
#4266=DIRECTION('ref_axis',(1.,-1.29074557707651E-18,-2.53323082950467E-18));
#4267=DIRECTION('center_axis',(-1.,3.13124550796596E-18,-2.03541271466644E-35));
#4268=DIRECTION('ref_axis',(-2.03541271466644E-35,0.,1.));
#4269=DIRECTION('',(0.,-0.914236590434489,-0.405180770410837));
#4270=DIRECTION('',(9.67608075521696E-19,0.309016994374948,-0.951056516295153));
#4271=DIRECTION('',(0.,0.977792197875363,0.209576758668672));
#4272=DIRECTION('',(0.,-0.994698475334162,-0.102834542678487));
#4273=DIRECTION('',(1.03390101684546E-33,3.23688093801751E-16,-1.));
#4274=DIRECTION('',(0.,0.994698494561765,-0.102834356693462));
#4275=DIRECTION('',(0.,-0.977791916351427,0.209578072130184));
#4276=DIRECTION('',(-9.67608075521694E-19,-0.309016994374947,-0.951056516295154));
#4277=DIRECTION('',(0.,0.914237327344046,-0.40517910766822));
#4278=DIRECTION('',(0.,-0.865171701495513,0.501475749095964));
#4279=DIRECTION('',(-1.84049993088944E-18,-0.587785252292473,-0.809016994374948));
#4280=DIRECTION('',(0.,0.744284943254851,-0.667862203784675));
#4281=DIRECTION('',(0.,-0.667861873818381,0.744285239340269));
#4282=DIRECTION('',(-2.53323082950467E-18,-0.809016994374947,-0.587785252292473));
#4283=DIRECTION('',(0.,0.501477192699707,-0.865170864744081));
#4284=DIRECTION('',(0.,-0.405176647631736,0.914238417598992));
#4285=DIRECTION('',(-2.97799144447095E-18,-0.951056516295153,-0.309016994374948));
#4286=DIRECTION('',(0.,0.209581602120011,-0.977791159733411));
#4287=DIRECTION('',(0.,-0.102829792162758,0.994698966443498));
#4288=DIRECTION('',(-3.13124550796596E-18,-1.,-1.39991073929648E-16));
#4289=DIRECTION('',(0.,-0.102829384308523,-0.994699008606488));
#4290=DIRECTION('',(-0.897399844766113,-0.174218676885016,0.405365725287906));
#4291=DIRECTION('',(0.84261273358972,0.182695917813809,-0.506582651505783));
#4292=DIRECTION('',(-0.897399844766113,-0.174218676885016,0.405365725287906));
#4293=DIRECTION('center_axis',(0.868242114242189,0.153315919379976,-0.471857881062641));
#4294=DIRECTION('ref_axis',(-0.49614073714648,0.268301568532871,-0.825747320471915));
#4295=DIRECTION('',(8.73069811956067E-16,0.951056516295153,0.309016994374948));
#4296=DIRECTION('center_axis',(-0.86824211424219,-0.153315919379975,0.471857881062641));
#4297=DIRECTION('ref_axis',(-0.495893272576492,0.298202302517513,-0.815576635875888));
#4298=DIRECTION('',(8.73069811956067E-16,0.951056516295153,0.309016994374948));
#4299=DIRECTION('center_axis',(0.439721719655087,-0.277538691127025,0.854176260610813));
#4300=DIRECTION('ref_axis',(0.898134070873371,0.135881484169198,-0.418200206834481));
#4301=DIRECTION('',(-0.897399844766113,-0.0973221247715742,0.430350929641963));
#4302=DIRECTION('center_axis',(0.439721719655087,-0.277538691127025,0.854176260610813));
#4303=DIRECTION('ref_axis',(0.898134070873371,0.135881484169198,-0.418200206834481));
#4304=DIRECTION('center_axis',(0.439721719655087,-0.277538691127025,0.854176260610813));
#4305=DIRECTION('ref_axis',(0.898134070873371,0.135881484169198,-0.418200206834481));
#4306=DIRECTION('',(-1.53254063495005E-19,0.951056516295153,0.309016994374948));
#4307=DIRECTION('',(-0.897399844766113,-0.0973221247715742,0.430350929641963));
#4308=DIRECTION('',(-0.84261273358972,-0.149957709308014,0.517219940268695));
#4309=DIRECTION('center_axis',(0.997609262693661,0.0213551866344678,-0.0657245387326341));
#4310=DIRECTION('ref_axis',(-0.0690783039843229,0.33549161214644,-0.939507086773715));
#4311=DIRECTION('center_axis',(-0.892104640156236,-0.139622793650058,0.429714773431244));
#4312=DIRECTION('ref_axis',(-0.451601783644406,0.245389018535664,-0.857811202183379));
#4313=DIRECTION('center_axis',(-1.53254063495005E-19,0.951056516295154,
0.309016994374948));
#4314=DIRECTION('ref_axis',(1.,-1.53254063495006E-19,9.67608075521695E-19));
#4315=DIRECTION('',(-0.897399844766113,-0.290956705962904,0.331689182622786));
#4316=DIRECTION('',(0.84261273358972,0.330296791508155,-0.425332588349256));
#4317=DIRECTION('',(-0.897399844766113,-0.290956705962904,0.331689182622786));
#4318=DIRECTION('center_axis',(0.86824211424219,0.291624208356217,-0.401386287953216));
#4319=DIRECTION('ref_axis',(-0.49614073714648,0.510339910170796,-0.702422625653966));
#4320=DIRECTION('',(8.72625051341101E-16,0.809016994374947,0.587785252292473));
#4321=DIRECTION('center_axis',(-0.86824211424219,-0.291624208356217,0.401386287953216));
#4322=DIRECTION('ref_axis',(-0.495893272576491,0.535634283684298,-0.683509894848192));
#4323=DIRECTION('',(8.72625051341101E-16,0.809016994374947,0.587785252292473));
#4324=DIRECTION('center_axis',(0.439721719655087,-0.527909961440771,0.72660572656371));
#4325=DIRECTION('ref_axis',(0.898134070873371,0.258461941925946,-0.355742343996742));
#4326=DIRECTION('',(-0.897399844766113,-0.22554459174812,0.379213865446571));
#4327=DIRECTION('center_axis',(0.439721719655087,-0.527909961440771,0.72660572656371));
#4328=DIRECTION('ref_axis',(0.898134070873371,0.258461941925946,-0.355742343996742));
#4329=DIRECTION('center_axis',(0.439721719655087,-0.527909961440771,0.72660572656371));
#4330=DIRECTION('ref_axis',(0.898134070873371,0.258461941925946,-0.355742343996742));
#4331=DIRECTION('',(-5.98014678461283E-19,0.809016994374947,0.587785252292473));
#4332=DIRECTION('',(-0.897399844766113,-0.22554459174812,0.379213865446571));
#4333=DIRECTION('',(-0.84261273358972,-0.302448007978703,0.445565913936618));
#4334=DIRECTION('center_axis',(0.997609262693596,0.040619988821813,-0.0559086352548094));
#4335=DIRECTION('ref_axis',(-0.0690783039852568,0.609395140042976,-0.789851727358067));
#4336=DIRECTION('center_axis',(-0.892104640156189,-0.265578335448508,0.365537219380183));
#4337=DIRECTION('ref_axis',(-0.451601783644505,0.498457064545612,-0.739997556626826));
#4338=DIRECTION('center_axis',(-5.98014678461283E-19,0.809016994374947,
0.587785252292473));
#4339=DIRECTION('ref_axis',(1.,-5.98014678461281E-19,1.84049993088944E-18));
#4340=DIRECTION('',(-0.897399844766113,-0.405365725287906,-0.174218676885016));
#4341=DIRECTION('',(0.84261273358972,0.506582651505783,0.182695917813809));
#4342=DIRECTION('',(-0.897399844766113,-0.405365725287906,-0.174218676885016));
#4343=DIRECTION('center_axis',(0.868242114242189,0.471857881062641,0.153315919379976));
#4344=DIRECTION('ref_axis',(-0.49614073714648,0.825747320471915,0.268301568532871));
#4345=DIRECTION('',(8.69124212436074E-16,-0.309016994374948,0.951056516295153));
#4346=DIRECTION('center_axis',(-0.86824211424219,-0.471857881062641,-0.153315919379975));
#4347=DIRECTION('ref_axis',(-0.495893272576492,0.815576635875888,0.298202302517513));
#4348=DIRECTION('',(8.69124212436074E-16,-0.309016994374948,0.951056516295153));
#4349=DIRECTION('center_axis',(0.439721719655087,-0.854176260610813,-0.277538691127025));
#4350=DIRECTION('ref_axis',(0.898134070873371,0.418200206834481,0.135881484169198));
#4351=DIRECTION('',(-0.897399844766113,-0.430350929641963,-0.0973221247715741));
#4352=DIRECTION('center_axis',(0.439721719655087,-0.854176260610813,-0.277538691127025));
#4353=DIRECTION('ref_axis',(0.898134070873371,0.418200206834481,0.135881484169198));
#4354=DIRECTION('center_axis',(0.439721719655087,-0.854176260610813,-0.277538691127025));
#4355=DIRECTION('ref_axis',(0.898134070873371,0.418200206834481,0.135881484169198));
#4356=DIRECTION('',(-4.09885358348765E-18,-0.309016994374948,0.951056516295153));
#4357=DIRECTION('',(-0.897399844766113,-0.430350929641963,-0.0973221247715741));
#4358=DIRECTION('',(-0.84261273358972,-0.517219940268695,-0.149957709308014));
#4359=DIRECTION('center_axis',(0.99760926269355,0.065724538734144,0.0213551866349762));
#4360=DIRECTION('ref_axis',(-0.0690783039859159,0.939507086773615,0.335491612146392));
#4361=DIRECTION('center_axis',(-0.892104640154861,-0.429714773433825,-0.139622793650902));
#4362=DIRECTION('ref_axis',(-0.451601783647121,0.857811202182062,0.245389018535273));
#4363=DIRECTION('center_axis',(-4.09885358348765E-18,-0.309016994374948,
0.951056516295154));
#4364=DIRECTION('ref_axis',(1.,-4.09885358348765E-18,2.97799144447095E-18));
#4365=DIRECTION('',(-0.897399844766113,-0.439362246412762,-0.040426909860725));
#4366=DIRECTION('',(0.84261273358972,0.538244875164047,0.017211494766538));
#4367=DIRECTION('',(-0.897399844766113,-0.439362246412762,-0.040426909860725));
#4368=DIRECTION('center_axis',(0.868242114242189,0.49614073714648,-2.50105374024008E-16));
#4369=DIRECTION('ref_axis',(-0.49614073714648,0.868242114242189,1.57939950459235E-16));
#4370=DIRECTION('',(8.70091820511596E-16,-3.24061066542072E-16,1.));
#4371=DIRECTION('center_axis',(-0.86824211424219,-0.49614073714648,5.94670465391166E-16));
#4372=DIRECTION('ref_axis',(-0.495893272576492,0.867809053327494,0.0315802022827019));
#4373=DIRECTION('',(8.70091820511596E-16,-3.24061066542072E-16,1.));
#4374=DIRECTION('center_axis',(0.439721719655087,-0.898134070873371,-2.90715305379408E-16));
#4375=DIRECTION('ref_axis',(0.898134070873371,0.439721719655087,8.35878477486491E-17));
#4376=DIRECTION('',(-0.897399844766113,-0.439362246412762,0.0404269098607284));
#4377=DIRECTION('center_axis',(0.439721719655087,-0.898134070873371,-2.90715305379408E-16));
#4378=DIRECTION('ref_axis',(0.898134070873371,0.439721719655087,8.35878477486491E-17));
#4379=DIRECTION('center_axis',(0.439721719655087,-0.898134070873371,-2.90715305379408E-16));
#4380=DIRECTION('ref_axis',(0.898134070873371,0.439721719655087,8.35878477486491E-17));
#4381=DIRECTION('',(-3.13124550796595E-18,-1.83697019872103E-16,1.));
#4382=DIRECTION('',(-0.897399844766113,-0.439362246412762,0.0404269098607284));
#4383=DIRECTION('',(-0.84261273358972,-0.538244875164047,0.0172114947665412));
#4384=DIRECTION('center_axis',(0.997609262693583,0.069106866431387,-1.001042453143E-8));
#4385=DIRECTION('ref_axis',(-0.0690783039854453,0.997196946605037,0.0287478277454974));
#4386=DIRECTION('center_axis',(-0.892104640154966,-0.451828851462562,0.));
#4387=DIRECTION('ref_axis',(-0.451601783646913,0.891656310546722,-0.0316994143342486));
#4388=DIRECTION('center_axis',(-3.13124550796595E-18,-1.83697019872103E-16,
1.));
#4389=DIRECTION('ref_axis',(1.,-3.13124550796595E-18,3.13124550796595E-18));
#4390=DIRECTION('',(-0.897399844766113,-0.430350929641962,0.0973221247715775));
#4391=DIRECTION('',(0.84261273358972,0.517219940268694,-0.149957709308017));
#4392=DIRECTION('',(-0.897399844766113,-0.430350929641962,0.0973221247715775));
#4393=DIRECTION('center_axis',(0.868242114242189,0.471857881062641,-0.153315919379976));
#4394=DIRECTION('ref_axis',(-0.49614073714648,0.825747320471915,-0.268301568532871));
#4395=DIRECTION('',(8.71059428587118E-16,0.309016994374947,0.951056516295154));
#4396=DIRECTION('center_axis',(-0.86824211424219,-0.47185788106264,0.153315919379977));
#4397=DIRECTION('ref_axis',(-0.495893272576491,0.835094274258195,-0.238133188183748));
#4398=DIRECTION('',(8.71059428587118E-16,0.309016994374947,0.951056516295154));
#4399=DIRECTION('center_axis',(0.439721719655087,-0.854176260610813,0.277538691127025));
#4400=DIRECTION('ref_axis',(0.898134070873371,0.418200206834481,-0.135881484169198));
#4401=DIRECTION('',(-0.897399844766113,-0.405365725287905,0.174218676885019));
#4402=DIRECTION('center_axis',(0.439721719655087,-0.854176260610813,0.277538691127025));
#4403=DIRECTION('ref_axis',(0.898134070873371,0.418200206834481,-0.135881484169198));
#4404=DIRECTION('center_axis',(0.439721719655087,-0.854176260610813,0.277538691127025));
#4405=DIRECTION('ref_axis',(0.898134070873371,0.418200206834481,-0.135881484169198));
#4406=DIRECTION('',(-2.16363743244426E-18,0.309016994374947,0.951056516295154));
#4407=DIRECTION('',(-0.897399844766113,-0.405365725287905,0.174218676885019));
#4408=DIRECTION('',(-0.84261273358972,-0.506582651505782,0.182695917813812));
#4409=DIRECTION('center_axis',(0.997609262693648,0.065724532546025,-0.0213552056754857));
#4410=DIRECTION('ref_axis',(-0.0690783039845061,0.957274221423132,-0.280809994333108));
#4411=DIRECTION('center_axis',(-0.892104640155215,-0.429714773433163,0.139622793650674));
#4412=DIRECTION('ref_axis',(-0.451601783646424,0.838219886700407,-0.30568488766592));
#4413=DIRECTION('center_axis',(-2.16363743244426E-18,0.309016994374947,
0.951056516295154));
#4414=DIRECTION('ref_axis',(1.,-2.16363743244426E-18,2.97799144447095E-18));
#4415=DIRECTION('',(-0.897399844766113,-0.379213865446569,0.225544591748122));
#4416=DIRECTION('',(0.84261273358972,0.445565913936616,-0.302448007978705));
#4417=DIRECTION('',(-0.897399844766113,-0.379213865446569,0.225544591748122));
#4418=DIRECTION('center_axis',(0.868242114242189,0.401386287953216,-0.291624208356218));
#4419=DIRECTION('ref_axis',(-0.49614073714648,0.702422625653966,-0.510339910170795));
#4420=DIRECTION('',(8.71932320442486E-16,0.587785252292473,0.809016994374948));
#4421=DIRECTION('center_axis',(-0.86824211424219,-0.401386287953216,0.291624208356218));
#4422=DIRECTION('ref_axis',(-0.495893272576492,0.720634649180563,-0.484536443019289));
#4423=DIRECTION('',(8.71932320442486E-16,0.587785252292473,0.809016994374948));
#4424=DIRECTION('center_axis',(0.439721719655087,-0.726605726563711,0.52790996144077));
#4425=DIRECTION('ref_axis',(0.898134070873371,0.355742343996742,-0.258461941925945));
#4426=DIRECTION('',(-0.897399844766113,-0.331689182622784,0.290956705962906));
#4427=DIRECTION('center_axis',(0.439721719655087,-0.726605726563711,0.52790996144077));
#4428=DIRECTION('ref_axis',(0.898134070873371,0.355742343996742,-0.258461941925945));
#4429=DIRECTION('center_axis',(0.439721719655087,-0.726605726563711,0.52790996144077));
#4430=DIRECTION('ref_axis',(0.898134070873371,0.355742343996742,-0.258461941925945));
#4431=DIRECTION('',(-1.29074557707651E-18,0.587785252292473,0.809016994374948));
#4432=DIRECTION('',(-0.897399844766113,-0.331689182622784,0.290956705962906));
#4433=DIRECTION('',(-0.84261273358972,-0.425332588349254,0.330296791508157));
#4434=DIRECTION('center_axis',(0.997609262693686,0.0559086234858012,-0.0406200050182671));
#4435=DIRECTION('ref_axis',(-0.0690783039839655,0.823646825726573,-0.562880177648173));
#4436=DIRECTION('center_axis',(-0.892104640155787,-0.365537219380821,0.265578335448981));
#4437=DIRECTION('ref_axis',(-0.451601783645295,0.702732660122695,-0.549747794361441));
#4438=DIRECTION('center_axis',(-1.29074557707651E-18,0.587785252292473,
0.809016994374948));
#4439=DIRECTION('ref_axis',(1.,-1.29074557707651E-18,2.53323082950467E-18));
#4440=DIRECTION('',(-0.897399844766113,-0.0404269098607249,0.439362246412762));
#4441=DIRECTION('',(0.84261273358972,0.0172114947665379,-0.538244875164047));
#4442=DIRECTION('',(-0.897399844766113,-0.0404269098607249,0.439362246412762));
#4443=DIRECTION('center_axis',(0.868242114242189,-3.43963628095012E-16,
-0.49614073714648));
#4444=DIRECTION('ref_axis',(-0.49614073714648,0.,-0.868242114242189));
#4445=DIRECTION('',(8.73223066019562E-16,1.,1.40364046669969E-16));
#4446=DIRECTION('center_axis',(-0.86824211424219,6.88528719462171E-16,0.49614073714648));
#4447=DIRECTION('ref_axis',(-0.495893272576492,0.0315802022827017,-0.867809053327494));
#4448=DIRECTION('',(8.73223066019562E-16,1.,1.40364046669969E-16));
#4449=DIRECTION('center_axis',(0.439721719655087,-1.27107629773795E-16,
0.898134070873371));
#4450=DIRECTION('ref_axis',(0.898134070873371,6.16297582203915E-33,-0.439721719655087));
#4451=DIRECTION('',(-0.897399844766113,0.0404269098607285,0.439362246412762));
#4452=DIRECTION('center_axis',(0.439721719655087,-1.27107629773795E-16,
0.898134070873371));
#4453=DIRECTION('ref_axis',(0.898134070873371,6.16297582203915E-33,-0.439721719655087));
#4454=DIRECTION('center_axis',(0.439721719655087,-1.27107629773795E-16,
0.898134070873371));
#4455=DIRECTION('ref_axis',(0.898134070873371,6.16297582203915E-33,-0.439721719655087));
#4456=DIRECTION('',(0.,1.,0.));
#4457=DIRECTION('',(-0.897399844766113,0.0404269098607285,0.439362246412762));
#4458=DIRECTION('',(-0.84261273358972,0.0172114947665413,0.538244875164047));
#4459=DIRECTION('center_axis',(0.997609262693718,-1.00104222386262E-8,-0.0691068664294376));
#4460=DIRECTION('ref_axis',(-0.0690783039834968,0.0287478277454792,-0.997196946605173));
#4461=DIRECTION('center_axis',(-0.892104640154766,0.,0.451828851462958));
#4462=DIRECTION('ref_axis',(-0.451601783647309,-0.0316994143342695,-0.891656310546521));
#4463=DIRECTION('center_axis',(0.,1.,0.));
#4464=DIRECTION('ref_axis',(1.,0.,0.));
#4465=DIRECTION('center_axis',(-1.,3.13124550796596E-18,-2.03541271466644E-35));
#4466=DIRECTION('ref_axis',(-2.8690243025832E-19,-0.0916256580738988,-0.995793522163367));
#4467=DIRECTION('',(-1.,3.13124550796596E-18,-2.03541271466644E-35));
#4468=DIRECTION('center_axis',(-1.,3.13124550796596E-18,-2.03541271466644E-35));
#4469=DIRECTION('ref_axis',(-2.8690243025832E-19,-0.0916256580738987,-0.995793522163367));
#4470=DIRECTION('',(0.496140737146481,-0.0795532550849139,-0.864589873031798));
#4471=DIRECTION('',(0.,0.,1.));
#4472=DIRECTION('',(1.,0.,0.));
#4473=CARTESIAN_POINT('',(0.,0.,0.));
#4474=CARTESIAN_POINT('',(0.,0.,0.));
#4475=CARTESIAN_POINT('Origin',(12.5000001639128,-1.29605776282278,19.5216072700037));
#4476=CARTESIAN_POINT('',(12.5000001639128,5.29605776282278,19.5216072700037));
#4477=CARTESIAN_POINT('',(12.5000001639128,-1.29605776282278,19.5216072700037));
#4478=CARTESIAN_POINT('',(12.5000001639128,5.29605776282278,19.5216072700037));
#4479=CARTESIAN_POINT('',(27.5000001639128,5.29605776282278,19.5216072700037));
#4480=CARTESIAN_POINT('',(12.5000001639128,5.29605776282278,19.5216072700037));
#4481=CARTESIAN_POINT('',(27.5000001639128,-1.29605776282278,19.5216072700037));
#4482=CARTESIAN_POINT('',(27.5000001639128,5.29605776282278,19.5216072700037));
#4483=CARTESIAN_POINT('',(12.5000001639128,-1.29605776282278,19.5216072700037));
#4484=CARTESIAN_POINT('Origin',(27.5000001639128,1.99999999903108,16.9999999956165));
#4485=CARTESIAN_POINT('Origin',(27.5000001639128,2.,17.));
#4486=CARTESIAN_POINT('Origin',(12.5000001639128,2.,17.));
#4487=CARTESIAN_POINT('',(39.0000001639128,6.15,17.));
#4488=CARTESIAN_POINT('Origin',(39.0000001639128,2.,17.));
#4489=CARTESIAN_POINT('',(34.757587989896,6.15,16.9999999999191));
#4490=CARTESIAN_POINT('',(12.5000001639128,6.15,17.));
#4491=CARTESIAN_POINT('',(28.8036047194101,6.11685768057886,16.4765663004173));
#4492=CARTESIAN_POINT('Ctrl Pts',(34.757587989896,6.15,16.9999999998382));
#4493=CARTESIAN_POINT('Ctrl Pts',(34.7887290850164,6.14999999999315,16.8242561107609));
#4494=CARTESIAN_POINT('Ctrl Pts',(34.8036047194101,6.13863187647081,16.6478224989916));
#4495=CARTESIAN_POINT('Ctrl Pts',(34.8036047194101,6.06431663151963,16.0633257667306));
#4496=CARTESIAN_POINT('Ctrl Pts',(34.7140072894249,5.94328793482796,15.6437359253027));
#4497=CARTESIAN_POINT('Ctrl Pts',(34.3889515219244,5.60365624701188,14.9017549176396));
#4498=CARTESIAN_POINT('Ctrl Pts',(34.1544002774046,5.38614923535204,14.578465645506));
#4499=CARTESIAN_POINT('Ctrl Pts',(33.6401905704956,4.96452447581656,14.0774775047432));
#4500=CARTESIAN_POINT('Ctrl Pts',(33.3226024198407,4.72571132060788,13.8610529328816));
#4501=CARTESIAN_POINT('Ctrl Pts',(32.7902833081639,4.43459668315847,13.6369305079858));
#4502=CARTESIAN_POINT('Ctrl Pts',(32.6033676279335,4.34940424535702,13.5783015837878));
#4503=CARTESIAN_POINT('Ctrl Pts',(32.2140950532725,4.22821380368532,13.4981578754291));
#4504=CARTESIAN_POINT('Ctrl Pts',(32.0116046889294,4.19269582127682,13.4765663004173));
#4505=CARTESIAN_POINT('Ctrl Pts',(31.5956047498908,4.19269582127682,13.4765663004173));
#4506=CARTESIAN_POINT('Ctrl Pts',(31.3931143855477,4.22821380368532,13.4981578754291));
#4507=CARTESIAN_POINT('Ctrl Pts',(31.0038418108867,4.34940424535702,13.5783015837878));
#4508=CARTESIAN_POINT('Ctrl Pts',(30.8169261306563,4.43459668315847,13.6369305079858));
#4509=CARTESIAN_POINT('Ctrl Pts',(30.2846070189795,4.72571132060788,13.8610529328816));
#4510=CARTESIAN_POINT('Ctrl Pts',(29.9670188683246,4.96452447581656,14.0774775047432));
#4511=CARTESIAN_POINT('Ctrl Pts',(29.4528091614156,5.38614923535204,14.578465645506));
#4512=CARTESIAN_POINT('Ctrl Pts',(29.2182579168958,5.60365624701188,14.9017549176396));
#4513=CARTESIAN_POINT('Ctrl Pts',(28.8932021493954,5.94328793482796,15.6437359253027));
#4514=CARTESIAN_POINT('Ctrl Pts',(28.8036047194101,6.06431663151963,16.0633257667306));
#4515=CARTESIAN_POINT('Ctrl Pts',(28.8036047194101,6.11685768057886,16.4765663004173));
#4516=CARTESIAN_POINT('',(28.8496214489242,6.15,16.9999999999191));
#4517=CARTESIAN_POINT('Ctrl Pts',(28.8036047194101,6.11685768057886,16.4765663004173));
#4518=CARTESIAN_POINT('Ctrl Pts',(28.8036047194101,6.13863187647081,16.6478224989916));
#4519=CARTESIAN_POINT('Ctrl Pts',(28.8184803538038,6.14999999999315,16.8242561107609));
#4520=CARTESIAN_POINT('Ctrl Pts',(28.8496214489242,6.15,16.9999999998382));
#4521=CARTESIAN_POINT('',(12.5000001639128,6.15,17.));
#4522=CARTESIAN_POINT('',(12.5000001639128,6.15,17.));
#4523=CARTESIAN_POINT('Origin',(12.5000001639128,2.,17.));
#4524=CARTESIAN_POINT('Origin',(12.5000001639128,2.,17.));
#4525=CARTESIAN_POINT('',(31.8036047194101,5.33003293671961,19.4765663004173));
#4526=CARTESIAN_POINT('Ctrl Pts',(28.8496214489242,6.15,16.9999999998382));
#4527=CARTESIAN_POINT('Ctrl Pts',(28.8871487960349,6.15000000000826,17.2117845213036));
#4528=CARTESIAN_POINT('Ctrl Pts',(28.9484166716656,6.13340024951529,17.4225463563827));
#4529=CARTESIAN_POINT('Ctrl Pts',(29.1827692646022,6.04735849250461,17.9893491487231));
#4530=CARTESIAN_POINT('Ctrl Pts',(29.4093253926521,5.94430133049195,18.3207013617596));
#4531=CARTESIAN_POINT('Ctrl Pts',(29.9299075497306,5.7263746527926,18.8495999107521));
#4532=CARTESIAN_POINT('Ctrl Pts',(30.2631238173364,5.59477722964745,19.082001331278));
#4533=CARTESIAN_POINT('Ctrl Pts',(31.0028536534174,5.39392762930629,19.3954984615304));
#4534=CARTESIAN_POINT('Ctrl Pts',(31.4108232672577,5.33003293671961,19.4765663004173));
#4535=CARTESIAN_POINT('Ctrl Pts',(31.8036047194101,5.33003293671961,19.4765663004173));
#4536=CARTESIAN_POINT('Ctrl Pts',(31.8036047194101,5.33003293671961,19.4765663004173));
#4537=CARTESIAN_POINT('Ctrl Pts',(32.1963861715625,5.33003293671961,19.4765663004173));
#4538=CARTESIAN_POINT('Ctrl Pts',(32.6043557854028,5.39392762930629,19.3954984615304));
#4539=CARTESIAN_POINT('Ctrl Pts',(33.3440856214838,5.59477722964745,19.082001331278));
#4540=CARTESIAN_POINT('Ctrl Pts',(33.6773018890896,5.7263746527926,18.8495999107521));
#4541=CARTESIAN_POINT('Ctrl Pts',(34.1978840461681,5.94430133049195,18.3207013617596));
#4542=CARTESIAN_POINT('Ctrl Pts',(34.4244401742181,6.04735849250461,17.9893491487231));
#4543=CARTESIAN_POINT('Ctrl Pts',(34.6587927671546,6.13340024951529,17.4225463563827));
#4544=CARTESIAN_POINT('Ctrl Pts',(34.7200606427853,6.15000000000826,17.2117845213036));
#4545=CARTESIAN_POINT('Ctrl Pts',(34.757587989896,6.15,16.9999999998382));
#4546=CARTESIAN_POINT('',(31.8036047194101,-1.33003293671961,19.4765663004173));
#4547=CARTESIAN_POINT('',(28.8036047194101,-2.11685768057886,16.4765663004173));
#4548=CARTESIAN_POINT('Ctrl Pts',(31.8036047194101,-1.33003293671961,19.4765663004173));
#4549=CARTESIAN_POINT('Ctrl Pts',(31.4108232672577,-1.33003293671961,19.4765663004173));
#4550=CARTESIAN_POINT('Ctrl Pts',(31.0028536534174,-1.39392762930629,19.3954984615304));
#4551=CARTESIAN_POINT('Ctrl Pts',(30.2631238173364,-1.59477722964745,19.082001331278));
#4552=CARTESIAN_POINT('Ctrl Pts',(29.9299075497306,-1.7263746527926,18.8495999107521));
#4553=CARTESIAN_POINT('Ctrl Pts',(29.4093253926521,-1.94430133049195,18.3207013617596));
#4554=CARTESIAN_POINT('Ctrl Pts',(29.1827692646022,-2.04735849250461,17.9893491487231));
#4555=CARTESIAN_POINT('Ctrl Pts',(28.8796945835904,-2.15863133029548,17.2563358147013));
#4556=CARTESIAN_POINT('Ctrl Pts',(28.8036047194101,-2.16487140992759,16.85419901799));
#4557=CARTESIAN_POINT('Ctrl Pts',(28.8036047194101,-2.11685768057886,16.4765663004173));
#4558=CARTESIAN_POINT('Ctrl Pts',(28.8036047194101,-2.11685768057886,16.4765663004173));
#4559=CARTESIAN_POINT('Ctrl Pts',(28.8036047194101,-2.06431663151963,16.0633257667306));
#4560=CARTESIAN_POINT('Ctrl Pts',(28.8932021493954,-1.94328793482796,15.6437359253027));
#4561=CARTESIAN_POINT('Ctrl Pts',(29.2182579168958,-1.60365624701188,14.9017549176396));
#4562=CARTESIAN_POINT('Ctrl Pts',(29.4528091614156,-1.38614923535204,14.578465645506));
#4563=CARTESIAN_POINT('Ctrl Pts',(29.9670188683246,-0.964524475816563,14.0774775047432));
#4564=CARTESIAN_POINT('Ctrl Pts',(30.2846070189795,-0.725711320607879,13.8610529328816));
#4565=CARTESIAN_POINT('Ctrl Pts',(30.8169261306563,-0.434596683158466,13.6369305079858));
#4566=CARTESIAN_POINT('Ctrl Pts',(31.0038418108867,-0.349404245357021,13.5783015837878));
#4567=CARTESIAN_POINT('Ctrl Pts',(31.3931143855477,-0.228213803685322,13.4981578754291));
#4568=CARTESIAN_POINT('Ctrl Pts',(31.5956047498908,-0.192695821276822,13.4765663004173));
#4569=CARTESIAN_POINT('Ctrl Pts',(32.0116046889294,-0.192695821276822,13.4765663004173));
#4570=CARTESIAN_POINT('Ctrl Pts',(32.2140950532725,-0.22821380368532,13.4981578754291));
#4571=CARTESIAN_POINT('Ctrl Pts',(32.6033676279335,-0.349404245357019,13.5783015837878));
#4572=CARTESIAN_POINT('Ctrl Pts',(32.7902833081639,-0.434596683158467,13.6369305079858));
#4573=CARTESIAN_POINT('Ctrl Pts',(33.3226024198407,-0.72571132060788,13.8610529328816));
#4574=CARTESIAN_POINT('Ctrl Pts',(33.6401905704956,-0.964524475816563,14.0774775047432));
#4575=CARTESIAN_POINT('Ctrl Pts',(34.1544002774046,-1.38614923535204,14.578465645506));
#4576=CARTESIAN_POINT('Ctrl Pts',(34.3889515219244,-1.60365624701188,14.9017549176396));
#4577=CARTESIAN_POINT('Ctrl Pts',(34.7140072894249,-1.94328793482796,15.6437359253027));
#4578=CARTESIAN_POINT('Ctrl Pts',(34.8036047194101,-2.06431663151963,16.0633257667306));
#4579=CARTESIAN_POINT('Ctrl Pts',(34.8036047194101,-2.16487140992759,16.85419901799));
#4580=CARTESIAN_POINT('Ctrl Pts',(34.7275148552298,-2.15863133029548,17.2563358147013));
#4581=CARTESIAN_POINT('Ctrl Pts',(34.4244401742181,-2.04735849250461,17.9893491487231));
#4582=CARTESIAN_POINT('Ctrl Pts',(34.1978840461681,-1.94430133049195,18.3207013617596));
#4583=CARTESIAN_POINT('Ctrl Pts',(33.6773018890896,-1.7263746527926,18.8495999107521));
#4584=CARTESIAN_POINT('Ctrl Pts',(33.3440856214838,-1.59477722964745,19.082001331278));
#4585=CARTESIAN_POINT('Ctrl Pts',(32.6043557854028,-1.39392762930629,19.3954984615304));
#4586=CARTESIAN_POINT('Ctrl Pts',(32.1963861715625,-1.33003293671961,19.4765663004173));
#4587=CARTESIAN_POINT('Ctrl Pts',(31.8036047194101,-1.33003293671961,19.4765663004173));
#4588=CARTESIAN_POINT('Origin',(39.0000001639128,1.99999999903108,16.9999999956165));
#4589=CARTESIAN_POINT('',(39.0000001639128,2.45812829036949,21.9789676108168));
#4590=CARTESIAN_POINT('Origin',(39.0000001639128,2.,17.));
#4591=CARTESIAN_POINT('Origin',(31.8036047194101,2.2917311536815,16.4765663004173));
#4592=CARTESIAN_POINT('',(28.8036047194101,11.3850736354525,16.4765663004173));
#4593=CARTESIAN_POINT('',(28.8036047194101,2.2917311536815,16.4765663004173));
#4594=CARTESIAN_POINT('',(31.8036047194101,11.0675360126311,19.4765663004173));
#4595=CARTESIAN_POINT('Ctrl Pts',(31.8036047194101,11.0675360126311,19.4765663004173));
#4596=CARTESIAN_POINT('Ctrl Pts',(31.424361649185,11.0675360126311,19.4765663004173));
#4597=CARTESIAN_POINT('Ctrl Pts',(31.0212095058964,11.0894007827776,19.400307896053));
#4598=CARTESIAN_POINT('Ctrl Pts',(30.2816233041619,11.1651203009503,19.0926666116249));
#4599=CARTESIAN_POINT('Ctrl Pts',(29.9450000344802,11.217486067215,18.8613739609657));
#4600=CARTESIAN_POINT('Ctrl Pts',(29.4146455134702,11.3090589807128,18.3294707779699));
#4601=CARTESIAN_POINT('Ctrl Pts',(29.1846032455516,11.3543466045697,17.9932471620653));
#4602=CARTESIAN_POINT('Ctrl Pts',(28.8790385324762,11.4034658534239,17.2552846611742));
#4603=CARTESIAN_POINT('Ctrl Pts',(28.8036047194101,11.4060924187371,16.853429366381));
#4604=CARTESIAN_POINT('Ctrl Pts',(28.8036047194101,11.3850736354525,16.4765663004173));
#4605=CARTESIAN_POINT('Ctrl Pts',(28.8036047194101,11.3850736354525,16.4765663004173));
#4606=CARTESIAN_POINT('Ctrl Pts',(28.8036047194101,11.3637512903778,16.0942604252575));
#4607=CARTESIAN_POINT('Ctrl Pts',(28.8810030348662,11.3154870896307,15.6898666423939));
#4608=CARTESIAN_POINT('Ctrl Pts',(29.1898449356639,11.1812015845575,14.95053992788));
#4609=CARTESIAN_POINT('Ctrl Pts',(29.421097322617,11.0963139832147,14.6153216837465));
#4610=CARTESIAN_POINT('Ctrl Pts',(29.9504817604199,10.9414622001029,14.0881705562258));
#4611=CARTESIAN_POINT('Ctrl Pts',(30.2845615948514,10.860847029483,13.8590375109411));
#4612=CARTESIAN_POINT('Ctrl Pts',(31.0209216640661,10.7463987923866,13.5531514344539));
#4613=CARTESIAN_POINT('Ctrl Pts',(31.4235399496384,10.7142988785886,13.4765663004173));
#4614=CARTESIAN_POINT('Ctrl Pts',(32.1836694891818,10.7142988785886,13.4765663004173));
#4615=CARTESIAN_POINT('Ctrl Pts',(32.5862877747541,10.7463987923866,13.5531514344539));
#4616=CARTESIAN_POINT('Ctrl Pts',(33.3226478439688,10.860847029483,13.8590375109411));
#4617=CARTESIAN_POINT('Ctrl Pts',(33.6567276784004,10.9414622001029,14.0881705562258));
#4618=CARTESIAN_POINT('Ctrl Pts',(34.1861121162033,11.0963139832147,14.6153216837465));
#4619=CARTESIAN_POINT('Ctrl Pts',(34.4173645031563,11.1812015845575,14.95053992788));
#4620=CARTESIAN_POINT('Ctrl Pts',(34.726206403954,11.3154870896307,15.6898666423939));
#4621=CARTESIAN_POINT('Ctrl Pts',(34.8036047194101,11.3637512903778,16.0942604252575));
#4622=CARTESIAN_POINT('Ctrl Pts',(34.8036047194101,11.4060924187371,16.853429366381));
#4623=CARTESIAN_POINT('Ctrl Pts',(34.728170906344,11.4034658534239,17.2552846611742));
#4624=CARTESIAN_POINT('Ctrl Pts',(34.4226061932686,11.3543466045697,17.9932471620653));
#4625=CARTESIAN_POINT('Ctrl Pts',(34.19256392535,11.3090589807128,18.3294707779699));
#4626=CARTESIAN_POINT('Ctrl Pts',(33.66220940434,11.217486067215,18.8613739609657));
#4627=CARTESIAN_POINT('Ctrl Pts',(33.3255861346583,11.1651203009503,19.0926666116249));
#4628=CARTESIAN_POINT('Ctrl Pts',(32.5859999329239,11.0894007827776,19.400307896053));
#4629=CARTESIAN_POINT('Ctrl Pts',(32.1828477896352,11.0675360126311,19.4765663004173));
#4630=CARTESIAN_POINT('Ctrl Pts',(31.8036047194101,11.0675360126311,19.4765663004173));
#4631=CARTESIAN_POINT('Origin',(31.8036047194101,2.2917311536815,16.4765663004173));
#4632=CARTESIAN_POINT('',(28.8036047194101,-7.38507363545253,16.4765663004173));
#4633=CARTESIAN_POINT('',(28.8036047194101,2.2917311536815,16.4765663004173));
#4634=CARTESIAN_POINT('',(31.8036047194101,-6.71429887858856,13.4765663004173));
#4635=CARTESIAN_POINT('Ctrl Pts',(31.8036047194101,-6.71429887858856,13.4765663004173));
#4636=CARTESIAN_POINT('Ctrl Pts',(31.4235399496384,-6.71429887858856,13.4765663004173));
#4637=CARTESIAN_POINT('Ctrl Pts',(31.0209216640661,-6.74639879238664,13.5531514344539));
#4638=CARTESIAN_POINT('Ctrl Pts',(30.2845615948514,-6.86084702948295,13.8590375109411));
#4639=CARTESIAN_POINT('Ctrl Pts',(29.9504817604199,-6.94146220010292,14.0881705562258));
#4640=CARTESIAN_POINT('Ctrl Pts',(29.421097322617,-7.09631398321475,14.6153216837465));
#4641=CARTESIAN_POINT('Ctrl Pts',(29.1898449356639,-7.18120158455753,14.95053992788));
#4642=CARTESIAN_POINT('Ctrl Pts',(28.8810030348662,-7.31548708963065,15.6898666423939));
#4643=CARTESIAN_POINT('Ctrl Pts',(28.8036047194101,-7.36375129037778,16.0942604252575));
#4644=CARTESIAN_POINT('Ctrl Pts',(28.8036047194101,-7.38507363545253,16.4765663004173));
#4645=CARTESIAN_POINT('Ctrl Pts',(28.8036047194101,-7.38507363545253,16.4765663004173));
#4646=CARTESIAN_POINT('Ctrl Pts',(28.8036047194101,-7.40609241873712,16.853429366381));
#4647=CARTESIAN_POINT('Ctrl Pts',(28.8790385324762,-7.40346585342389,17.2552846611742));
#4648=CARTESIAN_POINT('Ctrl Pts',(29.1846032455516,-7.35434660456967,17.9932471620653));
#4649=CARTESIAN_POINT('Ctrl Pts',(29.4146455134702,-7.30905898071279,18.3294707779699));
#4650=CARTESIAN_POINT('Ctrl Pts',(29.9450000344802,-7.21748606721502,18.8613739609657));
#4651=CARTESIAN_POINT('Ctrl Pts',(30.2816233041619,-7.16512030095026,19.0926666116249));
#4652=CARTESIAN_POINT('Ctrl Pts',(31.0212095058964,-7.0894007827776,19.400307896053));
#4653=CARTESIAN_POINT('Ctrl Pts',(31.424361649185,-7.06753601263113,19.4765663004173));
#4654=CARTESIAN_POINT('Ctrl Pts',(32.1828477896352,-7.06753601263113,19.4765663004173));
#4655=CARTESIAN_POINT('Ctrl Pts',(32.5859999329239,-7.0894007827776,19.400307896053));
#4656=CARTESIAN_POINT('Ctrl Pts',(33.3255861346583,-7.16512030095026,19.0926666116249));
#4657=CARTESIAN_POINT('Ctrl Pts',(33.66220940434,-7.21748606721502,18.8613739609657));
#4658=CARTESIAN_POINT('Ctrl Pts',(34.19256392535,-7.30905898071279,18.3294707779699));
#4659=CARTESIAN_POINT('Ctrl Pts',(34.4226061932686,-7.35434660456967,17.9932471620653));
#4660=CARTESIAN_POINT('Ctrl Pts',(34.728170906344,-7.40346585342389,17.2552846611742));
#4661=CARTESIAN_POINT('Ctrl Pts',(34.8036047194101,-7.40609241873712,16.853429366381));
#4662=CARTESIAN_POINT('Ctrl Pts',(34.8036047194101,-7.36375129037778,16.0942604252575));
#4663=CARTESIAN_POINT('Ctrl Pts',(34.726206403954,-7.31548708963065,15.6898666423939));
#4664=CARTESIAN_POINT('Ctrl Pts',(34.4173645031563,-7.18120158455753,14.95053992788));
#4665=CARTESIAN_POINT('Ctrl Pts',(34.1861121162033,-7.09631398321475,14.6153216837465));
#4666=CARTESIAN_POINT('Ctrl Pts',(33.6567276784004,-6.94146220010292,14.0881705562258));
#4667=CARTESIAN_POINT('Ctrl Pts',(33.3226478439688,-6.86084702948295,13.8590375109411));
#4668=CARTESIAN_POINT('Ctrl Pts',(32.5862877747541,-6.74639879238664,13.5531514344539));
#4669=CARTESIAN_POINT('Ctrl Pts',(32.1836694891818,-6.71429887858856,13.4765663004173));
#4670=CARTESIAN_POINT('Ctrl Pts',(31.8036047194101,-6.71429887858856,13.4765663004173));
#4671=CARTESIAN_POINT('Origin',(24.0117121396205,2.,17.));
#4672=CARTESIAN_POINT('',(39.0117121396205,2.,7.60034096465595));
#4673=CARTESIAN_POINT('Origin',(39.0117121396205,2.,17.));
#4674=CARTESIAN_POINT('',(24.0117121396205,2.,7.60034096465595));
#4675=CARTESIAN_POINT('',(24.0117121396205,2.,7.60034096465595));
#4676=CARTESIAN_POINT('',(24.0117121396205,2.86124994478367,26.36011957794));
#4677=CARTESIAN_POINT('Origin',(24.0117121396205,2.,17.));
#4678=CARTESIAN_POINT('Origin',(24.0117121396205,2.,17.));
#4679=CARTESIAN_POINT('Origin',(39.0117121396205,1.13875005521633,7.63988042206003));
#4680=CARTESIAN_POINT('',(39.0117121396205,2.45812829036949,21.9789676108168));
#4681=CARTESIAN_POINT('Origin',(39.0117121396205,2.,17.));
#4682=CARTESIAN_POINT('Ctrl Pts',(21.907897647748,12.7915097938353,24.3252251533147));
#4683=CARTESIAN_POINT('Ctrl Pts',(18.5326430650853,11.0067060127603,23.1137088964949));
#4684=CARTESIAN_POINT('Ctrl Pts',(15.1573884824227,9.22190223168535,21.9021926396751));
#4685=CARTESIAN_POINT('Ctrl Pts',(11.78213389976,7.43709845061037,20.6906763828553));
#4686=CARTESIAN_POINT('Ctrl Pts',(22.0351241698947,12.6967087387963,24.07692072959));
#4687=CARTESIAN_POINT('Ctrl Pts',(18.638830598803,10.9276045559829,22.9064344421064));
#4688=CARTESIAN_POINT('Ctrl Pts',(15.242528151818,9.15843891182078,21.736059174785));
#4689=CARTESIAN_POINT('Ctrl Pts',(11.8462345807263,7.38933472900737,20.5655728873014));
#4690=CARTESIAN_POINT('Ctrl Pts',(22.2288439171949,12.5335617014668,23.724718627298));
#4691=CARTESIAN_POINT('Ctrl Pts',(18.8005082662424,10.7914441826147,22.6124860986058));
#4692=CARTESIAN_POINT('Ctrl Pts',(15.3721722686523,9.04925369354842,21.500355036829));
#4693=CARTESIAN_POINT('Ctrl Pts',(11.9438366176999,7.30713617469637,20.3881225081368));
#4694=CARTESIAN_POINT('Ctrl Pts',(22.4576978010408,12.3028079186716,23.3609656444672));
#4695=CARTESIAN_POINT('Ctrl Pts',(18.991512633037,10.5988515105778,22.3088968388596));
#4696=CARTESIAN_POINT('Ctrl Pts',(15.5253254939935,8.8948316462876,21.2569212415175));
#4697=CARTESIAN_POINT('Ctrl Pts',(12.0591403259897,7.19087523819378,20.2048524359098));
#4698=CARTESIAN_POINT('Ctrl Pts',(22.5724785570779,12.1767971166952,23.1926720774636));
#4699=CARTESIAN_POINT('Ctrl Pts',(19.0873096700008,10.4936925691467,22.1684226820785));
#4700=CARTESIAN_POINT('Ctrl Pts',(15.6021393297725,8.81049162242909,21.1443102951814));
#4701=CARTESIAN_POINT('Ctrl Pts',(12.1169704426955,7.12738707488066,20.1200608997963));
#4702=CARTESIAN_POINT('Ctrl Pts',(22.6381005148998,12.1008926239747,23.1017717884328));
#4703=CARTESIAN_POINT('Ctrl Pts',(19.1420785697556,10.4303552835519,22.0925375301272));
#4704=CARTESIAN_POINT('Ctrl Pts',(15.6460547722527,8.75968136983069,21.0834967638002));
#4705=CARTESIAN_POINT('Ctrl Pts',(12.1500328271084,7.08914402940794,20.0742625054946));
#4706=CARTESIAN_POINT('Ctrl Pts',(22.7037279221424,12.0234797039105,23.0129314471646));
#4707=CARTESIAN_POINT('Ctrl Pts',(19.1968516237582,10.3657166366857,22.0184311800107));
#4708=CARTESIAN_POINT('Ctrl Pts',(15.6899742554932,8.70790405852419,21.0240022441322));
#4709=CARTESIAN_POINT('Ctrl Pts',(12.183097957109,7.05014099129938,20.0295019769783));
#4710=CARTESIAN_POINT('Ctrl Pts',(22.7856802559806,11.9190155539867,22.9127203213415));
#4711=CARTESIAN_POINT('Ctrl Pts',(19.2652494679651,10.2784925466757,21.9348464347937));
#4712=CARTESIAN_POINT('Ctrl Pts',(15.7448188811526,8.63803170910259,20.9568863799083));
#4713=CARTESIAN_POINT('Ctrl Pts',(12.2243880931371,6.99750870179158,19.9790124933606));
#4714=CARTESIAN_POINT('Ctrl Pts',(22.8510338656283,11.8329243274949,22.8366398117295));
#4715=CARTESIAN_POINT('Ctrl Pts',(19.3197946582549,10.206666257177,21.8713114363655));
#4716=CARTESIAN_POINT('Ctrl Pts',(15.7885544827627,8.58039133316611,20.9060091404645));
#4717=CARTESIAN_POINT('Ctrl Pts',(12.2573152753892,6.95413326284819,19.9406807651005));
#4718=CARTESIAN_POINT('Ctrl Pts',(23.0114196653154,11.588616513509,22.6953898809603));
#4719=CARTESIAN_POINT('Ctrl Pts',(19.4536538483473,10.0027022005536,21.7535097941555));
#4720=CARTESIAN_POINT('Ctrl Pts',(15.8958884492183,8.41695769660492,20.8113947412862));
#4721=CARTESIAN_POINT('Ctrl Pts',(12.3381226322502,6.8310433836495,19.8695146544815));
#4722=CARTESIAN_POINT('Ctrl Pts',(23.1393756600644,11.3933967519354,22.5831281172256));
#4723=CARTESIAN_POINT('Ctrl Pts',(19.5604476844945,9.83986322135306,21.659685029595));
#4724=CARTESIAN_POINT('Ctrl Pts',(15.9815188197837,8.28621912338904,20.7363967721157));
#4725=CARTESIAN_POINT('Ctrl Pts',(12.4025908442138,6.73268559280668,19.8129536844851));
#4726=CARTESIAN_POINT('Ctrl Pts',(23.2673338489063,11.1982128785203,22.4708104252861));
#4727=CARTESIAN_POINT('Ctrl Pts',(19.6672426198141,9.6769238801918,21.565995128897));
#4728=CARTESIAN_POINT('Ctrl Pts',(16.0671513907219,8.15563488186333,20.6611798325079));
#4729=CARTESIAN_POINT('Ctrl Pts',(12.4670601616296,6.63434588353486,19.7563645361188));
#4730=CARTESIAN_POINT('',(12.5000001636532,6.68393858203624,19.785320666478));
#4731=CARTESIAN_POINT('',(23.2024137223916,11.1707796086523,22.4544939711253));
#4732=CARTESIAN_POINT('',(12.5000001639128,6.68393846260735,19.7853208702143));
#4733=CARTESIAN_POINT('',(12.5000001639128,6.64826532609602,19.7646433868568));
#4734=CARTESIAN_POINT('',(12.5000001639128,6.64826532609602,19.7646433868568));
#4735=CARTESIAN_POINT('',(12.4906016554225,6.64429380241591,19.7622812483153));
#4736=CARTESIAN_POINT('',(23.2673338489063,11.1982128785203,22.4708104252861));
#4737=CARTESIAN_POINT('',(11.7954976250005,7.44416506640441,20.6954731667413));
#4738=CARTESIAN_POINT('Ctrl Pts',(11.7954976251738,7.44416506600614,20.69547316698));
#4739=CARTESIAN_POINT('Ctrl Pts',(11.903239085574,7.35102608547848,20.4618781487859));
#4740=CARTESIAN_POINT('Ctrl Pts',(12.0003697271619,7.2540748630329,20.2953593178839));
#4741=CARTESIAN_POINT('Ctrl Pts',(12.1655272466272,7.07675927088695,20.0476246355256));
#4742=CARTESIAN_POINT('Ctrl Pts',(12.2193643064123,7.00992783562845,19.9897527415155));
#4743=CARTESIAN_POINT('Ctrl Pts',(12.3184072837169,6.88691506829349,19.8815395910832));
#4744=CARTESIAN_POINT('Ctrl Pts',(12.3859413404676,6.78229372748624,19.8416026415751));
#4745=CARTESIAN_POINT('Ctrl Pts',(12.4906016554225,6.64429380241593,19.7622812483153));
#4746=CARTESIAN_POINT('',(21.9078976477451,12.791509794177,24.3252251528021));
#4747=CARTESIAN_POINT('',(21.907897647748,12.7915097938353,24.3252251533147));
#4748=CARTESIAN_POINT('',(23.2673338489063,11.1982128785203,22.4708104252861));
#4749=CARTESIAN_POINT('Ctrl Pts',(21.907897647748,12.7915097938353,24.3252251533147));
#4750=CARTESIAN_POINT('Ctrl Pts',(22.0351241698947,12.6967087387963,24.07692072959));
#4751=CARTESIAN_POINT('Ctrl Pts',(22.2288439171949,12.5335617014668,23.724718627298));
#4752=CARTESIAN_POINT('Ctrl Pts',(22.4576978010408,12.3028079186716,23.3609656444672));
#4753=CARTESIAN_POINT('Ctrl Pts',(22.5724785570779,12.1767971166952,23.1926720774636));
#4754=CARTESIAN_POINT('Ctrl Pts',(22.6381005148998,12.1008926239747,23.1017717884328));
#4755=CARTESIAN_POINT('Ctrl Pts',(22.7037279221424,12.0234797039105,23.0129314471646));
#4756=CARTESIAN_POINT('Ctrl Pts',(22.7856802559806,11.9190155539867,22.9127203213415));
#4757=CARTESIAN_POINT('Ctrl Pts',(22.8510338656283,11.8329243274949,22.8366398117295));
#4758=CARTESIAN_POINT('Ctrl Pts',(23.0114196653154,11.588616513509,22.6953898809603));
#4759=CARTESIAN_POINT('Ctrl Pts',(23.1393756600644,11.3933967519354,22.5831281172256));
#4760=CARTESIAN_POINT('Ctrl Pts',(23.2673338489063,11.1982128785203,22.4708104252861));
#4761=CARTESIAN_POINT('',(23.2673338489063,11.1982128785203,22.4708104252861));
#4762=CARTESIAN_POINT('Origin',(23.2673338489063,11.1982128785203,22.4708104252861));
#4763=CARTESIAN_POINT('',(12.5000001639128,6.06572508842997,20.5664412379273));
#4764=CARTESIAN_POINT('',(12.5000001639128,7.7498651083739,18.2484213629346));
#4765=CARTESIAN_POINT('',(12.4906016554225,6.06225129286694,20.5633940354041));
#4766=CARTESIAN_POINT('',(23.2673338489063,10.0454540017251,24.0574469019696));
#4767=CARTESIAN_POINT('',(12.4906016554225,6.35327254764142,20.1628376418597));
#4768=CARTESIAN_POINT('Origin',(23.2673338489063,11.1982128785203,22.4708104252861));
#4769=CARTESIAN_POINT('',(23.2673338489063,10.0470606238629,24.0552355763062));
#4770=CARTESIAN_POINT('',(23.2024137223937,10.021458785073,24.0363983735227));
#4771=CARTESIAN_POINT('',(23.2673338489063,10.0470606238629,24.0552355763062));
#4772=CARTESIAN_POINT('',(23.2673338489063,10.0454540017251,24.0574469019696));
#4773=CARTESIAN_POINT('',(23.2673338489063,10.0454540017251,24.0574469019696));
#4774=CARTESIAN_POINT('',(23.2673338489063,10.0454540017251,24.0574469019696));
#4775=CARTESIAN_POINT('Origin',(23.2673338489063,11.1982128785203,22.4708104252861));
#4776=CARTESIAN_POINT('',(23.2673338489063,11.1966062563825,22.4730217509496));
#4777=CARTESIAN_POINT('',(23.2024137223916,11.1707796086523,22.4544939711253));
#4778=CARTESIAN_POINT('',(23.2673338489063,10.0454540017251,24.0574469019696));
#4779=CARTESIAN_POINT('Origin',(22.6766217074779,11.4581318464659,23.8717683607499));
#4780=CARTESIAN_POINT('Origin',(31.7185230762176,-1.34313150326978,14.57107278616));
#4781=CARTESIAN_POINT('',(21.9078976480635,12.3014630368072,24.9997166502165));
#4782=CARTESIAN_POINT('Origin',(28.4536888457592,3.27913242464968,17.9293441054585));
#4783=CARTESIAN_POINT('Ctrl Pts',(23.2673338489063,10.0454540017251,24.0574469019696));
#4784=CARTESIAN_POINT('Ctrl Pts',(23.1393756600644,10.2125896084526,24.2083697210785));
#4785=CARTESIAN_POINT('Ctrl Pts',(23.0114196676455,10.3796830439501,24.3593440445761));
#4786=CARTESIAN_POINT('Ctrl Pts',(22.8510338688605,10.5895149269403,24.5480460207735));
#4787=CARTESIAN_POINT('Ctrl Pts',(22.7856802593716,10.6884754360536,24.6064134819827));
#4788=CARTESIAN_POINT('Ctrl Pts',(22.7037279258696,10.8160630537549,24.6747978838181));
#4789=CARTESIAN_POINT('Ctrl Pts',(22.638100518801,10.924477134261,24.7209687878222));
#4790=CARTESIAN_POINT('Ctrl Pts',(22.5724785611456,11.0343842177461,24.7650685251795));
#4791=CARTESIAN_POINT('Ctrl Pts',(22.4576978049088,11.2333803955568,24.8329063410199));
#4792=CARTESIAN_POINT('Ctrl Pts',(22.2288439224589,11.6506368664979,24.939960391611));
#4793=CARTESIAN_POINT('Ctrl Pts',(22.0351241698947,12.036016359348,24.9862857756559));
#4794=CARTESIAN_POINT('Ctrl Pts',(21.907897647748,12.3014630366479,24.9997166500929));
#4795=CARTESIAN_POINT('Ctrl Pts',(23.2673338489063,10.0454540017251,24.0574469019696));
#4796=CARTESIAN_POINT('Ctrl Pts',(19.6672426453451,8.71481937364817,22.8902183985736));
#4797=CARTESIAN_POINT('Ctrl Pts',(16.067151441784,7.3841847455712,21.7229898951775));
#4798=CARTESIAN_POINT('Ctrl Pts',(12.4670602382228,6.05355011749422,20.5557613917815));
#4799=CARTESIAN_POINT('Ctrl Pts',(23.1393756600644,10.2125896084526,24.2083697210785));
#4800=CARTESIAN_POINT('Ctrl Pts',(19.5604477098754,8.85427478988541,23.0162311494055));
#4801=CARTESIAN_POINT('Ctrl Pts',(15.9815188705457,7.49607305634182,21.8239395767567));
#4802=CARTESIAN_POINT('Ctrl Pts',(12.4025909203567,6.13775823777461,20.6318010050837));
#4803=CARTESIAN_POINT('Ctrl Pts',(23.0114196676455,10.3796830439501,24.3593440445761));
#4804=CARTESIAN_POINT('Ctrl Pts',(19.4536538759082,8.99382738532824,23.1421068650725));
#4805=CARTESIAN_POINT('Ctrl Pts',(15.8958885008541,7.6078007694987,21.9251037474033));
#4806=CARTESIAN_POINT('Ctrl Pts',(12.3381227091168,6.22194511087686,20.7078665678997));
#4807=CARTESIAN_POINT('Ctrl Pts',(22.8510338688605,10.5895149269403,24.5480460207735));
#4808=CARTESIAN_POINT('Ctrl Pts',(19.3197946865298,9.16889171429282,23.299685567813));
#4809=CARTESIAN_POINT('Ctrl Pts',(15.7885545344767,7.74828815658367,22.0513009492703));
#4810=CARTESIAN_POINT('Ctrl Pts',(12.257315352146,6.3276649439362,20.8029404963098));
#4811=CARTESIAN_POINT('Ctrl Pts',(22.7856802593716,10.6884754360536,24.6064134819827));
#4812=CARTESIAN_POINT('Ctrl Pts',(19.2652494963222,9.25151262540592,23.3483630439681));
#4813=CARTESIAN_POINT('Ctrl Pts',(15.7448189327933,7.81448713893411,22.0903982777997));
#4814=CARTESIAN_POINT('Ctrl Pts',(12.2243881697439,6.37752432828639,20.832347839785));
#4815=CARTESIAN_POINT('Ctrl Pts',(22.7037279258696,10.8160630537549,24.6747978838181));
#4816=CARTESIAN_POINT('Ctrl Pts',(19.1968516523554,9.35796014414183,23.4054890087231));
#4817=CARTESIAN_POINT('Ctrl Pts',(15.6899743071111,7.89990985049199,22.1361109047907));
#4818=CARTESIAN_POINT('Ctrl Pts',(12.1830980335969,6.4418069408789,20.8668020296958));
#4819=CARTESIAN_POINT('Ctrl Pts',(22.638100518801,10.924477134261,24.7209687878222));
#4820=CARTESIAN_POINT('Ctrl Pts',(19.1420785984498,9.44841389897049,23.4440639106761));
#4821=CARTESIAN_POINT('Ctrl Pts',(15.6460548238042,7.97249256400225,22.1669692452146));
#4822=CARTESIAN_POINT('Ctrl Pts',(12.150032903453,6.49642932871174,20.8900643680686));
#4823=CARTESIAN_POINT('Ctrl Pts',(22.5724785611456,11.0343842177461,24.7650685251795));
#4824=CARTESIAN_POINT('Ctrl Pts',(19.0873096987846,9.54015725804835,23.4808514563872));
#4825=CARTESIAN_POINT('Ctrl Pts',(15.6021393812541,8.04603089760861,22.196500257018));
#4826=CARTESIAN_POINT('Ctrl Pts',(12.1169705188931,6.55180393791081,20.9122831882257));
#4827=CARTESIAN_POINT('Ctrl Pts',(22.4576978049088,11.2333803955568,24.8329063410199));
#4828=CARTESIAN_POINT('Ctrl Pts',(18.9915126614864,9.7062520254478,23.537454644991));
#4829=CARTESIAN_POINT('Ctrl Pts',(15.5253255451052,8.17919277557981,22.2419136871303));
#4830=CARTESIAN_POINT('Ctrl Pts',(12.0591404016828,6.6520644054708,20.9464619911013));
#4831=CARTESIAN_POINT('Ctrl Pts',(22.2288439224589,11.6506368664979,24.939960391611));
#4832=CARTESIAN_POINT('Ctrl Pts',(18.8005082958195,10.0544969642456,23.6268069355299));
#4833=CARTESIAN_POINT('Ctrl Pts',(15.3721723199306,8.45843110368083,22.3135526096171));
#4834=CARTESIAN_POINT('Ctrl Pts',(11.9438366932911,6.86229120142858,21.000399153536));
#4835=CARTESIAN_POINT('Ctrl Pts',(22.0351241698947,12.036016359348,24.9862857756559));
#4836=CARTESIAN_POINT('Ctrl Pts',(18.6388306228888,10.376134502865,23.6654678784685));
#4837=CARTESIAN_POINT('Ctrl Pts',(15.2425281999896,8.7163392402287,22.3445572209486));
#4838=CARTESIAN_POINT('Ctrl Pts',(11.8462346529837,7.05645738374565,21.0237393237611));
#4839=CARTESIAN_POINT('Ctrl Pts',(21.907897647748,12.3014630366479,24.9997166500929));
#4840=CARTESIAN_POINT('Ctrl Pts',(18.5326430890219,10.5977079181077,23.6766465054951));
#4841=CARTESIAN_POINT('Ctrl Pts',(15.1573885302958,8.89395279956758,22.3535763608973));
#4842=CARTESIAN_POINT('Ctrl Pts',(11.7821339715696,7.19019768102741,21.0305062162995));
#4843=CARTESIAN_POINT('',(12.5000001636523,6.09641399179683,20.5939788901937));
#4844=CARTESIAN_POINT('',(23.2024137223936,10.021458785073,24.0363983735226));
#4845=CARTESIAN_POINT('',(11.7954976249893,7.19694336272942,21.0357446510766));
#4846=CARTESIAN_POINT('',(1.5,2.,17.));
#4847=CARTESIAN_POINT('Ctrl Pts',(12.4906016554225,6.06225129286695,20.5633940354042));
#4848=CARTESIAN_POINT('Ctrl Pts',(12.3859323028203,6.1803449396407,20.6701373215778));
#4849=CARTESIAN_POINT('Ctrl Pts',(12.3184012391916,6.25065593206007,20.7572922811926));
#4850=CARTESIAN_POINT('Ctrl Pts',(12.219371691374,6.39156592131562,20.8408341519315));
#4851=CARTESIAN_POINT('Ctrl Pts',(12.1655370826312,6.4672540540794,20.8865093258183));
#4852=CARTESIAN_POINT('Ctrl Pts',(12.0150643282775,6.73183064239285,20.9704092237935));
#4853=CARTESIAN_POINT('Ctrl Pts',(11.9153833413543,6.91771425028605,21.0175009896511));
#4854=CARTESIAN_POINT('Ctrl Pts',(11.7954976248231,7.1969433626454,21.0357446510115));
#4855=CARTESIAN_POINT('',(12.5000001639128,6.09641383568914,20.5939790675453));
#4856=CARTESIAN_POINT('Origin',(21.6579165989617,3.13003503933766,17.8210283245074));
#4857=CARTESIAN_POINT('Origin',(14.79150117793,2.53489457800255,17.3886236589181));
#4858=CARTESIAN_POINT('Origin',(22.5,11.7082039324994,24.0534230275097));
#4859=CARTESIAN_POINT('Origin',(17.8837505989068,2.,17.));
#4860=CARTESIAN_POINT('',(23.2675010339008,2.98057982741104,27.6570043874877));
#4861=CARTESIAN_POINT('Origin',(23.2675010339008,2.,17.));
#4862=CARTESIAN_POINT('',(23.2024137223919,2.97767068763427,27.6253876700128));
#4863=CARTESIAN_POINT('',(17.8837505989068,2.73994794117169,25.041801631183));
#4864=CARTESIAN_POINT('',(23.2673338489063,2.97786192154029,27.6571722226725));
#4865=CARTESIAN_POINT('',(23.2024137223919,2.97767068763427,27.6253876700128));
#4866=CARTESIAN_POINT('',(23.2673338489063,1.0221380784597,27.6571722226725));
#4867=CARTESIAN_POINT('Origin',(31.7185230762176,1.99999999999999,12.8676622042375));
#4868=CARTESIAN_POINT('',(23.2024137223936,1.02232931236574,27.6253876700136));
#4869=CARTESIAN_POINT('',(23.2673338489063,1.02213807845964,27.6571722226725));
#4870=CARTESIAN_POINT('',(12.500000163678,1.5002217552426,22.4265563263462));
#4871=CARTESIAN_POINT('',(23.202413722392,1.0223293123658,27.6253876700128));
#4872=CARTESIAN_POINT('',(12.5000001636801,0.798419228698435,22.3154017258446));
#4873=CARTESIAN_POINT('Origin',(12.5000001639128,2.,17.));
#4874=CARTESIAN_POINT('',(23.2024137223919,-0.353605283590652,27.4074610391091));
#4875=CARTESIAN_POINT('',(12.5000001639128,0.798419021961953,22.3154016804716));
#4876=CARTESIAN_POINT('',(23.2673338489063,-0.363245376268543,27.4377490395605));
#4877=CARTESIAN_POINT('',(23.2024137223919,-0.353605283590652,27.4074610391091));
#4878=CARTESIAN_POINT('',(23.2673338489063,-2.22324928130433,26.8333971357443));
#4879=CARTESIAN_POINT('Origin',(31.7185230762176,3.27696260538852,13.0699132118073));
#4880=CARTESIAN_POINT('',(23.2024137223954,-2.21324544012193,26.8032273243482));
#4881=CARTESIAN_POINT('',(23.2673338489063,-2.22324928130429,26.8333971357443));
#4882=CARTESIAN_POINT('',(12.5000001636776,-0.152215482442888,22.0065217840385));
#4883=CARTESIAN_POINT('',(23.2024137223954,-2.21324544012192,26.8032273243482));
#4884=CARTESIAN_POINT('',(12.5000001636711,-0.785320680513655,21.6839385738087));
#4885=CARTESIAN_POINT('Origin',(12.5000001639128,2.,17.));
#4886=CARTESIAN_POINT('',(23.202413722392,-3.45449397112545,26.1707796086525));
#4887=CARTESIAN_POINT('',(12.5000001639128,-0.785320870214252,21.6839384626073));
#4888=CARTESIAN_POINT('',(23.2673338489063,-3.4730217509496,26.1966062563825));
#4889=CARTESIAN_POINT('',(23.202413722392,-3.45449397112545,26.1707796086525));
#4890=CARTESIAN_POINT('',(23.2673338489063,-5.05523557630618,25.0470606238629));
#4891=CARTESIAN_POINT('Origin',(31.7185230762177,4.42892721383998,13.6568684967302));
#4892=CARTESIAN_POINT('',(23.2024137223939,-5.0363983735228,25.0214587850731));
#4893=CARTESIAN_POINT('',(23.2673338489063,-5.0552355763062,25.0470606238629));
#4894=CARTESIAN_POINT('',(12.5000001636702,-1.59397887805745,21.0964140025802));
#4895=CARTESIAN_POINT('',(23.2024137223939,-5.03639837352274,25.0214587850731));
#4896=CARTESIAN_POINT('',(12.5000001636702,-2.09641400258021,20.5939788780574));
#4897=CARTESIAN_POINT('Origin',(12.5000001639128,2.,17.));
#4898=CARTESIAN_POINT('',(23.2024137223915,-6.02145878507218,24.036398373522));
#4899=CARTESIAN_POINT('',(12.5000001639128,-2.0964141491423,20.5939787131048));
#4900=CARTESIAN_POINT('',(23.2673338489063,-6.04706062386291,24.0552355763062));
#4901=CARTESIAN_POINT('',(23.2024137223915,-6.02145878507218,24.036398373522));
#4902=CARTESIAN_POINT('',(23.2673338489063,-7.19660625638247,22.4730217509496));
#4903=CARTESIAN_POINT('Origin',(31.7185230762177,5.34313150326977,14.57107278616));
#4904=CARTESIAN_POINT('',(23.202413722393,-7.17077960865287,22.4544939711258));
#4905=CARTESIAN_POINT('',(23.2673338489063,-7.19660625638245,22.4730217509496));
#4906=CARTESIAN_POINT('',(12.5000001636711,-2.68393857380879,19.7853206805136));
#4907=CARTESIAN_POINT('',(23.202413722393,-7.17077960865284,22.4544939711258));
#4908=CARTESIAN_POINT('',(12.5000001636776,-3.0065217840385,19.1522154824428));
#4909=CARTESIAN_POINT('Origin',(12.5000001639128,2.,17.));
#4910=CARTESIAN_POINT('',(23.2024137223916,-7.80322732434648,21.2132454401212));
#4911=CARTESIAN_POINT('',(12.5000001639128,-3.00652186975662,19.1522152864414));
#4912=CARTESIAN_POINT('',(23.2673338489063,-7.83339713574427,21.2232492813043));
#4913=CARTESIAN_POINT('Origin',(24.8864292206779,-8.88947614212753,20.5382052802355));
#4914=CARTESIAN_POINT('',(23.2673338489063,-8.4377490395605,19.3632453762686));
#4915=CARTESIAN_POINT('Origin',(31.7185230762176,5.93008678819267,15.7230373946115));
#4916=CARTESIAN_POINT('',(23.202413722394,-8.40746103911005,19.353605283591));
#4917=CARTESIAN_POINT('Origin',(24.8864292206779,-8.88947614212753,20.5382052802355));
#4918=CARTESIAN_POINT('',(12.5000001636801,-3.31540172584467,18.2015807713015));
#4919=CARTESIAN_POINT('',(23.202413722394,-8.40746103911006,19.3536052835909));
#4920=CARTESIAN_POINT('',(12.5000001636926,-3.42655632764413,17.4997782315712));
#4921=CARTESIAN_POINT('Origin',(12.5000001639128,2.,17.));
#4922=CARTESIAN_POINT('',(23.2024137223913,-8.62538767001252,17.9776706876342));
#4923=CARTESIAN_POINT('',(12.5000001639128,-3.42655634727018,17.4997780321756));
#4924=CARTESIAN_POINT('',(23.2673338489063,-8.6571722226725,17.9778619215403));
#4925=CARTESIAN_POINT('Origin',(24.8864292206775,-9.44987280519077,17.));
#4926=CARTESIAN_POINT('',(23.2673338489063,-8.6571722226725,16.0221380784596));
#4927=CARTESIAN_POINT('Origin',(31.7185230762176,6.13233779576249,17.));
#4928=CARTESIAN_POINT('',(23.2024137223942,-8.62538767001389,16.0223293123657));
#4929=CARTESIAN_POINT('Origin',(24.8864292206775,-9.44987280519077,17.));
#4930=CARTESIAN_POINT('',(12.500000163697,-3.42655632803799,16.5002217724302));
#4931=CARTESIAN_POINT('',(23.2024137223942,-8.62538767001391,16.0223293123657));
#4932=CARTESIAN_POINT('',(12.5000001637119,-3.31540171965614,15.7984192005006));
#4933=CARTESIAN_POINT('Origin',(12.5000001639128,2.,17.));
#4934=CARTESIAN_POINT('',(23.2024137223912,-8.40746103910876,14.6463947164094));
#4935=CARTESIAN_POINT('',(12.5000001639128,-3.31540168047165,15.798419021962));
#4936=CARTESIAN_POINT('',(23.2673338489063,-8.43774903956048,14.6367546237314));
#4937=CARTESIAN_POINT('Origin',(24.8864292206771,-8.88947614212718,13.4617947197645));
#4938=CARTESIAN_POINT('',(23.2673338489063,-7.83339713574429,12.7767507186957));
#4939=CARTESIAN_POINT('Origin',(31.7185230762177,5.93008678819268,18.2769626053885));
#4940=CARTESIAN_POINT('',(23.2024137223937,-7.80322732434746,12.7867545598784));
#4941=CARTESIAN_POINT('Origin',(24.8864292206771,-8.88947614212718,13.4617947197645));
#4942=CARTESIAN_POINT('',(12.5000001637206,-3.0065217996811,14.8477845533248));
#4943=CARTESIAN_POINT('',(23.2024137223931,-7.80322732434718,12.7867545598785));
#4944=CARTESIAN_POINT('',(12.5000001637346,-2.68393854462384,14.2146792696988));
#4945=CARTESIAN_POINT('Origin',(12.5000001639128,2.,17.));
#4946=CARTESIAN_POINT('',(23.2024137223916,-7.17077960865228,11.5455060288746));
#4947=CARTESIAN_POINT('',(12.5000001639128,-2.68393846260736,14.2146791297858));
#4948=CARTESIAN_POINT('',(23.2673338489063,-7.19660625638246,11.5269782490504));
#4949=CARTESIAN_POINT('',(23.2024137223916,-7.17077960865228,11.5455060288746));
#4950=CARTESIAN_POINT('',(23.2673338489063,-6.0470606238629,9.94476442369384));
#4951=CARTESIAN_POINT('Origin',(31.7185230762176,5.34313150326978,19.42892721384));
#4952=CARTESIAN_POINT('',(23.2024137223934,-6.02145878507292,9.9636016264774));
#4953=CARTESIAN_POINT('',(23.2673338489063,-6.04706062386291,9.94476442369385));
#4954=CARTESIAN_POINT('',(12.5000001637485,-2.09641404988895,13.4060211751874));
#4955=CARTESIAN_POINT('',(23.2024137223934,-6.02145878507291,9.96360162647741));
#4956=CARTESIAN_POINT('',(12.5000001637586,-1.59397881793625,12.9035859440013));
#4957=CARTESIAN_POINT('Origin',(12.5000001639128,2.,17.));
#4958=CARTESIAN_POINT('',(23.2024137223918,-5.03639837352211,8.97854121492772));
#4959=CARTESIAN_POINT('',(12.5000001639128,-1.5939787131048,12.9035858508577));
#4960=CARTESIAN_POINT('',(23.2673338489063,-5.05523557630617,8.95293937613711));
#4961=CARTESIAN_POINT('Origin',(24.8864292206779,-4.7300663755159,7.73685831716895));
#4962=CARTESIAN_POINT('',(23.2673338489063,-3.4730217509496,7.80339374361752));
#4963=CARTESIAN_POINT('Origin',(31.7185230762177,4.42892721383999,20.3431315032698));
#4964=CARTESIAN_POINT('',(23.2024137223937,-3.45449397112595,7.82922039134684));
#4965=CARTESIAN_POINT('Origin',(24.8864292206779,-4.7300663755159,7.73685831716895));
#4966=CARTESIAN_POINT('',(12.5000001637725,-0.785320760114643,12.3160614728527));
#4967=CARTESIAN_POINT('',(23.2024137223934,-3.45449397112588,7.82922039134698));
#4968=CARTESIAN_POINT('',(12.5000001637905,-0.152215395943973,11.9934781781069));
#4969=CARTESIAN_POINT('Origin',(12.5000001639128,2.,17.));
#4970=CARTESIAN_POINT('',(23.2024137223909,-2.21324544012112,7.19677267565386));
#4971=CARTESIAN_POINT('',(12.5000001639128,-0.152215286441414,11.9934781302434));
#4972=CARTESIAN_POINT('',(23.2673338489063,-2.22324928130425,7.16660286425571));
#4973=CARTESIAN_POINT('Origin',(24.8864292206771,-1.53820528023542,6.11052385787286));
#4974=CARTESIAN_POINT('',(23.2673338489063,-0.363245376268609,6.56225096043951));
#4975=CARTESIAN_POINT('Origin',(31.7185230762176,3.27696260538852,20.9300867881927));
#4976=CARTESIAN_POINT('',(23.2024137223936,-0.353605283590922,6.59253896089011));
#4977=CARTESIAN_POINT('Origin',(24.8864292206771,-1.53820528023542,6.11052385787286));
#4978=CARTESIAN_POINT('',(12.5000001638014,0.798419128294181,11.6845982961693));
#4979=CARTESIAN_POINT('',(23.2024137223933,-0.353605283590869,6.59253896089029));
#4980=CARTESIAN_POINT('',(12.5000001637995,1.5002218576454,11.5734436635526));
#4981=CARTESIAN_POINT('Origin',(12.5000001639128,2.,17.));
#4982=CARTESIAN_POINT('',(23.2024137223916,1.02232931236574,6.37461232998735));
#4983=CARTESIAN_POINT('',(12.5000001639128,1.50022196782449,11.5734436527298));
#4984=CARTESIAN_POINT('',(23.2673338489063,1.02213807845968,6.3428277773275));
#4985=CARTESIAN_POINT('Origin',(24.886429220678,2.,5.550127194809));
#4986=CARTESIAN_POINT('',(23.2673338489063,2.97786192154033,6.3428277773275));
#4987=CARTESIAN_POINT('Origin',(31.7185230762176,2.,21.1323377957625));
#4988=CARTESIAN_POINT('',(23.2024137223938,2.97767068763427,6.37461232998629));
#4989=CARTESIAN_POINT('Origin',(24.886429220678,2.,5.550127194809));
#4990=CARTESIAN_POINT('',(12.5000001637908,2.49977815080135,11.5734436643823));
#4991=CARTESIAN_POINT('',(23.2024137223938,2.97767068763428,6.37461232998629));
#4992=CARTESIAN_POINT('',(12.5000001637742,3.20158085493742,11.684598292511));
#4993=CARTESIAN_POINT('Origin',(12.5000001639128,2.,17.));
#4994=CARTESIAN_POINT('',(23.2024137223918,4.35360528359063,6.59253896089098));
#4995=CARTESIAN_POINT('',(12.5000001639128,3.20158097803803,11.6845983195284));
#4996=CARTESIAN_POINT('',(23.2673338489063,4.36324537626859,6.56225096043951));
#4997=CARTESIAN_POINT('',(23.2024137223918,4.35360528359063,6.59253896089098));
#4998=CARTESIAN_POINT('',(23.2673338489063,6.22324928130429,7.16660286425573));
#4999=CARTESIAN_POINT('Origin',(31.7185230762176,0.723037394611477,20.9300867881927));
#5000=CARTESIAN_POINT('',(23.2024137223941,6.21324544012167,7.19677267565235));
#5001=CARTESIAN_POINT('',(23.2673338489063,6.22324928130429,7.16660286425573));
#5002=CARTESIAN_POINT('',(12.5000001637618,4.15221541229671,11.993478185284));
#5003=CARTESIAN_POINT('',(23.2024137223935,6.21324544012155,7.19677267565264));
#5004=CARTESIAN_POINT('',(12.5000001637522,4.78532074417545,12.3160614635093));
#5005=CARTESIAN_POINT('Origin',(12.5000001639128,2.,17.));
#5006=CARTESIAN_POINT('',(23.2024137223914,7.45449397112531,7.82922039134776));
#5007=CARTESIAN_POINT('',(12.5000001639128,4.78532087021429,12.3160615373927));
#5008=CARTESIAN_POINT('',(23.2673338489063,7.47302175094963,7.80339374361754));
#5009=CARTESIAN_POINT('',(23.2024137223914,7.45449397112531,7.82922039134776));
#5010=CARTESIAN_POINT('',(23.2673338489063,9.05523557630616,8.95293937613711));
#5011=CARTESIAN_POINT('Origin',(31.7185230762176,-0.428927213839989,20.3431315032698));
#5012=CARTESIAN_POINT('',(23.2024137223942,9.03639837352285,8.97854121492676));
#5013=CARTESIAN_POINT('',(23.2673338489063,9.05523557630618,8.95293937613711));
#5014=CARTESIAN_POINT('',(12.5000001637381,5.59397883185863,12.9035859563716));
#5015=CARTESIAN_POINT('',(23.202413722394,9.03639837352278,8.97854121492687));
#5016=CARTESIAN_POINT('',(12.5000001637281,6.09641403754882,13.4060211612987));
#5017=CARTESIAN_POINT('Origin',(12.5000001639128,2.,17.));
#5018=CARTESIAN_POINT('',(23.2024137223916,10.0214587850722,9.96360162647792));
#5019=CARTESIAN_POINT('',(12.5000001639128,6.09641414914232,13.4060212868952));
#5020=CARTESIAN_POINT('',(23.2673338489063,10.0470606238629,9.94476442369383));
#5021=CARTESIAN_POINT('',(23.2024137223916,10.0214587850722,9.96360162647792));
#5022=CARTESIAN_POINT('',(23.2673338489063,11.1966062563825,11.5269782490504));
#5023=CARTESIAN_POINT('Origin',(31.7185230762176,-1.34313150326977,19.42892721384));
#5024=CARTESIAN_POINT('',(23.2024137223936,11.1707796086531,11.5455060288741));
#5025=CARTESIAN_POINT('',(23.2673338489063,11.1966062563825,11.5269782490504));
#5026=CARTESIAN_POINT('',(12.5000001637144,6.68393855391112,14.2146792855422));
#5027=CARTESIAN_POINT('',(23.2024137223936,11.1707796086531,11.5455060288741));
#5028=CARTESIAN_POINT('',(12.5000001637007,7.00652179245746,14.8477845368075));
#5029=CARTESIAN_POINT('Origin',(12.5000001639128,2.,17.));
#5030=CARTESIAN_POINT('',(23.2024137223915,11.8032273243464,12.7867545598788));
#5031=CARTESIAN_POINT('',(12.5000001639128,7.00652186975663,14.8477847135586));
#5032=CARTESIAN_POINT('',(23.2673338489063,11.8333971357443,12.7767507186958));
#5033=CARTESIAN_POINT('',(23.2024137223915,11.8032273243464,12.7867545598788));
#5034=CARTESIAN_POINT('',(23.2673338489063,12.4377490395605,14.6367546237314));
#5035=CARTESIAN_POINT('Origin',(31.7185230762176,-1.93008678819268,18.2769626053885));
#5036=CARTESIAN_POINT('',(23.2024137223942,12.4074610391102,14.646394716409));
#5037=CARTESIAN_POINT('',(23.2673338489063,12.4377490395605,14.6367546237314));
#5038=CARTESIAN_POINT('',(12.5000001636923,7.31540172346582,15.7984192178593));
#5039=CARTESIAN_POINT('',(23.202413722394,12.4074610391101,14.6463947164091));
#5040=CARTESIAN_POINT('',(12.500000163678,7.42655632634617,16.5002217552427));
#5041=CARTESIAN_POINT('Origin',(12.5000001639128,2.,17.));
#5042=CARTESIAN_POINT('',(23.2024137223917,12.6253876700127,16.0223293123657));
#5043=CARTESIAN_POINT('',(12.5000001639128,7.42655634727019,16.5002219678245));
#5044=CARTESIAN_POINT('',(23.2673338489063,12.6571722226725,16.0221380784597));
#5045=CARTESIAN_POINT('',(23.2024137223917,12.6253876700127,16.0223293123657));
#5046=CARTESIAN_POINT('',(23.2673338489063,12.6571722226725,17.9778619215404));
#5047=CARTESIAN_POINT('Origin',(31.7185230762176,-2.1323377957625,17.));
#5048=CARTESIAN_POINT('',(23.2024137223938,12.6253876700137,17.9776706876343));
#5049=CARTESIAN_POINT('',(23.2673338489063,12.6571722226725,17.9778619215403));
#5050=CARTESIAN_POINT('',(12.5000001636737,7.42655632596805,17.4997782485987));
#5051=CARTESIAN_POINT('',(23.2024137223938,12.6253876700137,17.9776706876343));
#5052=CARTESIAN_POINT('',(12.5000001636618,7.31540172941038,18.2015807550543));
#5053=CARTESIAN_POINT('Origin',(12.5000001639128,2.,17.));
#5054=CARTESIAN_POINT('',(23.2024137223924,12.4074610391093,19.3536052835907));
#5055=CARTESIAN_POINT('',(12.5000001639128,7.31540168047163,18.2015809780381));
#5056=CARTESIAN_POINT('',(23.2673338489063,12.4377490395605,19.3632453762686));
#5057=CARTESIAN_POINT('',(23.2024137223924,12.4074610391093,19.3536052835907));
#5058=CARTESIAN_POINT('',(23.2673338489063,11.8333971357443,21.2232492813043));
#5059=CARTESIAN_POINT('Origin',(31.7185230762176,-1.93008678819268,15.7230373946115));
#5060=CARTESIAN_POINT('',(23.2024137223936,11.8032273243474,21.2132454401216));
#5061=CARTESIAN_POINT('',(23.2673338489063,11.8333971357443,21.2232492813043));
#5062=CARTESIAN_POINT('',(12.5000001636594,7.006521777413,19.1522154975923));
#5063=CARTESIAN_POINT('',(23.2024137223936,11.8032273243474,21.2132454401216));
#5064=CARTESIAN_POINT('Origin',(12.5000001639128,2.,17.));
#5065=CARTESIAN_POINT('',(12.5000001636523,5.59397889019364,21.0964139917969));
#5066=CARTESIAN_POINT('Origin',(12.5000001639128,2.,17.));
#5067=CARTESIAN_POINT('',(23.2024137223917,9.0363983735221,25.0214587850723));
#5068=CARTESIAN_POINT('',(12.5000001639128,5.59397871310478,21.0964141491423));
#5069=CARTESIAN_POINT('',(23.2673338489063,9.05523557630614,25.0470606238629));
#5070=CARTESIAN_POINT('',(23.2024137223917,9.0363983735221,25.0214587850722));
#5071=CARTESIAN_POINT('',(23.2673338489063,7.47302175094963,26.1966062563825));
#5072=CARTESIAN_POINT('Origin',(31.7185230762177,-0.428927213839991,13.6568684967302));
#5073=CARTESIAN_POINT('',(23.2024137223933,7.45449397112584,26.170779608653));
#5074=CARTESIAN_POINT('',(23.2673338489063,7.47302175094963,26.1966062563825));
#5075=CARTESIAN_POINT('',(12.5000001636532,4.7853206664779,21.6839385820363));
#5076=CARTESIAN_POINT('',(23.2024137223932,7.45449397112582,26.170779608653));
#5077=CARTESIAN_POINT('',(12.5000001636594,4.15221549759222,22.006521777413));
#5078=CARTESIAN_POINT('Origin',(12.5000001639128,2.,17.));
#5079=CARTESIAN_POINT('',(23.2024137223913,6.21324544012121,26.8032273243463));
#5080=CARTESIAN_POINT('',(12.5000001639128,4.15221528644141,22.0065218697566));
#5081=CARTESIAN_POINT('',(23.2673338489063,6.22324928130424,26.8333971357443));
#5082=CARTESIAN_POINT('',(23.2024137223913,6.21324544012121,26.8032273243463));
#5083=CARTESIAN_POINT('',(23.2673338489063,4.36324537626861,27.4377490395605));
#5084=CARTESIAN_POINT('Origin',(31.7185230762176,0.723037394611475,13.0699132118073));
#5085=CARTESIAN_POINT('',(23.2024137223936,4.35360528359092,27.4074610391099));
#5086=CARTESIAN_POINT('',(23.2673338489063,4.3632453762686,27.4377490395605));
#5087=CARTESIAN_POINT('',(12.5000001636618,3.20158075505414,22.3154017294104));
#5088=CARTESIAN_POINT('',(23.2024137223936,4.35360528359091,27.4074610391099));
#5089=CARTESIAN_POINT('',(12.5000001636737,2.49977824859858,22.4265563259681));
#5090=CARTESIAN_POINT('Origin',(12.5000001639128,2.,17.));
#5091=CARTESIAN_POINT('',(12.5000001639128,2.49977803217551,22.4265563472702));
#5092=CARTESIAN_POINT('Ctrl Pts',(21.907897647748,9.99971665009299,27.3014630366479));
#5093=CARTESIAN_POINT('Ctrl Pts',(18.5326430650853,8.67664649611224,25.5977079060251));
#5094=CARTESIAN_POINT('Ctrl Pts',(15.1573884824227,7.35357634213149,23.8939527754022));
#5095=CARTESIAN_POINT('Ctrl Pts',(11.78213389976,6.03050618815074,22.1901976447794));
#5096=CARTESIAN_POINT('Ctrl Pts',(22.0351241698947,9.98628577565588,27.0360163593479));
#5097=CARTESIAN_POINT('Ctrl Pts',(18.638830598803,8.66546786910146,25.3761344910933));
#5098=CARTESIAN_POINT('Ctrl Pts',(15.242528151818,7.34455720221399,23.7163392166862));
#5099=CARTESIAN_POINT('Ctrl Pts',(11.8462345807263,6.02373929565957,22.0564573484316));
#5100=CARTESIAN_POINT('Ctrl Pts',(22.2288439224594,9.93996039161082,26.6506368664981));
#5101=CARTESIAN_POINT('Ctrl Pts',(18.800508271507,8.62680692621713,25.0544969529264));
#5102=CARTESIAN_POINT('Ctrl Pts',(15.3721722713048,7.31355259099111,23.4584310810425));
#5103=CARTESIAN_POINT('Ctrl Pts',(11.9438366203523,6.00039912559743,21.8622911674708));
#5104=CARTESIAN_POINT('Ctrl Pts',(22.4576978049089,9.83290634102022,26.2333803955569));
#5105=CARTESIAN_POINT('Ctrl Pts',(18.9915126369051,8.53745463580421,24.7062520146179));
#5106=CARTESIAN_POINT('Ctrl Pts',(15.5253254959423,7.2419136687557,23.1791927539202));
#5107=CARTESIAN_POINT('Ctrl Pts',(12.0591403279385,5.94646196353969,21.6520643729812));
#5108=CARTESIAN_POINT('Ctrl Pts',(22.5724785611456,9.76506852517953,26.0343842177461));
#5109=CARTESIAN_POINT('Ctrl Pts',(19.0873096740686,8.48085144727983,24.5401572474516));
#5110=CARTESIAN_POINT('Ctrl Pts',(15.602139331822,7.19650023880227,23.0460308764158));
#5111=CARTESIAN_POINT('Ctrl Pts',(12.1169704447449,5.91228316090256,21.5518039061213));
#5112=CARTESIAN_POINT('Ctrl Pts',(22.6381005188011,9.72096878782216,25.924477134261));
#5113=CARTESIAN_POINT('Ctrl Pts',(19.1420785736568,8.44406390162055,24.4484138885026));
#5114=CARTESIAN_POINT('Ctrl Pts',(15.6460547742182,7.16696922710225,22.9724925430674));
#5115=CARTESIAN_POINT('Ctrl Pts',(12.150032829074,5.89006434090065,21.496429297309));
#5116=CARTESIAN_POINT('Ctrl Pts',(22.7037279258696,9.67479788381803,25.8160630537548));
#5117=CARTESIAN_POINT('Ctrl Pts',(19.1968516274854,8.40548899972142,24.3579601338012));
#5118=CARTESIAN_POINT('Ctrl Pts',(15.6899742573711,7.13611088678694,22.8999098298112));
#5119=CARTESIAN_POINT('Ctrl Pts',(12.1830979589869,5.86680200269033,21.4418069098576));
#5120=CARTESIAN_POINT('Ctrl Pts',(22.7856802593717,9.60641348198314,25.6884754360537));
#5121=CARTESIAN_POINT('Ctrl Pts',(19.2652494713562,8.34836303504662,24.2515126152154));
#5122=CARTESIAN_POINT('Ctrl Pts',(15.7448188828611,7.09039825995686,22.8144871185524));
#5123=CARTESIAN_POINT('Ctrl Pts',(12.2243880948456,5.83234781302034,21.3775242977141));
#5124=CARTESIAN_POINT('Ctrl Pts',(22.8510338688606,9.54804602077359,25.5895149269403));
#5125=CARTESIAN_POINT('Ctrl Pts',(19.3197946614872,8.29968555895998,24.1688917042181));
#5126=CARTESIAN_POINT('Ctrl Pts',(15.7885544843912,7.05130093156398,22.7482881364343));
#5127=CARTESIAN_POINT('Ctrl Pts',(12.2573152770178,5.80294046975037,21.3276649137121));
#5128=CARTESIAN_POINT('Ctrl Pts',(23.0114196676457,9.35934404457616,25.37968304395));
#5129=CARTESIAN_POINT('Ctrl Pts',(19.4536538506775,8.14210685644018,23.9938273755));
#5130=CARTESIAN_POINT('Ctrl Pts',(15.8958884503924,6.92510373014028,22.6078007498411));
#5131=CARTESIAN_POINT('Ctrl Pts',(12.3381226334242,5.7078665420043,21.2219450813911));
#5132=CARTESIAN_POINT('Ctrl Pts',(23.1393756600644,9.20836972107861,25.2125896084526));
#5133=CARTESIAN_POINT('Ctrl Pts',(19.5604476844945,8.01623114095117,23.8542747802525));
#5134=CARTESIAN_POINT('Ctrl Pts',(15.9815188197837,6.8239395598469,22.4960730370769));
#5135=CARTESIAN_POINT('Ctrl Pts',(12.4025908442138,5.63180097971945,21.1377582088768));
#5136=CARTESIAN_POINT('Ctrl Pts',(23.2673338489063,9.05744690196966,25.0454540017251));
#5137=CARTESIAN_POINT('Ctrl Pts',(19.6672426198141,7.89021839029588,23.7148193642116));
#5138=CARTESIAN_POINT('Ctrl Pts',(16.0671513907219,6.72298987862211,22.384184726698));
#5139=CARTESIAN_POINT('Ctrl Pts',(12.4670601616296,5.55576136694833,21.0535500891845));
#5140=CARTESIAN_POINT('',(12.5000001639128,5.56644123792737,21.0657250884299));
#5141=CARTESIAN_POINT('',(12.5000001639128,5.56644123792738,21.0657250884299));
#5142=CARTESIAN_POINT('',(12.4906016554225,5.56339403540418,21.0622512928669));
#5143=CARTESIAN_POINT('',(23.2673338489063,9.05744690196966,25.0454540017251));
#5144=CARTESIAN_POINT('',(11.7954976250005,6.03574465141071,22.1969433617246));
#5145=CARTESIAN_POINT('Ctrl Pts',(11.7954976251738,6.03574465095815,22.1969433618285));
#5146=CARTESIAN_POINT('Ctrl Pts',(11.9032377091048,6.01934925649437,21.9460029757513));
#5147=CARTESIAN_POINT('Ctrl Pts',(12.0003677437149,5.97860131027352,21.7576747958216));
#5148=CARTESIAN_POINT('Ctrl Pts',(12.1655272989825,5.8865172780734,21.4672679698914));
#5149=CARTESIAN_POINT('Ctrl Pts',(12.2193642825517,5.84084021674815,21.3915766385148));
#5150=CARTESIAN_POINT('Ctrl Pts',(12.3184054242664,5.75728935450324,21.2506494064053));
#5151=CARTESIAN_POINT('Ctrl Pts',(12.3859348467187,5.67013472727265,21.1803420694776));
#5152=CARTESIAN_POINT('Ctrl Pts',(12.4906016554225,5.56339403540419,21.0622512928669));
#5153=CARTESIAN_POINT('',(21.9078976477451,9.99971665057632,27.301463036266));
#5154=CARTESIAN_POINT('',(21.907897647748,9.99971665009299,27.3014630366479));
#5155=CARTESIAN_POINT('',(23.2673338489063,9.05744690196966,25.0454540017251));
#5156=CARTESIAN_POINT('Ctrl Pts',(21.907897647748,9.99971665009299,27.3014630366479));
#5157=CARTESIAN_POINT('Ctrl Pts',(22.0351241698947,9.98628577565588,27.0360163593479));
#5158=CARTESIAN_POINT('Ctrl Pts',(22.2288439224594,9.93996039161082,26.6506368664981));
#5159=CARTESIAN_POINT('Ctrl Pts',(22.4576978049089,9.83290634102022,26.2333803955569));
#5160=CARTESIAN_POINT('Ctrl Pts',(22.5724785611456,9.76506852517953,26.0343842177461));
#5161=CARTESIAN_POINT('Ctrl Pts',(22.6381005188011,9.72096878782216,25.924477134261));
#5162=CARTESIAN_POINT('Ctrl Pts',(22.7037279258696,9.67479788381803,25.8160630537548));
#5163=CARTESIAN_POINT('Ctrl Pts',(22.7856802593717,9.60641348198314,25.6884754360537));
#5164=CARTESIAN_POINT('Ctrl Pts',(22.8510338688606,9.54804602077359,25.5895149269403));
#5165=CARTESIAN_POINT('Ctrl Pts',(23.0114196676457,9.35934404457616,25.37968304395));
#5166=CARTESIAN_POINT('Ctrl Pts',(23.1393756600644,9.20836972107861,25.2125896084526));
#5167=CARTESIAN_POINT('Ctrl Pts',(23.2673338489063,9.05744690196966,25.0454540017251));
#5168=CARTESIAN_POINT('',(23.2673338489063,9.05744690196966,25.0454540017251));
#5169=CARTESIAN_POINT('Origin',(23.2673338489063,9.05744690196966,25.0454540017251));
#5170=CARTESIAN_POINT('',(12.5000001639128,4.76464338685684,21.648265326096));
#5171=CARTESIAN_POINT('',(12.5000001639128,6.59609689981104,20.31763646087));
#5172=CARTESIAN_POINT('',(12.4906016554225,4.76228124831532,21.6442938024159));
#5173=CARTESIAN_POINT('',(23.2673338489063,7.47081042528619,26.1982128785202));
#5174=CARTESIAN_POINT('',(12.4906016554225,5.16283764185973,21.3532725476414));
#5175=CARTESIAN_POINT('Origin',(23.2673338489063,9.05744690196966,25.0454540017251));
#5176=CARTESIAN_POINT('',(23.2673338489063,7.47081042528619,26.1982128785202));
#5177=CARTESIAN_POINT('',(23.2673338489063,7.47081042528619,26.1982128785202));
#5178=CARTESIAN_POINT('',(23.2673338489063,7.47081042528619,26.1982128785202));
#5179=CARTESIAN_POINT('Origin',(23.2673338489063,9.05744690196966,25.0454540017251));
#5180=CARTESIAN_POINT('',(23.2673338489063,7.47081042528619,26.1982128785202));
#5181=CARTESIAN_POINT('Origin',(22.6766217074779,8.87172471968033,26.4581635535589));
#5182=CARTESIAN_POINT('',(21.9078976480635,9.32522515342798,27.7915097940021));
#5183=CARTESIAN_POINT('Origin',(28.4536888457592,2.92934410545862,18.2791324246496));
#5184=CARTESIAN_POINT('Ctrl Pts',(23.2673338489063,7.47081042528619,26.1982128785202));
#5185=CARTESIAN_POINT('Ctrl Pts',(23.1393756600644,7.58312811722566,26.3933967519354));
#5186=CARTESIAN_POINT('Ctrl Pts',(23.0114196653154,7.69538988096028,26.5886165135091));
#5187=CARTESIAN_POINT('Ctrl Pts',(22.8510338656283,7.83663981172953,26.8329243274949));
#5188=CARTESIAN_POINT('Ctrl Pts',(22.7856802559807,7.91272032134159,26.9190155539865));
#5189=CARTESIAN_POINT('Ctrl Pts',(22.7037279221426,8.01293144716458,27.0234797039107));
#5190=CARTESIAN_POINT('Ctrl Pts',(22.6381005148999,8.10177178843289,27.1008926239748));
#5191=CARTESIAN_POINT('Ctrl Pts',(22.572478557078,8.19267207746365,27.1767971166952));
#5192=CARTESIAN_POINT('Ctrl Pts',(22.4576978010408,8.360965644467,27.3028079186715));
#5193=CARTESIAN_POINT('Ctrl Pts',(22.2288439171945,8.72471862729853,27.5335617014664));
#5194=CARTESIAN_POINT('Ctrl Pts',(22.0351241698947,9.07692072959,27.6967087387963));
#5195=CARTESIAN_POINT('Ctrl Pts',(21.907897647748,9.32522515331473,27.7915097938353));
#5196=CARTESIAN_POINT('Ctrl Pts',(23.2673338489063,7.47081042528619,26.1982128785202));
#5197=CARTESIAN_POINT('Ctrl Pts',(19.6672426453451,6.56599513531382,24.6769238909804));
#5198=CARTESIAN_POINT('Ctrl Pts',(16.067151441784,5.66117984534144,23.1556349034406));
#5199=CARTESIAN_POINT('Ctrl Pts',(12.4670602382228,4.75636455536907,21.6343459159008));
#5200=CARTESIAN_POINT('Ctrl Pts',(23.1393756600644,7.58312811722566,26.3933967519354));
#5201=CARTESIAN_POINT('Ctrl Pts',(19.5604477098754,6.65968503614389,24.8398632323703));
#5202=CARTESIAN_POINT('Ctrl Pts',(15.9815188705457,5.7363967852124,23.2862191454244));
#5203=CARTESIAN_POINT('Ctrl Pts',(12.4025909203567,4.81295370413063,21.7326856258594));
#5204=CARTESIAN_POINT('Ctrl Pts',(23.0114196653154,7.69538988096028,26.5886165135091));
#5205=CARTESIAN_POINT('Ctrl Pts',(19.4536538735781,6.75350980083511,25.0027022118006));
#5206=CARTESIAN_POINT('Ctrl Pts',(15.8958884996801,5.81139475464716,23.4169577190976));
#5207=CARTESIAN_POINT('Ctrl Pts',(12.3381227079428,4.86951467452199,21.8310434173892));
#5208=CARTESIAN_POINT('Ctrl Pts',(22.8510338656283,7.83663981172953,26.8329243274949));
#5209=CARTESIAN_POINT('Ctrl Pts',(19.3197946832977,6.8713114432114,25.2066662687101));
#5210=CARTESIAN_POINT('Ctrl Pts',(15.7885545328482,5.90600915415616,23.5803913562324));
#5211=CARTESIAN_POINT('Ctrl Pts',(12.2573153505176,4.94068078563803,21.9541332974475));
#5212=CARTESIAN_POINT('Ctrl Pts',(22.7856802559807,7.91272032134159,26.9190155539865));
#5213=CARTESIAN_POINT('Ctrl Pts',(19.2652494929313,6.93484644172866,25.2784925583097));
#5214=CARTESIAN_POINT('Ctrl Pts',(15.7448189310849,5.95688639377875,23.6380317323705));
#5215=CARTESIAN_POINT('Ctrl Pts',(12.2243881680355,4.97901251416582,21.9975087366937));
#5216=CARTESIAN_POINT('Ctrl Pts',(22.7037279221426,8.01293144716458,27.0234797039107));
#5217=CARTESIAN_POINT('Ctrl Pts',(19.1968516486284,7.01843118706342,25.3657166484423));
#5218=CARTESIAN_POINT('Ctrl Pts',(15.6899743052333,6.0240022582373,23.7079040820376));
#5219=CARTESIAN_POINT('Ctrl Pts',(12.1830980317191,5.02950199813614,22.0501410265693));
#5220=CARTESIAN_POINT('Ctrl Pts',(22.6381005148999,8.10177178843289,27.1008926239748));
#5221=CARTESIAN_POINT('Ctrl Pts',(19.1420785945487,7.09253753728453,25.4303552953992));
#5222=CARTESIAN_POINT('Ctrl Pts',(15.6460548218387,6.08349677811347,23.7596813935259));
#5223=CARTESIAN_POINT('Ctrl Pts',(12.1500329014875,5.07426252696511,22.0891440649503));
#5224=CARTESIAN_POINT('Ctrl Pts',(22.572478557078,8.19267207746365,27.1767971166952));
#5225=CARTESIAN_POINT('Ctrl Pts',(19.087309694717,7.16842268934237,25.493692581083));
#5226=CARTESIAN_POINT('Ctrl Pts',(15.6021393792047,6.14431030970799,23.8104916463023));
#5227=CARTESIAN_POINT('Ctrl Pts',(12.1169705168437,5.1200609215867,22.12738711069));
#5228=CARTESIAN_POINT('Ctrl Pts',(22.4576978010408,8.360965644467,27.3028079186715));
#5229=CARTESIAN_POINT('Ctrl Pts',(18.9915126576184,7.30889684632041,25.5988515226618));
#5230=CARTESIAN_POINT('Ctrl Pts',(15.5253255431564,6.25692125643882,23.8948316704562));
#5231=CARTESIAN_POINT('Ctrl Pts',(12.059140399734,5.20485245829224,22.1908752744465));
#5232=CARTESIAN_POINT('Ctrl Pts',(22.2288439171945,8.72471862729853,27.5335617014664));
#5233=CARTESIAN_POINT('Ctrl Pts',(18.800508290555,7.61248610649407,25.7914441949691));
#5234=CARTESIAN_POINT('Ctrl Pts',(15.3721723172782,6.50035505260397,24.0492537182582));
#5235=CARTESIAN_POINT('Ctrl Pts',(11.9438366906387,5.38812253179952,22.3071362117609));
#5236=CARTESIAN_POINT('Ctrl Pts',(22.0351241698947,9.07692072959,27.6967087387963));
#5237=CARTESIAN_POINT('Ctrl Pts',(18.6388306228888,7.9064344504072,25.927604568529));
#5238=CARTESIAN_POINT('Ctrl Pts',(15.2425281999896,6.73605919138585,24.1584389369134));
#5239=CARTESIAN_POINT('Ctrl Pts',(11.8462346529837,5.56557291220305,22.3893347666461));
#5240=CARTESIAN_POINT('Ctrl Pts',(21.907897647748,9.32522515331473,27.7915097938353));
#5241=CARTESIAN_POINT('Ctrl Pts',(18.5326430890219,8.11370890508672,26.0067060254177));
#5242=CARTESIAN_POINT('Ctrl Pts',(15.1573885302958,6.90219265685872,24.2219022570002));
#5243=CARTESIAN_POINT('Ctrl Pts',(11.7821339715696,5.69067640863071,22.4370984885826));
#5244=CARTESIAN_POINT('',(11.7954976249893,5.69547316780024,22.4441650663971));
#5245=CARTESIAN_POINT('',(1.5,2.,17.));
#5246=CARTESIAN_POINT('Ctrl Pts',(12.4906016554225,4.76228124831532,21.6442938024159));
#5247=CARTESIAN_POINT('Ctrl Pts',(12.385938795436,4.84160457043703,21.7822970832403));
#5248=CARTESIAN_POINT('Ctrl Pts',(12.3184030981947,4.8815448934609,21.8869198688236));
#5249=CARTESIAN_POINT('Ctrl Pts',(12.2193717151943,4.98974442302745,22.0099187558996));
#5250=CARTESIAN_POINT('Ctrl Pts',(12.1655370302996,5.04761385813855,22.0767474075968));
#5251=CARTESIAN_POINT('Ctrl Pts',(12.0150664317479,5.27331138467836,22.238297313012));
#5252=CARTESIAN_POINT('Ctrl Pts',(11.9153845715747,5.43554543504218,22.3405267087627));
#5253=CARTESIAN_POINT('Ctrl Pts',(11.7954976248231,5.69547316774043,22.4441650663093));
#5254=CARTESIAN_POINT('',(12.5000001639128,4.78532046378978,21.683938702019));
#5255=CARTESIAN_POINT('Origin',(21.6579165989561,2.82101548265762,18.1300443694667));
#5256=CARTESIAN_POINT('Origin',(14.7915011778908,2.38862365890266,17.5348945779813));
#5257=CARTESIAN_POINT('Origin',(22.5,9.05342302750968,26.7082039324994));
#5258=CARTESIAN_POINT('Ctrl Pts',(21.907897647748,-5.32522515331466,27.7915097938353));
#5259=CARTESIAN_POINT('Ctrl Pts',(18.5326430650853,-4.11370889649486,26.0067060127603));
#5260=CARTESIAN_POINT('Ctrl Pts',(15.1573884824227,-2.90219263967506,24.2219022316853));
#5261=CARTESIAN_POINT('Ctrl Pts',(11.78213389976,-1.69067638285526,22.4370984506104));
#5262=CARTESIAN_POINT('Ctrl Pts',(22.0351241698947,-5.07692072959004,27.6967087387963));
#5263=CARTESIAN_POINT('Ctrl Pts',(18.638830598803,-3.90643444210642,25.9276045559829));
#5264=CARTESIAN_POINT('Ctrl Pts',(15.242528151818,-2.73605917478499,24.1584389118208));
#5265=CARTESIAN_POINT('Ctrl Pts',(11.8462345807263,-1.56557288730137,22.3893347290074));
#5266=CARTESIAN_POINT('Ctrl Pts',(22.2288437972029,-4.72472418454744,27.533557923445));
#5267=CARTESIAN_POINT('Ctrl Pts',(18.8005081462505,-3.61249165585529,25.7914404045929));
#5268=CARTESIAN_POINT('Ctrl Pts',(15.3721722081967,-2.5003578367442,24.0492517900635));
#5269=CARTESIAN_POINT('Ctrl Pts',(11.9438365572442,-1.38812530805205,22.3071342712114));
#5270=CARTESIAN_POINT('Ctrl Pts',(22.4576977136742,-4.3609707732709,27.3028043813605));
#5271=CARTESIAN_POINT('Ctrl Pts',(18.9915125456704,-3.30890196766329,25.5988479732667));
#5272=CARTESIAN_POINT('Ctrl Pts',(15.5253254499755,-2.25692382556839,23.8948298640802));
#5273=CARTESIAN_POINT('Ctrl Pts',(12.0591402819717,-1.20485501996078,22.1908734559864));
#5274=CARTESIAN_POINT('Ctrl Pts',(22.572478465169,-4.19267735582438,27.1767934805507));
#5275=CARTESIAN_POINT('Ctrl Pts',(19.0873095780919,-3.16842796043935,25.4936889330022));
#5276=CARTESIAN_POINT('Ctrl Pts',(15.602139283466,-2.14431295458383,23.8104897904264));
#5277=CARTESIAN_POINT('Ctrl Pts',(12.1169703963889,-1.12006355919881,22.1273852428779));
#5278=CARTESIAN_POINT('Ctrl Pts',(22.6381004268331,-4.10177685024334,27.1008891368522));
#5279=CARTESIAN_POINT('Ctrl Pts',(19.1420784816888,-3.09254259193772,25.4303517964294));
#5280=CARTESIAN_POINT('Ctrl Pts',(15.6460547278819,-2.08349931409791,23.7596796129099));
#5281=CARTESIAN_POINT('Ctrl Pts',(12.1500327827376,-1.0742650557923,22.0891422724871));
#5282=CARTESIAN_POINT('Ctrl Pts',(22.7037278380692,-4.01293610410769,27.0234765023027));
#5283=CARTESIAN_POINT('Ctrl Pts',(19.1968515396851,-3.01843583695376,25.3657134350779));
#5284=CARTESIAN_POINT('Ctrl Pts',(15.6899742131345,-2.0240045904451,23.7079024454546));
#5285=CARTESIAN_POINT('Ctrl Pts',(12.1830979147504,-1.02950432329117,22.0501393782297));
#5286=CARTESIAN_POINT('Ctrl Pts',(22.7856801796358,-3.91272421703442,26.9190128887424));
#5287=CARTESIAN_POINT('Ctrl Pts',(19.2652493916203,-2.93485033048663,25.2784898814314));
#5288=CARTESIAN_POINT('Ctrl Pts',(15.7448188426877,-1.95688834267967,23.6380303662696));
#5289=CARTESIAN_POINT('Ctrl Pts',(12.2243880546722,-0.979014456131884,21.9975073589586));
#5290=CARTESIAN_POINT('Ctrl Pts',(22.8510337928402,-3.83664348234245,26.8329218180873));
#5291=CARTESIAN_POINT('Ctrl Pts',(19.3197945854667,-2.87131510697843,25.2066637477693));
#5292=CARTESIAN_POINT('Ctrl Pts',(15.7885544460897,-1.90601098983355,23.5803900688485));
#5293=CARTESIAN_POINT('Ctrl Pts',(12.2573152387163,-0.940682614469533,21.9541319985305));
#5294=CARTESIAN_POINT('Ctrl Pts',(23.0114196129298,-3.69539198617389,26.5886150972976));
#5295=CARTESIAN_POINT('Ctrl Pts',(19.4536537959616,-2.75351189936912,25.0027007843422));
#5296=CARTESIAN_POINT('Ctrl Pts',(15.8958884228248,-1.8113958019584,23.4169569830735));
#5297=CARTESIAN_POINT('Ctrl Pts',(12.3381226058567,-0.869515715153631,21.8310426701181));
#5298=CARTESIAN_POINT('Ctrl Pts',(23.1393756600644,-3.58312811722559,26.3933967519354));
#5299=CARTESIAN_POINT('Ctrl Pts',(19.5604476844945,-2.65968502959498,24.8398632213531));
#5300=CARTESIAN_POINT('Ctrl Pts',(15.9815188197837,-1.73639677211574,23.286219123389));
#5301=CARTESIAN_POINT('Ctrl Pts',(12.4025908442138,-0.812953684485132,21.7326855928067));
#5302=CARTESIAN_POINT('Ctrl Pts',(23.2673338489063,-3.47081042528612,26.1982128785203));
#5303=CARTESIAN_POINT('Ctrl Pts',(19.6672426198141,-2.56599512889701,24.6769238801918));
#5304=CARTESIAN_POINT('Ctrl Pts',(16.0671513907219,-1.6611798325079,23.1556348818633));
#5305=CARTESIAN_POINT('Ctrl Pts',(12.4670601616296,-0.756364536118787,21.6343458835349));
#5306=CARTESIAN_POINT('',(12.5000001639128,-0.764643386856801,21.648265326096));
#5307=CARTESIAN_POINT('',(12.5000001639128,-0.764643386856802,21.648265326096));
#5308=CARTESIAN_POINT('',(12.4906016554225,-0.762281248315284,21.6442938024159));
#5309=CARTESIAN_POINT('',(23.2673338489063,-3.47081042528612,26.1982128785203));
#5310=CARTESIAN_POINT('',(11.7954976250005,-1.69547316674126,22.4441650664044));
#5311=CARTESIAN_POINT('Ctrl Pts',(11.7954976251738,-1.69547316697998,22.4441650660062));
#5312=CARTESIAN_POINT('Ctrl Pts',(11.9032614984573,-1.46182955525582,22.3510067102714));
#5313=CARTESIAN_POINT('Ctrl Pts',(12.0004041186292,-1.29530986594942,22.2540362446745));
#5314=CARTESIAN_POINT('Ctrl Pts',(12.1655260489734,-1.04762943275782,22.0767585286031));
#5315=CARTESIAN_POINT('Ctrl Pts',(12.219364855353,-0.989754129552688,22.0099257069129));
#5316=CARTESIAN_POINT('Ctrl Pts',(12.3184486219193,-0.881495983222327,21.8868626026948));
#5317=CARTESIAN_POINT('Ctrl Pts',(12.3860858357294,-0.841493129526627,21.7821032031665));
#5318=CARTESIAN_POINT('Ctrl Pts',(12.4906016554225,-0.762281248315288,21.6442938024159));
#5319=CARTESIAN_POINT('',(21.9078976477451,-5.32522515280209,27.791509794177));
#5320=CARTESIAN_POINT('',(21.907897647748,-5.32522515331466,27.7915097938353));
#5321=CARTESIAN_POINT('',(23.2673338489063,-3.47081042528612,26.1982128785203));
#5322=CARTESIAN_POINT('Ctrl Pts',(21.907897647748,-5.32522515331466,27.7915097938353));
#5323=CARTESIAN_POINT('Ctrl Pts',(22.0351241698947,-5.07692072959004,27.6967087387963));
#5324=CARTESIAN_POINT('Ctrl Pts',(22.2288437972029,-4.72472418454744,27.533557923445));
#5325=CARTESIAN_POINT('Ctrl Pts',(22.4576977136742,-4.3609707732709,27.3028043813605));
#5326=CARTESIAN_POINT('Ctrl Pts',(22.572478465169,-4.19267735582438,27.1767934805507));
#5327=CARTESIAN_POINT('Ctrl Pts',(22.6381004268331,-4.10177685024334,27.1008891368522));
#5328=CARTESIAN_POINT('Ctrl Pts',(22.7037278380692,-4.01293610410769,27.0234765023027));
#5329=CARTESIAN_POINT('Ctrl Pts',(22.7856801796358,-3.91272421703442,26.9190128887424));
#5330=CARTESIAN_POINT('Ctrl Pts',(22.8510337928402,-3.83664348234245,26.8329218180873));
#5331=CARTESIAN_POINT('Ctrl Pts',(23.0114196129298,-3.69539198617389,26.5886150972976));
#5332=CARTESIAN_POINT('Ctrl Pts',(23.1393756600644,-3.58312811722559,26.3933967519354));
#5333=CARTESIAN_POINT('Ctrl Pts',(23.2673338489063,-3.47081042528612,26.1982128785203));
#5334=CARTESIAN_POINT('',(23.2673338489063,-3.47081042528612,26.1982128785203));
#5335=CARTESIAN_POINT('Origin',(23.2673338489063,-3.47081042528612,26.1982128785203));
#5336=CARTESIAN_POINT('',(12.5000001639128,-1.56644123792734,21.06572508843));
#5337=CARTESIAN_POINT('',(12.5000001639128,-2.10262752031807,20.67616295134));
#5338=CARTESIAN_POINT('',(12.4906016554225,-1.56339403540415,21.0622512928669));
#5339=CARTESIAN_POINT('',(23.2673338489063,-5.05744690196959,25.0454540017251));
#5340=CARTESIAN_POINT('',(12.4906016554225,-1.16283764185973,21.3532725476414));
#5341=CARTESIAN_POINT('Origin',(23.2673338489063,-3.47081042528612,26.1982128785203));
#5342=CARTESIAN_POINT('',(23.2673338489063,-5.05744690196959,25.0454540017251));
#5343=CARTESIAN_POINT('',(23.2673338489063,-5.05744690196959,25.0454540017251));
#5344=CARTESIAN_POINT('',(23.2673338489063,-5.05744690196959,25.0454540017251));
#5345=CARTESIAN_POINT('Origin',(23.2673338489063,-3.47081042528612,26.1982128785203));
#5346=CARTESIAN_POINT('',(23.2673338489063,-5.05744690196959,25.0454540017251));
#5347=CARTESIAN_POINT('Origin',(22.6766217074779,-4.87176836074989,26.4581318464659));
#5348=CARTESIAN_POINT('',(21.9078976480635,-5.99971665021657,27.3014630368072));
#5349=CARTESIAN_POINT('Origin',(28.4536888457592,1.07065589454145,18.2791324246497));
#5350=CARTESIAN_POINT('Ctrl Pts',(23.2673338489063,-5.05744690196959,25.0454540017251));
#5351=CARTESIAN_POINT('Ctrl Pts',(23.1393756600644,-5.20836972107854,25.2125896084526));
#5352=CARTESIAN_POINT('Ctrl Pts',(23.0114196154255,-5.35934205121941,25.379684605166));
#5353=CARTESIAN_POINT('Ctrl Pts',(22.8510337963135,-5.54804251077494,25.5895176340306));
#5354=CARTESIAN_POINT('Ctrl Pts',(22.785680183278,-5.60640975494368,25.6884783085049));
#5355=CARTESIAN_POINT('Ctrl Pts',(22.7037278420875,-5.67479341563394,25.8160664813106));
#5356=CARTESIAN_POINT('Ctrl Pts',(22.6381004310451,-5.72096392519452,25.9244808569924));
#5357=CARTESIAN_POINT('Ctrl Pts',(22.5724784695685,-5.76506345504279,26.0343880995073));
#5358=CARTESIAN_POINT('Ctrl Pts',(22.4576977178549,-5.83290141068677,26.2333841659609));
#5359=CARTESIAN_POINT('Ctrl Pts',(22.228843802993,-5.93995510273909,26.6506409675056));
#5360=CARTESIAN_POINT('Ctrl Pts',(22.0351241698947,-5.98628577565582,27.0360163593479));
#5361=CARTESIAN_POINT('Ctrl Pts',(21.907897647748,-5.99971665009292,27.3014630366479));
#5362=CARTESIAN_POINT('Ctrl Pts',(23.2673338489063,-5.05744690196959,25.0454540017251));
#5363=CARTESIAN_POINT('Ctrl Pts',(19.6672426453451,-3.89021839857355,23.7148193736482));
#5364=CARTESIAN_POINT('Ctrl Pts',(16.067151441784,-2.72298989517751,22.3841847455712));
#5365=CARTESIAN_POINT('Ctrl Pts',(12.4670602382228,-1.55576139178148,21.0535501174942));
#5366=CARTESIAN_POINT('Ctrl Pts',(23.1393756600644,-5.20836972107854,25.2125896084526));
#5367=CARTESIAN_POINT('Ctrl Pts',(19.5604477098754,-4.01623114940549,23.8542747898854));
#5368=CARTESIAN_POINT('Ctrl Pts',(15.9815188705457,-2.82393957675671,22.4960730563418));
#5369=CARTESIAN_POINT('Ctrl Pts',(12.4025909203567,-1.63180100508365,21.1377582377746));
#5370=CARTESIAN_POINT('Ctrl Pts',(23.0114196154255,-5.35934205121941,25.379684605166));
#5371=CARTESIAN_POINT('Ctrl Pts',(19.4536538236882,-4.14210487171583,23.9938289465442));
#5372=CARTESIAN_POINT('Ctrl Pts',(15.895888474544,-2.92510274308819,22.6078015560879));
#5373=CARTESIAN_POINT('Ctrl Pts',(12.3381226828067,-1.7078655635846,21.2219458974661));
#5374=CARTESIAN_POINT('Ctrl Pts',(22.8510337963135,-5.54804251077494,25.5895176340306));
#5375=CARTESIAN_POINT('Ctrl Pts',(19.3197946139828,-4.29968205781444,24.1688944213832));
#5376=CARTESIAN_POINT('Ctrl Pts',(15.7885544979252,-3.05129918082377,22.7482895205));
#5377=CARTESIAN_POINT('Ctrl Pts',(12.2573153155946,-1.80293872786327,21.3276663078526));
#5378=CARTESIAN_POINT('Ctrl Pts',(22.785680183278,-5.60640975494368,25.6884783085049));
#5379=CARTESIAN_POINT('Ctrl Pts',(19.2652494202286,-4.34835931692899,24.2515154978571));
#5380=CARTESIAN_POINT('Ctrl Pts',(15.744818894455,-3.09039640000139,22.8144885861644));
#5381=CARTESIAN_POINT('Ctrl Pts',(12.2243881314056,-1.83234596198671,21.3775257755167));
#5382=CARTESIAN_POINT('Ctrl Pts',(22.7037278420875,-5.67479341563394,25.8160664813106));
#5383=CARTESIAN_POINT('Ctrl Pts',(19.1968515685733,-4.405484540539,24.3579635716975));
#5384=CARTESIAN_POINT('Ctrl Pts',(15.689974264899,-3.13610865358053,22.8999115774012));
#5385=CARTESIAN_POINT('Ctrl Pts',(12.1830979913849,-1.86679977848559,21.4418086677881));
#5386=CARTESIAN_POINT('Ctrl Pts',(22.6381004310451,-5.72096392519452,25.9244808569924));
#5387=CARTESIAN_POINT('Ctrl Pts',(19.1420785106939,-4.44405904804845,24.4484176217019));
#5388=CARTESIAN_POINT('Ctrl Pts',(15.6460547795901,-3.1669667952715,22.9724944396302));
#5389=CARTESIAN_POINT('Ctrl Pts',(12.1500328592389,-1.89006191812543,21.4964312043397));
#5390=CARTESIAN_POINT('Ctrl Pts',(22.5724784695685,-5.76506345504279,26.0343880995073));
#5391=CARTESIAN_POINT('Ctrl Pts',(19.0873096072075,-4.48084638625048,24.5401611398096));
#5392=CARTESIAN_POINT('Ctrl Pts',(15.6021393351147,-3.19649770252529,23.0460328533607));
#5393=CARTESIAN_POINT('Ctrl Pts',(12.1169704727537,-1.91228063373298,21.5518058936629));
#5394=CARTESIAN_POINT('Ctrl Pts',(22.4576977178549,-5.83290141068677,26.2333841659609));
#5395=CARTESIAN_POINT('Ctrl Pts',(18.9915125744325,-4.53744971465783,24.7062557958519));
#5396=CARTESIAN_POINT('Ctrl Pts',(15.5253255012447,-3.24191120307501,23.1791946752267));
#5397=CARTESIAN_POINT('Ctrl Pts',(12.0591403578223,-1.94645950704607,21.6520663051177));
#5398=CARTESIAN_POINT('Ctrl Pts',(22.228843802993,-5.93995510273909,26.6506409675056));
#5399=CARTESIAN_POINT('Ctrl Pts',(18.8005081763536,-4.626801646658,25.0545010652533));
#5400=CARTESIAN_POINT('Ctrl Pts',(15.3721722597399,-3.31354994491883,23.4584331698961));
#5401=CARTESIAN_POINT('Ctrl Pts',(11.9438366331005,-2.00039648883775,21.8622932676439));
#5402=CARTESIAN_POINT('Ctrl Pts',(22.0351241698947,-5.98628577565582,27.0360163593479));
#5403=CARTESIAN_POINT('Ctrl Pts',(18.6388306228888,-4.66546787846836,25.3761345028649));
#5404=CARTESIAN_POINT('Ctrl Pts',(15.2425281999896,-3.3445572209485,23.7163392402286));
#5405=CARTESIAN_POINT('Ctrl Pts',(11.8462346529837,-2.02373932376104,22.0564573837456));
#5406=CARTESIAN_POINT('Ctrl Pts',(21.907897647748,-5.99971665009292,27.3014630366479));
#5407=CARTESIAN_POINT('Ctrl Pts',(18.5326430890219,-4.6766465054951,25.5977079181078));
#5408=CARTESIAN_POINT('Ctrl Pts',(15.1573885302958,-3.35357636089729,23.8939527995676));
#5409=CARTESIAN_POINT('Ctrl Pts',(11.7821339715696,-2.03050621629947,22.1901976810274));
#5410=CARTESIAN_POINT('',(11.7954976249893,-2.03574465107655,22.1969433627294));
#5411=CARTESIAN_POINT('',(1.5,2.,17.));
#5412=CARTESIAN_POINT('Ctrl Pts',(12.4906016554225,-1.56339403540415,21.0622512928669));
#5413=CARTESIAN_POINT('Ctrl Pts',(12.3860764508809,-1.66999031734685,21.1801823039721));
#5414=CARTESIAN_POINT('Ctrl Pts',(12.3184424786965,-1.75725594624369,21.2505983833522));
#5415=CARTESIAN_POINT('Ctrl Pts',(12.2193722365333,-1.84083170809296,21.39156658433));
#5416=CARTESIAN_POINT('Ctrl Pts',(12.1655358912018,-1.88650714545643,21.4672583666919));
#5417=CARTESIAN_POINT('Ctrl Pts',(12.0004057666041,-1.97858021252119,21.7576063266995));
#5418=CARTESIAN_POINT('Ctrl Pts',(11.9032396216394,-2.01934896551124,21.9459985211303));
#5419=CARTESIAN_POINT('Ctrl Pts',(11.7954976248231,-2.03574465101151,22.1969433626454));
#5420=CARTESIAN_POINT('',(12.5000001639128,-1.59397904195246,21.0964138557196));
#5421=CARTESIAN_POINT('Origin',(21.657916598954,1.17897167549173,18.1300350393386));
#5422=CARTESIAN_POINT('Origin',(14.7915011778941,1.61137634109088,17.5348945779904));
#5423=CARTESIAN_POINT('Origin',(22.5,-5.05342302750968,26.7082039324994));
#5424=CARTESIAN_POINT('Ctrl Pts',(21.907897647748,-8.30146303664788,24.999716650093));
#5425=CARTESIAN_POINT('Ctrl Pts',(18.5326430650853,-6.59770790602506,23.6766464961122));
#5426=CARTESIAN_POINT('Ctrl Pts',(15.1573884824227,-4.89395277540224,22.3535763421315));
#5427=CARTESIAN_POINT('Ctrl Pts',(11.78213389976,-3.19019764477942,21.0305061881507));
#5428=CARTESIAN_POINT('Ctrl Pts',(22.0351241698947,-8.03601635934787,24.9862857756558));
#5429=CARTESIAN_POINT('Ctrl Pts',(18.638830598803,-6.3761344910933,23.6654678691014));
#5430=CARTESIAN_POINT('Ctrl Pts',(15.242528151818,-4.7163392166862,22.3445572022139));
#5431=CARTESIAN_POINT('Ctrl Pts',(11.8462345807263,-3.05645734843164,21.0237392956595));
#5432=CARTESIAN_POINT('Ctrl Pts',(22.2288438029935,-7.65064096750574,24.9399551027391));
#5433=CARTESIAN_POINT('Ctrl Pts',(18.800508152041,-6.05450105393402,23.6268016373454));
#5434=CARTESIAN_POINT('Ctrl Pts',(15.3721722111141,-4.45843314725778,22.313549926293));
#5435=CARTESIAN_POINT('Ctrl Pts',(11.9438365601617,-2.86229323368607,21.0003964608993));
#5436=CARTESIAN_POINT('Ctrl Pts',(22.4576977178549,-7.2333841659608,24.8329014106869));
#5437=CARTESIAN_POINT('Ctrl Pts',(18.9915125498511,-5.70625578502174,23.5374497054709));
#5438=CARTESIAN_POINT('Ctrl Pts',(15.5253254520819,-4.17919465356704,22.2419111847004));
#5439=CARTESIAN_POINT('Ctrl Pts',(12.0591402840781,-2.65206627262798,20.9464594794844));
#5440=CARTESIAN_POINT('Ctrl Pts',(22.5724784695686,-7.03438809950721,24.7650634550427));
#5441=CARTESIAN_POINT('Ctrl Pts',(19.0873095824915,-5.54016112921269,23.480846377143));
#5442=CARTESIAN_POINT('Ctrl Pts',(15.6021392856826,-4.04603283216788,22.1964976843096));
#5443=CARTESIAN_POINT('Ctrl Pts',(12.1169703986056,-2.55180586187336,20.9122806064099));
#5444=CARTESIAN_POINT('Ctrl Pts',(22.6381004310452,-6.92448085699228,24.7209639251946));
#5445=CARTESIAN_POINT('Ctrl Pts',(19.1420784859009,-5.44841761123386,23.444059038993));
#5446=CARTESIAN_POINT('Ctrl Pts',(15.6460547300041,-3.97249441869528,22.1669667771592));
#5447=CARTESIAN_POINT('Ctrl Pts',(12.1500327848598,-2.49643117293687,20.8900618909576));
#5448=CARTESIAN_POINT('Ctrl Pts',(22.7037278420874,-6.8160664813105,24.6747934156341));
#5449=CARTESIAN_POINT('Ctrl Pts',(19.1968515437033,-5.35796356135688,23.4054845315375));
#5450=CARTESIAN_POINT('Ctrl Pts',(15.689974215159,-3.89991155672043,22.1361086355768));
#5451=CARTESIAN_POINT('Ctrl Pts',(12.1830979167748,-2.44180863676681,20.8667997514802));
#5452=CARTESIAN_POINT('Ctrl Pts',(22.7856801832781,-6.68847830850494,24.6064097549438));
#5453=CARTESIAN_POINT('Ctrl Pts',(19.2652493952626,-5.2515154876666,23.3483593080073));
#5454=CARTESIAN_POINT('Ctrl Pts',(15.7448188445228,-3.81448856578276,22.0903963821585));
#5455=CARTESIAN_POINT('Ctrl Pts',(12.2243880565073,-2.37752574494442,20.832345935222));
#5456=CARTESIAN_POINT('Ctrl Pts',(22.8510337963136,-6.58951763403061,24.5480425107751));
#5457=CARTESIAN_POINT('Ctrl Pts',(19.3197945889401,-5.1688944113084,23.2996820489615));
#5458=CARTESIAN_POINT('Ctrl Pts',(15.7885544478397,-3.74828950035066,22.0512991631175));
#5459=CARTESIAN_POINT('Ctrl Pts',(12.2573152404663,-2.32766627762845,20.8029387013039));
#5460=CARTESIAN_POINT('Ctrl Pts',(23.0114196154256,-6.37968460516596,24.3593420512195));
#5461=CARTESIAN_POINT('Ctrl Pts',(19.4536537984575,-4.99382893671595,23.1421048630836));
#5462=CARTESIAN_POINT('Ctrl Pts',(15.8958884240823,-3.60780153643026,21.9251027258252));
#5463=CARTESIAN_POINT('Ctrl Pts',(12.3381226071141,-2.22194586798025,20.7078655376892));
#5464=CARTESIAN_POINT('Ctrl Pts',(23.1393756600644,-6.21258960845257,24.2083697210786));
#5465=CARTESIAN_POINT('Ctrl Pts',(19.5604476844945,-4.8542747802525,23.0162311409512));
#5466=CARTESIAN_POINT('Ctrl Pts',(15.9815188197837,-3.49607303707686,21.8239395598469));
#5467=CARTESIAN_POINT('Ctrl Pts',(12.4025908442138,-2.13775820887678,20.6318009797194));
#5468=CARTESIAN_POINT('Ctrl Pts',(23.2673338489063,-6.0454540017251,24.0574469019697));
#5469=CARTESIAN_POINT('Ctrl Pts',(19.6672426198141,-4.71481936421156,22.8902183902959));
#5470=CARTESIAN_POINT('Ctrl Pts',(16.0671513907219,-3.38418472669803,21.7229898786221));
#5471=CARTESIAN_POINT('Ctrl Pts',(12.4670601616296,-2.0535500891845,20.5557613669483));
#5472=CARTESIAN_POINT('',(12.5000001639128,-2.06572508842994,20.5664412379274));
#5473=CARTESIAN_POINT('',(12.5000001639128,-2.06572508842994,20.5664412379274));
#5474=CARTESIAN_POINT('',(12.4906016554225,-2.06225129286692,20.5633940354042));
#5475=CARTESIAN_POINT('',(23.2673338489063,-6.0454540017251,24.0574469019697));
#5476=CARTESIAN_POINT('',(11.7954976250005,-3.19694336172455,21.0357446514107));
#5477=CARTESIAN_POINT('Ctrl Pts',(11.7954976251738,-3.19694336182852,21.0357446509581));
#5478=CARTESIAN_POINT('Ctrl Pts',(11.9032599799847,-2.94595110403381,21.0193458674133));
#5479=CARTESIAN_POINT('Ctrl Pts',(12.0004019307389,-2.75761618510634,20.9785799855754));
#5480=CARTESIAN_POINT('Ctrl Pts',(12.1655261069604,-2.46727228374296,20.8865150979316));
#5481=CARTESIAN_POINT('Ctrl Pts',(12.219364828635,-2.39157730023694,20.8408377720973));
#5482=CARTESIAN_POINT('Ctrl Pts',(12.318446673546,-2.25059184345853,20.757253011665));
#5483=CARTESIAN_POINT('Ctrl Pts',(12.3860790194475,-2.18017940597692,20.6699876978847));
#5484=CARTESIAN_POINT('Ctrl Pts',(12.4906016554225,-2.06225129286696,20.5633940354042));
#5485=CARTESIAN_POINT('',(21.9078976477451,-8.30146303626596,24.9997166505763));
#5486=CARTESIAN_POINT('',(21.907897647748,-8.30146303664788,24.999716650093));
#5487=CARTESIAN_POINT('',(23.2673338489063,-6.0454540017251,24.0574469019697));
#5488=CARTESIAN_POINT('Ctrl Pts',(21.907897647748,-8.30146303664788,24.999716650093));
#5489=CARTESIAN_POINT('Ctrl Pts',(22.0351241698947,-8.03601635934787,24.9862857756558));
#5490=CARTESIAN_POINT('Ctrl Pts',(22.2288438029935,-7.65064096750574,24.9399551027391));
#5491=CARTESIAN_POINT('Ctrl Pts',(22.4576977178549,-7.2333841659608,24.8329014106869));
#5492=CARTESIAN_POINT('Ctrl Pts',(22.5724784695686,-7.03438809950721,24.7650634550427));
#5493=CARTESIAN_POINT('Ctrl Pts',(22.6381004310452,-6.92448085699228,24.7209639251946));
#5494=CARTESIAN_POINT('Ctrl Pts',(22.7037278420874,-6.8160664813105,24.6747934156341));
#5495=CARTESIAN_POINT('Ctrl Pts',(22.7856801832781,-6.68847830850494,24.6064097549438));
#5496=CARTESIAN_POINT('Ctrl Pts',(22.8510337963136,-6.58951763403061,24.5480425107751));
#5497=CARTESIAN_POINT('Ctrl Pts',(23.0114196154256,-6.37968460516596,24.3593420512195));
#5498=CARTESIAN_POINT('Ctrl Pts',(23.1393756600644,-6.21258960845257,24.2083697210786));
#5499=CARTESIAN_POINT('Ctrl Pts',(23.2673338489063,-6.0454540017251,24.0574469019697));
#5500=CARTESIAN_POINT('',(23.2673338489063,-6.0454540017251,24.0574469019697));
#5501=CARTESIAN_POINT('Origin',(23.2673338489063,-6.0454540017251,24.0574469019697));
#5502=CARTESIAN_POINT('',(12.5000001639128,-2.648265326096,19.7646433868568));
#5503=CARTESIAN_POINT('',(12.5000001639128,-3.331765101497,18.8238866533488));
#5504=CARTESIAN_POINT('',(12.4906016554225,-2.64429380241588,19.7622812483153));
#5505=CARTESIAN_POINT('',(23.2673338489063,-7.19821287852022,22.4708104252862));
#5506=CARTESIAN_POINT('',(12.4906016554225,-2.35327254764142,20.1628376418597));
#5507=CARTESIAN_POINT('Origin',(23.2673338489063,-6.0454540017251,24.0574469019697));
#5508=CARTESIAN_POINT('',(23.2673338489063,-7.19821287852022,22.4708104252862));
#5509=CARTESIAN_POINT('',(23.2673338489063,-7.19821287852022,22.4708104252862));
#5510=CARTESIAN_POINT('',(23.2673338489063,-7.19821287852022,22.4708104252862));
#5511=CARTESIAN_POINT('Origin',(23.2673338489063,-6.0454540017251,24.0574469019697));
#5512=CARTESIAN_POINT('',(23.2673338489063,-7.19821287852022,22.4708104252862));
#5513=CARTESIAN_POINT('Origin',(22.6766217074779,-7.45816355355892,23.8717247196803));
#5514=CARTESIAN_POINT('',(21.9078976480635,-8.79150979400207,24.325225153428));
#5515=CARTESIAN_POINT('Origin',(28.4536888457592,0.720867575350376,17.9293441054586));
#5516=CARTESIAN_POINT('Ctrl Pts',(23.2673338489063,-7.19821287852022,22.4708104252862));
#5517=CARTESIAN_POINT('Ctrl Pts',(23.1393756600644,-7.39339675193538,22.5831281172257));
#5518=CARTESIAN_POINT('Ctrl Pts',(23.0114196129297,-7.58861509729754,22.695391986174));
#5519=CARTESIAN_POINT('Ctrl Pts',(22.8510337928401,-7.8329218180872,22.8366434823425));
#5520=CARTESIAN_POINT('Ctrl Pts',(22.7856801796358,-7.91901288874221,22.9127242170345));
#5521=CARTESIAN_POINT('Ctrl Pts',(22.7037278380693,-8.02347650230275,23.0129361041079));
#5522=CARTESIAN_POINT('Ctrl Pts',(22.638100426833,-8.10088913685214,23.1017768502435));
#5523=CARTESIAN_POINT('Ctrl Pts',(22.5724784651689,-8.17679348055061,23.1926773558245));
#5524=CARTESIAN_POINT('Ctrl Pts',(22.4576977136741,-8.30280438136086,23.3609707732712));
#5525=CARTESIAN_POINT('Ctrl Pts',(22.2288437972025,-8.53355792344458,23.7247241845479));
#5526=CARTESIAN_POINT('Ctrl Pts',(22.0351241698947,-8.69670873879627,24.0769207295901));
#5527=CARTESIAN_POINT('Ctrl Pts',(21.907897647748,-8.79150979383527,24.3252251533147));
#5528=CARTESIAN_POINT('Ctrl Pts',(23.2673338489063,-7.19821287852022,22.4708104252862));
#5529=CARTESIAN_POINT('Ctrl Pts',(19.6672426453451,-5.67692389098041,21.5659951353138));
#5530=CARTESIAN_POINT('Ctrl Pts',(16.067151441784,-4.15563490344059,20.6611798453414));
#5531=CARTESIAN_POINT('Ctrl Pts',(12.4670602382228,-2.63434591590078,19.7563645553691));
#5532=CARTESIAN_POINT('Ctrl Pts',(23.1393756600644,-7.39339675193538,22.5831281172257));
#5533=CARTESIAN_POINT('Ctrl Pts',(19.5604477098754,-5.83986323237034,21.6596850361439));
#5534=CARTESIAN_POINT('Ctrl Pts',(15.9815188705457,-4.28621914542443,20.7363967852124));
#5535=CARTESIAN_POINT('Ctrl Pts',(12.4025909203567,-2.73268562585939,19.8129537041306));
#5536=CARTESIAN_POINT('Ctrl Pts',(23.0114196129297,-7.58861509729754,22.695391986174));
#5537=CARTESIAN_POINT('Ctrl Pts',(19.4536538211924,-6.00270079558908,21.7535119060489));
#5538=CARTESIAN_POINT('Ctrl Pts',(15.8958884732865,-4.41695700556619,20.8113958153194));
#5539=CARTESIAN_POINT('Ctrl Pts',(12.3381226815493,-2.83104270385773,19.8695157351942));
#5540=CARTESIAN_POINT('Ctrl Pts',(22.8510337928401,-7.8329218180872,22.8366434823425));
#5541=CARTESIAN_POINT('Ctrl Pts',(19.3197946105094,-6.20666375930234,21.8713151138244));
#5542=CARTESIAN_POINT('Ctrl Pts',(15.7885544961752,-4.58039009191464,20.9060110035252));
#5543=CARTESIAN_POINT('Ctrl Pts',(12.2573153138446,-2.95413203312979,19.9406826350071));
#5544=CARTESIAN_POINT('Ctrl Pts',(22.7856801796358,-7.91901288874221,22.9127242170345));
#5545=CARTESIAN_POINT('Ctrl Pts',(19.2652494165864,-6.27848989306543,21.9348503374215));
#5546=CARTESIAN_POINT('Ctrl Pts',(15.7448188926199,-4.6380303895375,20.9568883565501));
#5547=CARTESIAN_POINT('Ctrl Pts',(12.2243881295705,-2.99750739386071,19.9790144769371));
#5548=CARTESIAN_POINT('Ctrl Pts',(22.7037278380693,-8.02347650230275,23.0129361041079));
#5549=CARTESIAN_POINT('Ctrl Pts',(19.1968515645551,-6.36571344683443,22.0184358440067));
#5550=CARTESIAN_POINT('Ctrl Pts',(15.6899742628745,-4.70790246896787,21.0240046045503));
#5551=CARTESIAN_POINT('Ctrl Pts',(12.1830979893604,-3.05013941349955,20.0295043444491));
#5552=CARTESIAN_POINT('Ctrl Pts',(22.638100426833,-8.10088913685214,23.1017768502435));
#5553=CARTESIAN_POINT('Ctrl Pts',(19.1420785064818,-6.43035180827648,22.0925425990952));
#5554=CARTESIAN_POINT('Ctrl Pts',(15.6460547774679,-4.75967963660496,21.0834993284112));
#5555=CARTESIAN_POINT('Ctrl Pts',(12.1500328571167,-3.0891423080293,20.0742650772628));
#5556=CARTESIAN_POINT('Ctrl Pts',(22.5724784651689,-8.17679348055061,23.1926773558245));
#5557=CARTESIAN_POINT('Ctrl Pts',(19.0873096028079,-6.4936889449384,22.1684279677032));
#5558=CARTESIAN_POINT('Ctrl Pts',(15.602139332898,-4.8104898142994,21.1443129691104));
#5559=CARTESIAN_POINT('Ctrl Pts',(12.116970470537,-3.12738527868718,20.1200635809891));
#5560=CARTESIAN_POINT('Ctrl Pts',(22.4576977136741,-8.30280438136086,23.3609707732712));
#5561=CARTESIAN_POINT('Ctrl Pts',(18.9915125702518,-6.59884798535113,22.3089019751246));
#5562=CARTESIAN_POINT('Ctrl Pts',(15.5253254991383,-4.89482988824899,21.25692384049));
#5563=CARTESIAN_POINT('Ctrl Pts',(12.0591403557159,-3.19087349223925,20.2048550423434));
#5564=CARTESIAN_POINT('Ctrl Pts',(22.2288437972025,-8.53355792344458,23.7247241845479));
#5565=CARTESIAN_POINT('Ctrl Pts',(18.800508170563,-6.79144041694726,22.6124916637435));
#5566=CARTESIAN_POINT('Ctrl Pts',(15.3721722568225,-5.0492518147732,21.5003578525192));
#5567=CARTESIAN_POINT('Ctrl Pts',(11.943836630183,-3.30713430827588,20.3881253317147));
#5568=CARTESIAN_POINT('Ctrl Pts',(22.0351241698947,-8.69670873879627,24.0769207295901));
#5569=CARTESIAN_POINT('Ctrl Pts',(18.6388306228888,-6.92760456852897,22.9064344504073));
#5570=CARTESIAN_POINT('Ctrl Pts',(15.2425281999896,-5.15843893691338,21.7360591913859));
#5571=CARTESIAN_POINT('Ctrl Pts',(11.8462346529837,-3.38933476664607,20.5655729122031));
#5572=CARTESIAN_POINT('Ctrl Pts',(21.907897647748,-8.79150979383527,24.3252251533147));
#5573=CARTESIAN_POINT('Ctrl Pts',(18.5326430890219,-7.00670602541773,23.1137089050867));
#5574=CARTESIAN_POINT('Ctrl Pts',(15.1573885302958,-5.22190225700019,21.9021926568587));
#5575=CARTESIAN_POINT('Ctrl Pts',(11.7821339715696,-3.43709848858265,20.6906764086307));
#5576=CARTESIAN_POINT('',(11.7954976249893,-3.44416506639714,20.6954731678002));
#5577=CARTESIAN_POINT('',(1.5,2.,17.));
#5578=CARTESIAN_POINT('Ctrl Pts',(12.4906016554225,-2.64429380241588,19.7622812483153));
#5579=CARTESIAN_POINT('Ctrl Pts',(12.3860832659975,-2.78210659148926,19.8414950771087));
#5580=CARTESIAN_POINT('Ctrl Pts',(12.3184444266089,-2.88686741514464,19.8815012967197));
#5581=CARTESIAN_POINT('Ctrl Pts',(12.2193722632061,-3.0099166283622,19.9897458120479));
#5582=CARTESIAN_POINT('Ctrl Pts',(12.1655358332423,-3.0767466647173,20.0476186542535));
#5583=CARTESIAN_POINT('Ctrl Pts',(12.0004079177034,-3.25403345356328,20.2953004752038));
#5584=CARTESIAN_POINT('Ctrl Pts',(11.9032411116066,-3.35102433406822,20.4618737560326));
#5585=CARTESIAN_POINT('Ctrl Pts',(11.7954976248231,-3.44416506630932,20.6954731677404));
#5586=CARTESIAN_POINT('',(12.5000001639128,-2.68393868383093,19.7853204908065));
#5587=CARTESIAN_POINT('Origin',(21.6579165989464,0.869955630520886,17.8210154826669));
#5588=CARTESIAN_POINT('Origin',(14.7915011779014,1.46510542199822,17.3886236589175));
#5589=CARTESIAN_POINT('Origin',(22.5,-7.70820393249937,24.0534230275097));
#5590=CARTESIAN_POINT('Ctrl Pts',(21.907897647748,2.41685867013179,30.0361741330167));
#5591=CARTESIAN_POINT('Ctrl Pts',(18.5326430650853,2.34791457010882,27.8801261538311));
#5592=CARTESIAN_POINT('Ctrl Pts',(15.1573884824227,2.27897047008584,25.7240781746455));
#5593=CARTESIAN_POINT('Ctrl Pts',(11.78213389976,2.21002637006286,23.5680301954599));
#5594=CARTESIAN_POINT('Ctrl Pts',(22.0351241698947,2.56201850664986,29.813528790061));
#5595=CARTESIAN_POINT('Ctrl Pts',(18.638830598803,2.4691084564803,27.6942988635518));
#5596=CARTESIAN_POINT('Ctrl Pts',(15.242528151818,2.37607246303842,25.5750844697809));
#5597=CARTESIAN_POINT('Ctrl Pts',(11.8462345807263,2.28316241286886,23.4558545432716));
#5598=CARTESIAN_POINT('Ctrl Pts',(22.2288437788135,2.75105282864572,29.4745211048929));
#5599=CARTESIAN_POINT('Ctrl Pts',(18.800508127861,2.6268768607127,27.4113645484581));
#5600=CARTESIAN_POINT('Ctrl Pts',(15.3721721989315,2.50257975470332,25.3482084784805));
#5601=CARTESIAN_POINT('Ctrl Pts',(11.943836547979,2.37840378677031,23.2850519220457));
#5602=CARTESIAN_POINT('Ctrl Pts',(22.4576977004213,2.90970206903807,29.0740286682264));
#5603=CARTESIAN_POINT('Ctrl Pts',(18.9915125324175,2.75928316479957,27.0771084480713));
#5604=CARTESIAN_POINT('Ctrl Pts',(15.5253254432982,2.60875511525777,25.0801915898517));
#5605=CARTESIAN_POINT('Ctrl Pts',(12.0591402752944,2.45833621101928,23.0832713696966));
#5606=CARTESIAN_POINT('Ctrl Pts',(22.5724784512211,2.9717869277141,28.8731633203776));
#5607=CARTESIAN_POINT('Ctrl Pts',(19.0873095641441,2.81111806394349,26.9094644488243));
#5608=CARTESIAN_POINT('Ctrl Pts',(15.6021392764386,2.65028535858361,24.9457680283589));
#5609=CARTESIAN_POINT('Ctrl Pts',(12.1169703893615,2.489616494813,22.9820691568057));
#5610=CARTESIAN_POINT('Ctrl Pts',(22.6381004134821,3.00071156853151,28.7583254387277));
#5611=CARTESIAN_POINT('Ctrl Pts',(19.1420784683378,2.83528202270176,26.8136193274474));
#5612=CARTESIAN_POINT('Ctrl Pts',(15.6460547211552,2.66961917478034,24.8689163697188));
#5613=CARTESIAN_POINT('Ctrl Pts',(12.150032776011,2.50418962895059,22.9242102584385));
#5614=CARTESIAN_POINT('Ctrl Pts',(22.7037278253348,3.02708331406838,28.6434780203376));
#5615=CARTESIAN_POINT('Ctrl Pts',(19.1968515269506,2.85724224839645,26.7177669358716));
#5616=CARTESIAN_POINT('Ctrl Pts',(15.6899742067185,2.6873176006753,24.7920576396309));
#5617=CARTESIAN_POINT('Ctrl Pts',(12.1830979083344,2.51747653500338,22.8663465551648));
#5618=CARTESIAN_POINT('Ctrl Pts',(22.7856801680973,3.04675440726698,28.5000621102545));
#5619=CARTESIAN_POINT('Ctrl Pts',(19.2652493800818,2.87359577009571,26.598071268562));
#5620=CARTESIAN_POINT('Ctrl Pts',(15.7448188368743,2.70054608106463,24.6960799984577));
#5621=CARTESIAN_POINT('Ctrl Pts',(12.2243880488588,2.52738744389335,22.7940891567653));
#5622=CARTESIAN_POINT('Ctrl Pts',(22.851033781836,3.057701994266,28.3856938362599));
#5623=CARTESIAN_POINT('Ctrl Pts',(19.3197945744626,2.88277854493336,26.5026176374748));
#5624=CARTESIAN_POINT('Ctrl Pts',(15.7885544405455,2.70782662822948,24.6195430601334));
#5625=CARTESIAN_POINT('Ctrl Pts',(12.2573152331721,2.53290317889683,22.7364668613484));
#5626=CARTESIAN_POINT('Ctrl Pts',(23.0114196050255,3.02837726041851,28.1050199955642));
#5627=CARTESIAN_POINT('Ctrl Pts',(19.4536537880574,2.85819721275217,26.268365140309));
#5628=CARTESIAN_POINT('Ctrl Pts',(15.8958884188424,2.68830851310669,24.4317095014893));
#5629=CARTESIAN_POINT('Ctrl Pts',(12.3381226018742,2.51812846544035,22.5950546462341));
#5630=CARTESIAN_POINT('Ctrl Pts',(23.1393756600644,3.00445455111156,27.8810979761868));
#5631=CARTESIAN_POINT('Ctrl Pts',(19.5604476844945,2.83839160412462,26.0814767203737));
#5632=CARTESIAN_POINT('Ctrl Pts',(15.9815188197837,2.67213840703767,24.2818570205494));
#5633=CARTESIAN_POINT('Ctrl Pts',(12.4025908442138,2.50607546005073,22.4822357647362));
#5634=CARTESIAN_POINT('Ctrl Pts',(23.2673338489063,2.9805952703808,27.6571722226725));
#5635=CARTESIAN_POINT('Ctrl Pts',(19.6672426198141,2.81841498423774,25.894586482403));
#5636=CARTESIAN_POINT('Ctrl Pts',(16.0671513907219,2.65623469809467,24.1320007421334));
#5637=CARTESIAN_POINT('Ctrl Pts',(12.4670601616296,2.49405441195161,22.3694150018639));
#5638=CARTESIAN_POINT('',(12.5000001639128,2.49553832406824,22.3855422538178));
#5639=CARTESIAN_POINT('',(12.5000001639128,2.49553832406824,22.3855422538178));
#5640=CARTESIAN_POINT('',(12.4906016554225,2.4951149312431,22.3809407934685));
#5641=CARTESIAN_POINT('',(23.2673338489063,2.9805952703808,27.6571722226725));
#5642=CARTESIAN_POINT('',(11.7954976250005,2.21029934292809,23.5765666865567));
#5643=CARTESIAN_POINT('Ctrl Pts',(11.7954976251738,2.21029934250085,23.5765666863748));
#5644=CARTESIAN_POINT('Ctrl Pts',(11.9032663220851,2.34456989721064,23.3638582035175));
#5645=CARTESIAN_POINT('Ctrl Pts',(12.0004110688009,2.42228697208488,23.1875269690349));
#5646=CARTESIAN_POINT('Ctrl Pts',(12.1655258646801,2.51845912911814,22.8985359030066));
#5647=CARTESIAN_POINT('Ctrl Pts',(12.2193649403584,2.5259981876574,22.8104482824434));
#5648=CARTESIAN_POINT('Ctrl Pts',(12.3184547777624,2.54124720710252,22.6472456005332));
#5649=CARTESIAN_POINT('Ctrl Pts',(12.3861073756459,2.51203001978531,22.5389579433955));
#5650=CARTESIAN_POINT('Ctrl Pts',(12.4906016554225,2.4951149312431,22.3809407934685));
#5651=CARTESIAN_POINT('',(21.9078976477451,2.4168586707473,30.0361741329918));
#5652=CARTESIAN_POINT('',(21.907897647748,2.41685867013179,30.0361741330167));
#5653=CARTESIAN_POINT('',(23.2673338489063,2.9805952703808,27.6571722226725));
#5654=CARTESIAN_POINT('Ctrl Pts',(21.907897647748,2.41685867013179,30.0361741330167));
#5655=CARTESIAN_POINT('Ctrl Pts',(22.0351241698947,2.56201850664986,29.813528790061));
#5656=CARTESIAN_POINT('Ctrl Pts',(22.2288437788135,2.75105282864572,29.4745211048929));
#5657=CARTESIAN_POINT('Ctrl Pts',(22.4576977004213,2.90970206903807,29.0740286682264));
#5658=CARTESIAN_POINT('Ctrl Pts',(22.5724784512211,2.9717869277141,28.8731633203776));
#5659=CARTESIAN_POINT('Ctrl Pts',(22.6381004134821,3.00071156853151,28.7583254387277));
#5660=CARTESIAN_POINT('Ctrl Pts',(22.7037278253348,3.02708331406838,28.6434780203376));
#5661=CARTESIAN_POINT('Ctrl Pts',(22.7856801680973,3.04675440726698,28.5000621102545));
#5662=CARTESIAN_POINT('Ctrl Pts',(22.851033781836,3.057701994266,28.3856938362599));
#5663=CARTESIAN_POINT('Ctrl Pts',(23.0114196050255,3.02837726041851,28.1050199955642));
#5664=CARTESIAN_POINT('Ctrl Pts',(23.1393756600644,3.00445455111156,27.8810979761868));
#5665=CARTESIAN_POINT('Ctrl Pts',(23.2673338489063,2.9805952703808,27.6571722226725));
#5666=CARTESIAN_POINT('',(23.2673338489063,2.9805952703808,27.6571722226725));
#5667=CARTESIAN_POINT('Origin',(23.2673338489063,2.9805952703808,27.6571722226725));
#5668=CARTESIAN_POINT('',(12.5000001639128,1.5044616759318,22.3855422538178));
#5669=CARTESIAN_POINT('',(12.5000001639128,2.26123349000565,22.3855422538178));
#5670=CARTESIAN_POINT('',(12.4906016554225,1.50488506875695,22.3809407934685));
#5671=CARTESIAN_POINT('',(23.2673338489063,1.01940472961928,27.6571722226725));
#5672=CARTESIAN_POINT('',(12.4906016554225,2.,22.3809407934685));
#5673=CARTESIAN_POINT('Origin',(23.2673338489063,2.9805952703808,27.6571722226725));
#5674=CARTESIAN_POINT('',(23.2673338489063,1.01940472961928,27.6571722226725));
#5675=CARTESIAN_POINT('',(23.2673338489063,1.01940472961928,27.6571722226725));
#5676=CARTESIAN_POINT('',(23.2673338489063,1.01940472961928,27.6571722226725));
#5677=CARTESIAN_POINT('Origin',(23.2673338489063,2.9805952703808,27.6571722226725));
#5678=CARTESIAN_POINT('',(23.2673338489063,1.01940472961928,27.6571722226725));
#5679=CARTESIAN_POINT('Origin',(22.6766217074779,1.9999730283357,28.6909134984486));
#5680=CARTESIAN_POINT('',(21.9078976480635,1.58314132986188,30.0361741332182));
#5681=CARTESIAN_POINT('Origin',(28.4536888457592,2.00000000000005,18.5810946290911));
#5682=CARTESIAN_POINT('Ctrl Pts',(23.2673338489063,1.01940472961928,27.6571722226725));
#5683=CARTESIAN_POINT('Ctrl Pts',(23.1393756600644,0.995545448888527,27.8810979761868));
#5684=CARTESIAN_POINT('Ctrl Pts',(23.0114195923679,0.971623340594631,28.1050200177146));
#5685=CARTESIAN_POINT('Ctrl Pts',(22.8510337642024,0.942299078324873,28.3856938671182));
#5686=CARTESIAN_POINT('Ctrl Pts',(22.7856801496093,0.953246731620669,28.500062142608));
#5687=CARTESIAN_POINT('Ctrl Pts',(22.7037278049147,0.972918059538697,28.6434780560726));
#5688=CARTESIAN_POINT('Ctrl Pts',(22.6381003920666,0.999289929783039,28.7583254762045));
#5689=CARTESIAN_POINT('Ctrl Pts',(22.5724784288399,1.02821463662918,28.8731633595444));
#5690=CARTESIAN_POINT('Ctrl Pts',(22.4576976791585,1.09029945217429,29.074028705436));
#5691=CARTESIAN_POINT('Ctrl Pts',(22.228843749202,1.24894881965464,29.4745211567118));
#5692=CARTESIAN_POINT('Ctrl Pts',(22.0351241698947,1.4379814933502,29.813528790061));
#5693=CARTESIAN_POINT('Ctrl Pts',(21.907897647748,1.58314132986829,30.0361741330167));
#5694=CARTESIAN_POINT('Ctrl Pts',(23.2673338489063,1.01940472961928,27.6571722226725));
#5695=CARTESIAN_POINT('Ctrl Pts',(19.6672426453451,1.18158501461218,25.8945864949028));
#5696=CARTESIAN_POINT('Ctrl Pts',(16.067151441784,1.34376529960509,24.1320007671332));
#5697=CARTESIAN_POINT('Ctrl Pts',(12.4670602382228,1.50594558459799,22.3694150393635));
#5698=CARTESIAN_POINT('Ctrl Pts',(23.1393756600644,0.995545448888527,27.8810979761868));
#5699=CARTESIAN_POINT('Ctrl Pts',(19.5604477098754,1.16160839469777,26.0814767331362));
#5700=CARTESIAN_POINT('Ctrl Pts',(15.9815188705457,1.32786159060568,24.2818570460744));
#5701=CARTESIAN_POINT('Ctrl Pts',(12.4025909203567,1.49392453641492,22.4822358030237));
#5702=CARTESIAN_POINT('Ctrl Pts',(23.0114195923679,0.971623340594631,28.1050200177146));
#5703=CARTESIAN_POINT('Ctrl Pts',(19.4536538006307,1.14180338705408,26.2683651754845));
#5704=CARTESIAN_POINT('Ctrl Pts',(15.8958884629269,1.31169178729076,24.4317095386997));
#5705=CARTESIAN_POINT('Ctrl Pts',(12.3381226711896,1.4818718337502,22.5950546964696));
#5706=CARTESIAN_POINT('Ctrl Pts',(22.8510337642024,0.942299078324873,28.3856938671182));
#5707=CARTESIAN_POINT('Ctrl Pts',(19.3197945818718,1.11722252641699,26.5026176816876));
#5708=CARTESIAN_POINT('Ctrl Pts',(15.7885544817467,1.29217390969396,24.6195431023895));
#5709=CARTESIAN_POINT('Ctrl Pts',(12.257315299416,1.46709735778607,22.7364669169588));
#5710=CARTESIAN_POINT('Ctrl Pts',(22.7856801496093,0.953246731620669,28.500062142608));
#5711=CARTESIAN_POINT('Ctrl Pts',(19.26524938656,1.12640536756393,26.5980713144041));
#5712=CARTESIAN_POINT('Ctrl Pts',(15.7448188774917,1.2994544902872,24.6960800417354));
#5713=CARTESIAN_POINT('Ctrl Pts',(12.2243881144423,1.47261312623046,22.7940892135315));
#5714=CARTESIAN_POINT('Ctrl Pts',(22.7037278049147,0.972918059538697,28.6434780560726));
#5715=CARTESIAN_POINT('Ctrl Pts',(19.1968515314006,1.14275912400613,26.7177669852633));
#5716=CARTESIAN_POINT('Ctrl Pts',(15.6899742461702,1.31268308898116,24.7920576849487));
#5717=CARTESIAN_POINT('Ctrl Pts',(12.1830979726561,1.4825241534486,22.8663466141394));
#5718=CARTESIAN_POINT('Ctrl Pts',(22.6381003920666,0.999289929783039,28.7583254762045));
#5719=CARTESIAN_POINT('Ctrl Pts',(19.1420784717153,1.16471947443958,26.8136193787156));
#5720=CARTESIAN_POINT('Ctrl Pts',(15.6460547599515,1.33038157776914,24.8689164161836));
#5721=CARTESIAN_POINT('Ctrl Pts',(12.1500328396002,1.49581112242568,22.9242103186947));
#5722=CARTESIAN_POINT('Ctrl Pts',(22.5724784288399,1.02821463662918,28.8731633595444));
#5723=CARTESIAN_POINT('Ctrl Pts',(19.0873095664789,1.18888349926035,26.9094645019172));
#5724=CARTESIAN_POINT('Ctrl Pts',(15.6021393145944,1.34971542730122,24.9457680759446));
#5725=CARTESIAN_POINT('Ctrl Pts',(12.1169704522334,1.51038428993239,22.9820692183175));
#5726=CARTESIAN_POINT('Ctrl Pts',(22.4576976791585,1.09029945217429,29.074028705436));
#5727=CARTESIAN_POINT('Ctrl Pts',(18.9915125357361,1.24071835534603,27.0771084994426));
#5728=CARTESIAN_POINT('Ctrl Pts',(15.5253254817482,1.39124564904212,25.0801916369225));
#5729=CARTESIAN_POINT('Ctrl Pts',(12.0591403383259,1.54166455221386,23.0832714309291));
#5730=CARTESIAN_POINT('Ctrl Pts',(22.228843749202,1.24894881965464,29.4745211567118));
#5731=CARTESIAN_POINT('Ctrl Pts',(18.8005081225626,1.37312478670701,27.4113646149084));
#5732=CARTESIAN_POINT('Ctrl Pts',(15.3721722326383,1.4974210739996,25.3482085338514));
#5733=CARTESIAN_POINT('Ctrl Pts',(11.9438366059989,1.62159704105197,23.285051992048));
#5734=CARTESIAN_POINT('Ctrl Pts',(22.0351241698947,1.4379814933502,29.813528790061));
#5735=CARTESIAN_POINT('Ctrl Pts',(18.6388306228888,1.53089154286085,27.6942988785809));
#5736=CARTESIAN_POINT('Ctrl Pts',(15.2425281999896,1.62392753564294,25.575084499839));
#5737=CARTESIAN_POINT('Ctrl Pts',(11.8462346529837,1.71683758515359,23.4558545883589));
#5738=CARTESIAN_POINT('Ctrl Pts',(21.907897647748,1.58314132986829,30.0361741330167));
#5739=CARTESIAN_POINT('Ctrl Pts',(18.5326430890219,1.65208542940231,27.8801261691213));
#5740=CARTESIAN_POINT('Ctrl Pts',(15.1573885302958,1.72102952893634,25.724078205226));
#5741=CARTESIAN_POINT('Ctrl Pts',(11.7821339715696,1.78997362847037,23.5680302413306));
#5742=CARTESIAN_POINT('',(11.7954976249893,1.78970065793288,23.5765666871732));
#5743=CARTESIAN_POINT('',(1.5,2.,17.));
#5744=CARTESIAN_POINT('Ctrl Pts',(12.4906016554225,1.50488506875694,22.3809407934685));
#5745=CARTESIAN_POINT('Ctrl Pts',(12.3861391359127,1.4879751214294,22.5389099152465));
#5746=CARTESIAN_POINT('Ctrl Pts',(12.3184603888016,1.45875321506772,22.6472364676096));
#5747=CARTESIAN_POINT('Ctrl Pts',(12.2193724852079,1.47400099305959,22.8104358226685));
#5748=CARTESIAN_POINT('Ctrl Pts',(12.1655353520117,1.48154018542857,22.8985205207896));
#5749=CARTESIAN_POINT('Ctrl Pts',(12.000459359434,1.57768182058591,23.1874412909699));
#5750=CARTESIAN_POINT('Ctrl Pts',(11.903301327656,1.65538648875361,23.363789111232));
#5751=CARTESIAN_POINT('Ctrl Pts',(11.7954976248231,1.78970065793611,23.576566687067));
#5752=CARTESIAN_POINT('',(12.5000001639128,1.50022154341187,22.4265563036909));
#5753=CARTESIAN_POINT('Origin',(21.6579165989389,1.99999206330651,18.3968058919451));
#5754=CARTESIAN_POINT('Origin',(14.7915011779043,2.00000000000003,17.6611660592363));
#5755=CARTESIAN_POINT('Origin',(22.5,2.,29.));
#5756=CARTESIAN_POINT('Ctrl Pts',(21.907897647748,-1.63194319413028,29.5269547700871));
#5757=CARTESIAN_POINT('Ctrl Pts',(18.5326430650853,-1.03125746346113,27.4551263914687));
#5758=CARTESIAN_POINT('Ctrl Pts',(15.1573884824227,-0.430571732791976,25.3832980128502));
#5759=CARTESIAN_POINT('Ctrl Pts',(11.78213389976,0.170113997877176,23.3114696342318));
#5760=CARTESIAN_POINT('Ctrl Pts',(22.0351241698947,-1.42508679101373,29.3600633222314));
#5761=CARTESIAN_POINT('Ctrl Pts',(18.638830598803,-0.858571437377455,27.3158451066464));
#5762=CARTESIAN_POINT('Ctrl Pts',(15.242528151818,-0.292180662791152,25.271602744962));
#5763=CARTESIAN_POINT('Ctrl Pts',(11.8462345807263,0.274334690845118,23.227384529377));
#5764=CARTESIAN_POINT('Ctrl Pts',(22.228843734079,-1.14054772271035,29.0960619775032));
#5765=CARTESIAN_POINT('Ctrl Pts',(18.8005080831265,-0.621095648185838,27.0955110059845));
#5766=CARTESIAN_POINT('Ctrl Pts',(15.3721721763929,-0.101757746615988,25.0949234080743));
#5767=CARTESIAN_POINT('Ctrl Pts',(11.9438365254404,0.417694327908522,23.0943724365556));
#5768=CARTESIAN_POINT('Ctrl Pts',(22.4576976683358,-0.865904169561175,28.7641963858425));
#5769=CARTESIAN_POINT('Ctrl Pts',(18.991512500332,-0.39187876417228,26.8185304002575));
#5770=CARTESIAN_POINT('Ctrl Pts',(15.5253254271326,0.0820428911139499,24.8728342098755));
#5771=CARTESIAN_POINT('Ctrl Pts',(12.0591402591288,0.556068296502845,22.9271682242905));
#5772=CARTESIAN_POINT('Ctrl Pts',(22.5724784174463,-0.744787216848527,28.5923473470133));
#5773=CARTESIAN_POINT('Ctrl Pts',(19.0873095303692,-0.29077606355845,26.6751093298091));
#5774=CARTESIAN_POINT('Ctrl Pts',(15.6021392594218,0.163079632977155,24.7578233480342));
#5775=CARTESIAN_POINT('Ctrl Pts',(12.1169703723447,0.617090786267231,22.84058533083));
#5776=CARTESIAN_POINT('Ctrl Pts',(22.6381003811683,-0.681791295890501,28.49206826536));
#5777=CARTESIAN_POINT('Ctrl Pts',(19.142078436024,-0.238176905989197,26.5914223049147));
#5778=CARTESIAN_POINT('Ctrl Pts',(15.6460547048745,0.205215701688276,24.6907075693956));
#5779=CARTESIAN_POINT('Ctrl Pts',(12.1500327597303,0.64883009158958,22.7900616089503));
#5780=CARTESIAN_POINT('Ctrl Pts',(22.7037277945259,-0.621220291123745,28.3909912530719));
#5781=CARTESIAN_POINT('Ctrl Pts',(19.1968514961418,-0.187671292009332,26.5070474020533));
#5782=CARTESIAN_POINT('Ctrl Pts',(15.6899741911961,0.245798649560402,24.6230797158049));
#5783=CARTESIAN_POINT('Ctrl Pts',(12.1830978928119,0.679347648674815,22.7391358647863));
#5784=CARTESIAN_POINT('Ctrl Pts',(22.7856801402107,-0.558193676864644,28.2606734242473));
#5785=CARTESIAN_POINT('Ctrl Pts',(19.2652493521952,-0.135129833870706,26.3982636787133));
#5786=CARTESIAN_POINT('Ctrl Pts',(15.7448188228241,0.288038575243439,24.5358874328526));
#5787=CARTESIAN_POINT('Ctrl Pts',(12.2243880348086,0.711102418237378,22.6734776873186));
#5788=CARTESIAN_POINT('Ctrl Pts',(22.8510337552372,-0.512440066825717,28.1552857511963));
#5789=CARTESIAN_POINT('Ctrl Pts',(19.3197945478638,-0.0968996060388032,
26.310319543103));
#5790=CARTESIAN_POINT('Ctrl Pts',(15.7885544271442,0.318614049975514,24.4653463062139));
#5791=CARTESIAN_POINT('Ctrl Pts',(12.2573152197708,0.734154510762428,22.6203800981206));
#5792=CARTESIAN_POINT('Ctrl Pts',(23.011419585937,-0.453595877706815,27.8792874326073));
#5793=CARTESIAN_POINT('Ctrl Pts',(19.4536537689688,-0.0478891579081903,
26.0799363374993));
#5794=CARTESIAN_POINT('Ctrl Pts',(15.895888409225,0.358095324589597,24.2806746516473));
#5795=CARTESIAN_POINT('Ctrl Pts',(12.3381225922568,0.763802044388221,22.4813235565393));
#5796=CARTESIAN_POINT('Ctrl Pts',(23.1393756600644,-0.40715114594361,27.6589326610692));
#5797=CARTESIAN_POINT('Ctrl Pts',(19.5604476844945,-0.00897284230606386,
25.8960748661099));
#5798=CARTESIAN_POINT('Ctrl Pts',(15.9815188197837,0.389024041907144,24.1331597604698));
#5799=CARTESIAN_POINT('Ctrl Pts',(12.4025908442138,0.787202345544691,22.3703019655105));
#5800=CARTESIAN_POINT('Ctrl Pts',(23.2673338489063,-0.360645807042561,27.4385936908037));
#5801=CARTESIAN_POINT('Ctrl Pts',(19.6672426198141,0.0297805227926972,25.7121585724207));
#5802=CARTESIAN_POINT('Ctrl Pts',(16.0671513907219,0.420206852627956,23.9857234540376));
#5803=CARTESIAN_POINT('Ctrl Pts',(12.4670601616296,0.810633182463214,22.2592883356546));
#5804=CARTESIAN_POINT('',(12.5000001639128,0.807060871825014,22.2750848177775));
#5805=CARTESIAN_POINT('',(12.5000001639128,0.807060871825014,22.2750848177775));
#5806=CARTESIAN_POINT('',(12.4906016554225,0.808080130766599,22.2705777333495));
#5807=CARTESIAN_POINT('',(23.2673338489063,-0.360645807042561,27.4385936908037));
#5808=CARTESIAN_POINT('',(11.7954976250005,0.167735689678213,23.31967267297));
#5809=CARTESIAN_POINT('Ctrl Pts',(11.7954976251738,0.167735689328098,23.319672672665));
#5810=CARTESIAN_POINT('Ctrl Pts',(11.9032780643967,0.361186187154763,23.1588492460575));
#5811=CARTESIAN_POINT('Ctrl Pts',(12.0004279881092,0.489585378426477,23.0151562247646));
#5812=CARTESIAN_POINT('Ctrl Pts',(12.1655254155225,0.67033431500758,22.770053986885));
#5813=CARTESIAN_POINT('Ctrl Pts',(12.2193651481355,0.704726023271978,22.6886064871561));
#5814=CARTESIAN_POINT('Ctrl Pts',(12.3184695494061,0.769670839604852,22.5380816644579));
#5815=CARTESIAN_POINT('Ctrl Pts',(12.3861590887903,0.775353555283103,22.4260110628517));
#5816=CARTESIAN_POINT('Ctrl Pts',(12.4906016554225,0.808080130766601,22.2705777333495));
#5817=CARTESIAN_POINT('',(21.9078976477451,-1.63194319353721,29.5269547702537));
#5818=CARTESIAN_POINT('',(21.907897647748,-1.63194319413028,29.5269547700871));
#5819=CARTESIAN_POINT('',(23.2673338489063,-0.360645807042561,27.4385936908037));
#5820=CARTESIAN_POINT('Ctrl Pts',(21.907897647748,-1.63194319413028,29.5269547700871));
#5821=CARTESIAN_POINT('Ctrl Pts',(22.0351241698947,-1.42508679101373,29.3600633222314));
#5822=CARTESIAN_POINT('Ctrl Pts',(22.228843734079,-1.14054772271035,29.0960619775032));
#5823=CARTESIAN_POINT('Ctrl Pts',(22.4576976683358,-0.865904169561175,28.7641963858425));
#5824=CARTESIAN_POINT('Ctrl Pts',(22.5724784174463,-0.744787216848527,28.5923473470133));
#5825=CARTESIAN_POINT('Ctrl Pts',(22.6381003811683,-0.681791295890501,28.49206826536));
#5826=CARTESIAN_POINT('Ctrl Pts',(22.7037277945259,-0.621220291123745,28.3909912530719));
#5827=CARTESIAN_POINT('Ctrl Pts',(22.7856801402107,-0.558193676864644,28.2606734242473));
#5828=CARTESIAN_POINT('Ctrl Pts',(22.8510337552372,-0.512440066825717,28.1552857511963));
#5829=CARTESIAN_POINT('Ctrl Pts',(23.011419585937,-0.453595877706815,27.8792874326073));
#5830=CARTESIAN_POINT('Ctrl Pts',(23.1393756600644,-0.40715114594361,27.6589326610692));
#5831=CARTESIAN_POINT('Ctrl Pts',(23.2673338489063,-0.360645807042561,27.4385936908037));
#5832=CARTESIAN_POINT('',(23.2673338489063,-0.360645807042561,27.4385936908037));
#5833=CARTESIAN_POINT('Origin',(23.2673338489063,-0.360645807042561,27.4385936908037));
#5834=CARTESIAN_POINT('',(12.5000001639128,-0.135509032533106,21.9688252907752));
#5835=CARTESIAN_POINT('',(12.5000001639128,-0.136754718522725,21.9684205428618));
#5836=CARTESIAN_POINT('',(12.4906016554225,-0.133684432580907,21.9645798775037));
#5837=CARTESIAN_POINT('',(23.2673338489063,-2.22584885053022,26.832552484501));
#5838=CARTESIAN_POINT('',(12.4906016554225,0.337197849092825,22.1175788054266));
#5839=CARTESIAN_POINT('Origin',(23.2673338489063,-0.360645807042561,27.4385936908037));
#5840=CARTESIAN_POINT('',(23.2673338489063,-2.22584885053023,26.832552484501));
#5841=CARTESIAN_POINT('',(23.2673338489063,-2.22584885053023,26.832552484501));
#5842=CARTESIAN_POINT('',(23.2673338489063,-2.22584885053022,26.832552484501));
#5843=CARTESIAN_POINT('Origin',(23.2673338489063,-0.360645807042561,27.4385936908037));
#5844=CARTESIAN_POINT('',(23.2673338489063,-2.22584885053023,26.832552484501));
#5845=CARTESIAN_POINT('Origin',(22.6766217074779,-1.61271660236518,28.1187111294399));
#5846=CARTESIAN_POINT('',(21.9078976480635,-2.42485550340452,29.2693219436303));
#5847=CARTESIAN_POINT('Origin',(28.4536888457592,1.51141488989594,18.5037103498764));
#5848=CARTESIAN_POINT('Ctrl Pts',(23.2673338489063,-2.22584885053023,26.832552484501));
#5849=CARTESIAN_POINT('Ctrl Pts',(23.1393756600644,-2.31773723825747,27.0381456083278));
#5850=CARTESIAN_POINT('Ctrl Pts',(23.0114195934087,-2.4096842777809,27.243715770102));
#5851=CARTESIAN_POINT('Ctrl Pts',(22.851033765653,-2.5243063346194,27.5015907554381));
#5852=CARTESIAN_POINT('Ctrl Pts',(22.7856801511301,-2.54923624350651,27.6137444582149));
#5853=CARTESIAN_POINT('Ctrl Pts',(22.7037278065951,-2.57484567181474,27.7562198656172));
#5854=CARTESIAN_POINT('Ctrl Pts',(22.6381003938292,-2.58525434712013,27.8735956056672));
#5855=CARTESIAN_POINT('Ctrl Pts',(22.5724784306824,-2.59323217889258,27.9917511470875));
#5856=CARTESIAN_POINT('Ctrl Pts',(22.4576976809088,-2.59625681264531,28.2019707075406));
#5857=CARTESIAN_POINT('Ctrl Pts',(22.2288437516445,-2.5691312811322,28.6318870093349));
#5858=CARTESIAN_POINT('Ctrl Pts',(22.0351241698947,-2.49410951706929,29.0127167828153));
#5859=CARTESIAN_POINT('Ctrl Pts',(21.907897647748,-2.42485550333615,29.2693219434406));
#5860=CARTESIAN_POINT('Ctrl Pts',(23.2673338489063,-2.22584885053023,26.832552484501));
#5861=CARTESIAN_POINT('Ctrl Pts',(19.6672426453451,-1.52693728974956,25.2063503067922));
#5862=CARTESIAN_POINT('Ctrl Pts',(16.067151441784,-0.828025728968888,23.5801481290834));
#5863=CARTESIAN_POINT('Ctrl Pts',(12.4670602382228,-0.129114168188219,21.9539459513746));
#5864=CARTESIAN_POINT('Ctrl Pts',(23.1393756600644,-2.31773723825747,27.0381456083278));
#5865=CARTESIAN_POINT('Ctrl Pts',(19.5604477098754,-1.60368844398961,25.3779203706523));
#5866=CARTESIAN_POINT('Ctrl Pts',(15.9815188705457,-0.889459191952666,23.7177554033238));
#5867=CARTESIAN_POINT('Ctrl Pts',(12.4025909203567,-0.175410397684809,22.0575301656484));
#5868=CARTESIAN_POINT('Ctrl Pts',(23.0114195934087,-2.4096842777809,27.243715770102));
#5869=CARTESIAN_POINT('Ctrl Pts',(19.4536538016715,-1.68027587660211,25.5495417406735));
#5870=CARTESIAN_POINT('Ctrl Pts',(15.8958884634513,-0.951144578960471,23.8552768403538));
#5871=CARTESIAN_POINT('Ctrl Pts',(12.338122671714,-0.221736177781682,22.1611028109254));
#5872=CARTESIAN_POINT('Ctrl Pts',(22.851033765653,-2.5243063346194,27.5015907554381));
#5873=CARTESIAN_POINT('Ctrl Pts',(19.3197945833223,-1.77604170645775,25.7647331967792));
#5874=CARTESIAN_POINT('Ctrl Pts',(15.7885544824775,-1.02775096545769,24.0278858128078));
#5875=CARTESIAN_POINT('Ctrl Pts',(12.2573153001469,-0.279486337296048,22.2910282541488));
#5876=CARTESIAN_POINT('Ctrl Pts',(22.7856801511301,-2.54923624350651,27.6137444582149));
#5877=CARTESIAN_POINT('Ctrl Pts',(19.2652493880807,-1.7968051053796,25.8583526483472));
#5878=CARTESIAN_POINT('Ctrl Pts',(15.7448188782579,-1.0444779393914,24.1029265899342));
#5879=CARTESIAN_POINT('Ctrl Pts',(12.2243881152085,-0.292046801264494,22.3475347800665));
#5880=CARTESIAN_POINT('Ctrl Pts',(22.7037278065951,-2.57484567181474,27.7562198656172));
#5881=CARTESIAN_POINT('Ctrl Pts',(19.196851533081,-1.81823977358243,25.9772435784855));
#5882=CARTESIAN_POINT('Ctrl Pts',(15.6899742470169,-1.06155552649769,24.1982946115815));
#5883=CARTESIAN_POINT('Ctrl Pts',(12.1830979735027,-0.304949628265375,22.4193183244497));
#5884=CARTESIAN_POINT('Ctrl Pts',(22.6381003938292,-2.58525434712013,27.8735956056672));
#5885=CARTESIAN_POINT('Ctrl Pts',(19.142078473478,-1.82697426749814,26.0751907400421));
#5886=CARTESIAN_POINT('Ctrl Pts',(15.6460547608395,-1.06847392244605,24.2768607408916));
#5887=CARTESIAN_POINT('Ctrl Pts',(12.1500328404883,-0.310193842824063,22.4784558752665));
#5888=CARTESIAN_POINT('Ctrl Pts',(22.5724784306824,-2.59323217889258,27.9917511470875));
#5889=CARTESIAN_POINT('Ctrl Pts',(19.0873095683214,-1.83361069128002,26.1738119615198));
#5890=CARTESIAN_POINT('Ctrl Pts',(15.6021393155227,-1.07383481037046,24.3559254998503));
#5891=CARTESIAN_POINT('Ctrl Pts',(12.1169704531617,-0.314213322757905,22.5379863142826));
#5892=CARTESIAN_POINT('Ctrl Pts',(22.4576976809088,-2.59625681264531,28.2019707075406));
#5893=CARTESIAN_POINT('Ctrl Pts',(18.9915125374864,-1.83611765454718,26.3492687304645));
#5894=CARTESIAN_POINT('Ctrl Pts',(15.5253254826301,-1.07587638547362,24.4966034483893));
#5895=CARTESIAN_POINT('Ctrl Pts',(12.0591403392077,-0.315737227375485,22.6439014713131));
#5896=CARTESIAN_POINT('Ctrl Pts',(22.2288437516445,-2.5691312811322,28.6318870093349));
#5897=CARTESIAN_POINT('Ctrl Pts',(18.8005081250051,-1.81348248502669,26.7080810202279));
#5898=CARTESIAN_POINT('Ctrl Pts',(15.3721722338689,-1.05771933650117,24.7843126731622));
#5899=CARTESIAN_POINT('Ctrl Pts',(11.9438366072295,-0.30207054039567,22.8605066840552));
#5900=CARTESIAN_POINT('Ctrl Pts',(22.0351241698947,-2.49410951706929,29.0127167828153));
#5901=CARTESIAN_POINT('Ctrl Pts',(18.6388306228888,-1.75086875141779,27.0259201502214));
#5902=CARTESIAN_POINT('Ctrl Pts',(15.2425281999896,-1.00751300647743,25.0391772087508));
#5903=CARTESIAN_POINT('Ctrl Pts',(11.8462346529837,-0.264272240825926,23.052380576157));
#5904=CARTESIAN_POINT('Ctrl Pts',(21.907897647748,-2.42485550333615,29.2693219434406));
#5905=CARTESIAN_POINT('Ctrl Pts',(18.5326430890219,-1.69303030668304,27.2401033763509));
#5906=CARTESIAN_POINT('Ctrl Pts',(15.1573885302958,-0.961205110029929,25.2108848092612));
#5907=CARTESIAN_POINT('Ctrl Pts',(11.7821339715696,-0.229379913376819,23.1816662421715));
#5908=CARTESIAN_POINT('',(11.7954976249893,-0.232277430622177,23.1897005320811));
#5909=CARTESIAN_POINT('',(1.5,2.,17.));
#5910=CARTESIAN_POINT('Ctrl Pts',(12.4906016554225,-0.133684432580921,21.9645798775037));
#5911=CARTESIAN_POINT('Ctrl Pts',(12.3861363200044,-0.198583640779007,22.1095958880151));
#5912=CARTESIAN_POINT('Ctrl Pts',(12.3184595845791,-0.259848649073605,22.2035878730254));
#5913=CARTESIAN_POINT('Ctrl Pts',(12.2193724738725,-0.295778247671379,22.3635102227216));
#5914=CARTESIAN_POINT('Ctrl Pts',(12.1655353765327,-0.31582773680966,22.4496134138476));
#5915=CARTESIAN_POINT('Ctrl Pts',(12.0004584388866,-0.313673007597942,22.7541045480313));
#5916=CARTESIAN_POINT('Ctrl Pts',(11.9033006895133,-0.294265542523168,22.9458331146777));
#5917=CARTESIAN_POINT('Ctrl Pts',(11.795497624823,-0.232277430586282,23.1897005319811));
#5918=CARTESIAN_POINT('',(12.5000001639128,-0.152215677206375,22.0065216969337));
#5919=CARTESIAN_POINT('Origin',(21.6579165989508,1.56835569330325,18.3284388929561));
#5920=CARTESIAN_POINT('Origin',(14.7915011778764,1.79568845159663,17.6288062889756));
#5921=CARTESIAN_POINT('Origin',(22.5,-1.70820393249937,28.4126781955418));
#5922=CARTESIAN_POINT('Ctrl Pts',(21.907897647748,-11.0361741330167,17.4168586701318));
#5923=CARTESIAN_POINT('Ctrl Pts',(18.5326430650853,-8.8801261538311,17.3479145701088));
#5924=CARTESIAN_POINT('Ctrl Pts',(15.1573884824227,-6.72407817464552,17.2789704700858));
#5925=CARTESIAN_POINT('Ctrl Pts',(11.78213389976,-4.56803019545993,17.2100263700629));
#5926=CARTESIAN_POINT('Ctrl Pts',(22.0351241698947,-10.8135287900611,17.5620185066498));
#5927=CARTESIAN_POINT('Ctrl Pts',(18.638830598803,-8.69429886355185,17.4691084564802));
#5928=CARTESIAN_POINT('Ctrl Pts',(15.242528151818,-6.575084469781,17.3760724630384));
#5929=CARTESIAN_POINT('Ctrl Pts',(11.8462345807263,-4.4558545432717,17.2831624128688));
#5930=CARTESIAN_POINT('Ctrl Pts',(22.2288436444573,-10.4745213400148,17.7510453737537));
#5931=CARTESIAN_POINT('Ctrl Pts',(18.8005079935049,-8.41136478357997,17.6268694058207));
#5932=CARTESIAN_POINT('Ctrl Pts',(15.3721721312387,-6.34820859694225,17.5025759986967));
#5933=CARTESIAN_POINT('Ctrl Pts',(11.9438364802862,-4.28505204050742,17.3784000307637));
#5934=CARTESIAN_POINT('Ctrl Pts',(22.4576976047186,-10.074028835705,17.9096952079205));
#5935=CARTESIAN_POINT('Ctrl Pts',(18.9915124367148,-8.07710861554992,17.7592763036821));
#5936=CARTESIAN_POINT('Ctrl Pts',(15.5253253950803,-6.08019167423266,17.6087516584132));
#5937=CARTESIAN_POINT('Ctrl Pts',(12.0591402270765,-4.08327145407755,17.4583327541748));
#5938=CARTESIAN_POINT('Ctrl Pts',(22.5724783504491,-9.8731634967275,17.9717798735792));
#5939=CARTESIAN_POINT('Ctrl Pts',(19.0873094633721,-7.90946462517427,17.8111110098086));
#5940=CARTESIAN_POINT('Ctrl Pts',(15.6021392256665,-5.94576811720951,17.6502818044909));
#5941=CARTESIAN_POINT('Ctrl Pts',(12.1169703385895,-3.98206924565627,17.4896129407203));
#5942=CARTESIAN_POINT('Ctrl Pts',(22.6381003171373,-9.75832560733009,18.0007048170564));
#5943=CARTESIAN_POINT('Ctrl Pts',(19.142078371993,-7.81361949604979,17.8352752712266));
#5944=CARTESIAN_POINT('Ctrl Pts',(15.6460546726137,-5.86891645466595,17.6696157731771));
#5945=CARTESIAN_POINT('Ctrl Pts',(12.1500327274695,-3.92421034338564,17.5041862273473));
#5946=CARTESIAN_POINT('Ctrl Pts',(22.7037277335317,-9.64347818099214,18.0270771348737));
#5947=CARTESIAN_POINT('Ctrl Pts',(19.1968514351476,-7.71776709652612,17.8572360692018));
#5948=CARTESIAN_POINT('Ctrl Pts',(15.6899741604653,-5.79205772057361,17.6873144874047));
#5949=CARTESIAN_POINT('Ctrl Pts',(12.1830978620811,-3.8663466361076,17.5174734217328));
#5950=CARTESIAN_POINT('Ctrl Pts',(22.7856800851267,-9.50006225545221,18.0467493060001));
#5951=CARTESIAN_POINT('Ctrl Pts',(19.2652492971112,-7.59807141375979,17.8735906688289));
#5952=CARTESIAN_POINT('Ctrl Pts',(15.7448187950711,-5.69608007161284,17.7005435108876));
#5953=CARTESIAN_POINT('Ctrl Pts',(12.2243880070556,-3.79408922992042,17.5273848737164));
#5954=CARTESIAN_POINT('Ctrl Pts',(22.8510337026814,-9.38569397477979,18.0576971905643));
#5955=CARTESIAN_POINT('Ctrl Pts',(19.3197944953079,-7.50261777599476,17.8827737412316));
#5956=CARTESIAN_POINT('Ctrl Pts',(15.7885544006649,-5.61954312992403,17.7078242079751));
#5957=CARTESIAN_POINT('Ctrl Pts',(12.2573151932915,-3.736466931139,17.5329007586424));
#5958=CARTESIAN_POINT('Ctrl Pts',(23.0114195482958,-9.10502009484056,18.0283745977427));
#5959=CARTESIAN_POINT('Ctrl Pts',(19.4536537313277,-7.26836523958537,17.8581945500764));
#5960=CARTESIAN_POINT('Ctrl Pts',(15.8958883902602,-5.43170955150783,17.6883071715678));
#5961=CARTESIAN_POINT('Ctrl Pts',(12.3381225732921,-3.59505469625264,17.5181271239014));
#5962=CARTESIAN_POINT('Ctrl Pts',(23.1393756600644,-8.88109797618684,18.0044545511116));
#5963=CARTESIAN_POINT('Ctrl Pts',(19.5604476844945,-7.08147672037369,17.8383916041246));
#5964=CARTESIAN_POINT('Ctrl Pts',(15.9815188197837,-5.28185702054935,17.6721384070377));
#5965=CARTESIAN_POINT('Ctrl Pts',(12.4025908442138,-3.48223576473621,17.5060754600507));
#5966=CARTESIAN_POINT('Ctrl Pts',(23.2673338489063,-8.6571722226725,17.9805952703808));
#5967=CARTESIAN_POINT('Ctrl Pts',(19.6672426198141,-6.89458648240296,17.8184149842377));
#5968=CARTESIAN_POINT('Ctrl Pts',(16.0671513907219,-5.13200074213343,17.6562346980947));
#5969=CARTESIAN_POINT('Ctrl Pts',(12.4670601616296,-3.36941500186389,17.4940544119516));
#5970=CARTESIAN_POINT('',(12.5000001639128,-3.38554225381783,17.4955383240682));
#5971=CARTESIAN_POINT('',(12.5000001639128,-3.38554225381783,17.4955383240682));
#5972=CARTESIAN_POINT('',(12.4906016554225,-3.38094079346848,17.4951149312431));
#5973=CARTESIAN_POINT('',(23.2673338489063,-8.6571722226725,17.9805952703808));
#5974=CARTESIAN_POINT('',(11.7954976250005,-4.57656668655667,17.2102993429281));
#5975=CARTESIAN_POINT('Ctrl Pts',(11.7954976251738,-4.57656668637477,17.2102993425009));
#5976=CARTESIAN_POINT('Ctrl Pts',(11.9032926340172,-4.36380627033733,17.3446026796216));
#5977=CARTESIAN_POINT('Ctrl Pts',(12.000451065377,-4.18745682621917,17.4223072958566));
#5978=CARTESIAN_POINT('Ctrl Pts',(12.1655245119906,-3.89853841745181,17.5184543238164));
#5979=CARTESIAN_POINT('Ctrl Pts',(12.2193655686967,-3.81044724516864,17.5259956181533));
#5980=CARTESIAN_POINT('Ctrl Pts',(12.3184982631072,-3.64717398721643,17.5412518405855));
#5981=CARTESIAN_POINT('Ctrl Pts',(12.3862597215902,-3.53872756454629,17.5120053586733));
#5982=CARTESIAN_POINT('Ctrl Pts',(12.4906016554225,-3.38094079346849,17.4951149312431));
#5983=CARTESIAN_POINT('',(21.9078976477451,-11.0361741329918,17.4168586707473));
#5984=CARTESIAN_POINT('',(21.907897647748,-11.0361741330167,17.4168586701318));
#5985=CARTESIAN_POINT('',(23.2673338489063,-8.6571722226725,17.9805952703808));
#5986=CARTESIAN_POINT('Ctrl Pts',(21.907897647748,-11.0361741330167,17.4168586701318));
#5987=CARTESIAN_POINT('Ctrl Pts',(22.0351241698947,-10.8135287900611,17.5620185066498));
#5988=CARTESIAN_POINT('Ctrl Pts',(22.2288436444573,-10.4745213400148,17.7510453737537));
#5989=CARTESIAN_POINT('Ctrl Pts',(22.4576976047186,-10.074028835705,17.9096952079205));
#5990=CARTESIAN_POINT('Ctrl Pts',(22.5724783504491,-9.8731634967275,17.9717798735792));
#5991=CARTESIAN_POINT('Ctrl Pts',(22.6381003171373,-9.75832560733009,18.0007048170564));
#5992=CARTESIAN_POINT('Ctrl Pts',(22.7037277335317,-9.64347818099214,18.0270771348737));
#5993=CARTESIAN_POINT('Ctrl Pts',(22.7856800851267,-9.50006225545221,18.0467493060001));
#5994=CARTESIAN_POINT('Ctrl Pts',(22.8510337026814,-9.38569397477979,18.0576971905643));
#5995=CARTESIAN_POINT('Ctrl Pts',(23.0114195482958,-9.10502009484056,18.0283745977427));
#5996=CARTESIAN_POINT('Ctrl Pts',(23.1393756600644,-8.88109797618684,18.0044545511116));
#5997=CARTESIAN_POINT('Ctrl Pts',(23.2673338489063,-8.6571722226725,17.9805952703808));
#5998=CARTESIAN_POINT('',(23.2673338489063,-8.6571722226725,17.9805952703808));
#5999=CARTESIAN_POINT('Origin',(23.2673338489063,-8.6571722226725,17.9805952703808));
#6000=CARTESIAN_POINT('',(12.5000001639128,-3.38554225381783,16.5044616759318));
#6001=CARTESIAN_POINT('',(12.5000001639128,-3.38554225381783,15.000813829782));
#6002=CARTESIAN_POINT('',(12.4906016554225,-3.38094079346848,16.5048850687569));
#6003=CARTESIAN_POINT('',(23.2673338489063,-8.6571722226725,16.0194047296193));
#6004=CARTESIAN_POINT('',(12.4906016554225,-3.38094079346848,17.));
#6005=CARTESIAN_POINT('Origin',(23.2673338489063,-8.6571722226725,17.9805952703808));
#6006=CARTESIAN_POINT('',(23.2673338489063,-8.6571722226725,16.0194047296193));
#6007=CARTESIAN_POINT('',(23.2673338489063,-8.6571722226725,16.0194047296193));
#6008=CARTESIAN_POINT('',(23.2673338489063,-8.6571722226725,16.0194047296193));
#6009=CARTESIAN_POINT('Origin',(23.2673338489063,-8.6571722226725,17.9805952703808));
#6010=CARTESIAN_POINT('',(23.2673338489063,-8.6571722226725,16.0194047296193));
#6011=CARTESIAN_POINT('Origin',(22.6766217074779,-9.69091349844864,16.9999730283357));
#6012=CARTESIAN_POINT('',(21.9078976480635,-11.0361741332182,16.5831413298619));
#6013=CARTESIAN_POINT('Origin',(28.4536888457592,0.418905370908902,17.));
#6014=CARTESIAN_POINT('Ctrl Pts',(23.2673338489063,-8.6571722226725,16.0194047296193));
#6015=CARTESIAN_POINT('Ctrl Pts',(23.1393756600644,-8.88109797618684,15.9955454488885));
#6016=CARTESIAN_POINT('Ctrl Pts',(23.0114195347132,-9.10502011860996,15.9716260273918));
#6017=CARTESIAN_POINT('Ctrl Pts',(22.8510336836809,-9.38569400803044,15.9423039581323));
#6018=CARTESIAN_POINT('Ctrl Pts',(22.785680065218,-9.50006229029233,15.9532519141085));
#6019=CARTESIAN_POINT('Ctrl Pts',(22.7037277114397,-9.64347821965316,15.9729243536658));
#6020=CARTESIAN_POINT('Ctrl Pts',(22.6381002939257,-9.75832564795023,15.9992968138273));
#6021=CARTESIAN_POINT('Ctrl Pts',(22.5724783261381,-9.87316353927172,16.0282218324468));
#6022=CARTESIAN_POINT('Ctrl Pts',(22.4576975816442,-10.0740288760851,16.0903064519917));
#6023=CARTESIAN_POINT('Ctrl Pts',(22.2288436116344,-10.4745213974537,16.24895643793));
#6024=CARTESIAN_POINT('Ctrl Pts',(22.0351241698947,-10.8135287900611,16.4379814933502));
#6025=CARTESIAN_POINT('Ctrl Pts',(21.907897647748,-11.0361741330167,16.5831413298683));
#6026=CARTESIAN_POINT('Ctrl Pts',(23.2673338489063,-8.6571722226725,16.0194047296193));
#6027=CARTESIAN_POINT('Ctrl Pts',(19.6672426453451,-6.89458649490283,16.1815850146122));
#6028=CARTESIAN_POINT('Ctrl Pts',(16.067151441784,-5.13200076713316,16.3437652996051));
#6029=CARTESIAN_POINT('Ctrl Pts',(12.4670602382228,-3.3694150393635,16.505945584598));
#6030=CARTESIAN_POINT('Ctrl Pts',(23.1393756600644,-8.88109797618684,15.9955454488885));
#6031=CARTESIAN_POINT('Ctrl Pts',(19.5604477098754,-7.08147673313621,16.1616083946978));
#6032=CARTESIAN_POINT('Ctrl Pts',(15.9815188705457,-5.28185704607438,16.3278615906057));
#6033=CARTESIAN_POINT('Ctrl Pts',(12.4025909203567,-3.48223580302375,16.4939245364149));
#6034=CARTESIAN_POINT('Ctrl Pts',(23.0114195347132,-9.10502011860996,15.9716260273918));
#6035=CARTESIAN_POINT('Ctrl Pts',(19.4536537429759,-7.26836527637991,16.1418060738513));
#6036=CARTESIAN_POINT('Ctrl Pts',(15.8958884338786,-5.4317095895339,16.3116931409828));
#6037=CARTESIAN_POINT('Ctrl Pts',(12.3381226421414,-3.59505474730385,16.4818731874423));
#6038=CARTESIAN_POINT('Ctrl Pts',(22.8510336836809,-9.38569400803044,15.9423039581323));
#6039=CARTESIAN_POINT('Ctrl Pts',(19.3197945013502,-7.50261782259977,16.1172274062244));
#6040=CARTESIAN_POINT('Ctrl Pts',(15.7885544411774,-5.61954317338545,16.2921763682928));
#6041=CARTESIAN_POINT('Ctrl Pts',(12.2573152588468,-3.73646698795478,16.4670998163849));
#6042=CARTESIAN_POINT('Ctrl Pts',(22.785680065218,-9.50006229029233,15.9532519141085));
#6043=CARTESIAN_POINT('Ctrl Pts',(19.2652493021686,-7.59807146208841,16.1264105500518));
#6044=CARTESIAN_POINT('Ctrl Pts',(15.7448188349727,-5.69608011614338,16.2994571013859));
#6045=CARTESIAN_POINT('Ctrl Pts',(12.2243880719233,-3.79408928793946,16.4726157373291));
#6046=CARTESIAN_POINT('Ctrl Pts',(22.7037277114397,-9.64347821965316,15.9729243536658));
#6047=CARTESIAN_POINT('Ctrl Pts',(19.1968514379256,-7.71776714884386,16.1427654181332));
#6048=CARTESIAN_POINT('Ctrl Pts',(15.6899741990746,-5.79205776736566,16.3126862601583));
#6049=CARTESIAN_POINT('Ctrl Pts',(12.1830979255605,-3.86634669655636,16.4825273246257));
#6050=CARTESIAN_POINT('Ctrl Pts',(22.6381002939257,-9.75832564795023,15.9992968138273));
#6051=CARTESIAN_POINT('Ctrl Pts',(19.1420783735744,-7.81361955046135,16.1647263584838));
#6052=CARTESIAN_POINT('Ctrl Pts',(15.646054710505,-5.86891650271446,16.3303850461649));
#6053=CARTESIAN_POINT('Ctrl Pts',(12.1500327901538,-3.92421040522558,16.4958145908214));
#6054=CARTESIAN_POINT('Ctrl Pts',(22.5724783261381,-9.87316353927172,16.0282218324468));
#6055=CARTESIAN_POINT('Ctrl Pts',(19.0873094637771,-7.9094646816446,16.188890695078));
#6056=CARTESIAN_POINT('Ctrl Pts',(15.60213926285,-5.94576816649682,16.3497190527781));
#6057=CARTESIAN_POINT('Ctrl Pts',(12.116970400489,-3.9820693088697,16.5103879154093));
#6058=CARTESIAN_POINT('Ctrl Pts',(22.4576975816442,-10.0740288760851,16.0903064519917));
#6059=CARTESIAN_POINT('Ctrl Pts',(18.9915124382218,-8.07710867009173,16.2407253551634));
#6060=CARTESIAN_POINT('Ctrl Pts',(15.5253254326175,-6.08019172290082,16.391249175768));
#6061=CARTESIAN_POINT('Ctrl Pts',(12.0591402891951,-4.08327151690743,16.5416680789398));
#6062=CARTESIAN_POINT('Ctrl Pts',(22.2288436116344,-10.4745213974537,16.24895643793));
#6063=CARTESIAN_POINT('Ctrl Pts',(18.8005079849949,-8.41136485565029,16.3731324049824));
#6064=CARTESIAN_POINT('Ctrl Pts',(15.3721721633275,-6.34820865514463,16.4974249123238));
#6065=CARTESIAN_POINT('Ctrl Pts',(11.943836536688,-4.28505211334125,16.6216008793762));
#6066=CARTESIAN_POINT('Ctrl Pts',(22.0351241698947,-10.8135287900611,16.4379814933502));
#6067=CARTESIAN_POINT('Ctrl Pts',(18.6388306228888,-8.69429887858096,16.5308915428608));
#6068=CARTESIAN_POINT('Ctrl Pts',(15.2425281999896,-6.57508449983911,16.6239275356429));
#6069=CARTESIAN_POINT('Ctrl Pts',(11.8462346529837,-4.45585458835892,16.7168375851536));
#6070=CARTESIAN_POINT('Ctrl Pts',(21.907897647748,-11.0361741330167,16.5831413298683));
#6071=CARTESIAN_POINT('Ctrl Pts',(18.5326430890219,-8.88012616912132,16.6520854294023));
#6072=CARTESIAN_POINT('Ctrl Pts',(15.1573885302958,-6.72407820522595,16.7210295289363));
#6073=CARTESIAN_POINT('Ctrl Pts',(11.7821339715696,-4.56803024133058,16.7899736284704));
#6074=CARTESIAN_POINT('',(11.7954976249893,-4.57656668717321,16.7897006579329));
#6075=CARTESIAN_POINT('',(1.5,2.,17.));
#6076=CARTESIAN_POINT('Ctrl Pts',(12.4906016554225,-3.38094079346849,16.504885068757));
#6077=CARTESIAN_POINT('Ctrl Pts',(12.3862929621358,-3.53867729790688,16.4880000221626));
#6078=CARTESIAN_POINT('Ctrl Pts',(12.3185042708156,-3.64716420118166,16.4587485496785));
#6079=CARTESIAN_POINT('Ctrl Pts',(12.2193804451059,-3.81042271015562,16.4740024785846));
#6080=CARTESIAN_POINT('Ctrl Pts',(12.1655394631387,-3.89851347776993,16.481541896461));
#6081=CARTESIAN_POINT('Ctrl Pts',(12.0005003787767,-4.18736935350364,16.5776609570395));
#6082=CARTESIAN_POINT('Ctrl Pts',(11.9033283045612,-4.36373586556124,16.6553528778432));
#6083=CARTESIAN_POINT('Ctrl Pts',(11.7954976248231,-4.57656668706698,16.7897006579361));
#6084=CARTESIAN_POINT('',(12.5000001639128,-3.42655630497393,16.5002215779579));
#6085=CARTESIAN_POINT('Origin',(21.6579165989456,0.603194108057477,16.9999920633064));
#6086=CARTESIAN_POINT('Origin',(14.7915011778993,1.33883394077353,17.));
#6087=CARTESIAN_POINT('Origin',(22.5,-10.,17.));
#6088=CARTESIAN_POINT('Ctrl Pts',(21.907897647748,6.42485550333622,29.2693219434406));
#6089=CARTESIAN_POINT('Ctrl Pts',(18.5326430650853,5.69303030149316,27.2401033619601));
#6090=CARTESIAN_POINT('Ctrl Pts',(15.1573884824227,4.96120509965009,25.2108847804797));
#6091=CARTESIAN_POINT('Ctrl Pts',(11.78213389976,4.22937989780703,23.1816661989992));
#6092=CARTESIAN_POINT('Ctrl Pts',(22.0351241698947,6.49410951706939,29.0127167828152));
#6093=CARTESIAN_POINT('Ctrl Pts',(18.638830598803,5.75086874614698,27.0259201361315));
#6094=CARTESIAN_POINT('Ctrl Pts',(15.242528151818,5.00751299593488,25.0391771805713));
#6095=CARTESIAN_POINT('Ctrl Pts',(11.8462345807263,4.26427222501246,23.0523805338876));
#6096=CARTESIAN_POINT('Ctrl Pts',(22.2288438758222,6.56913780764449,28.6318846602503));
#6097=CARTESIAN_POINT('Ctrl Pts',(18.8005082248698,5.81348900618008,26.7080786575002));
#6098=CARTESIAN_POINT('Ctrl Pts',(15.3721722478075,5.05772261404258,24.7843114623341));
#6099=CARTESIAN_POINT('Ctrl Pts',(11.9438365968551,4.30207381257817,22.8605054595839));
#6100=CARTESIAN_POINT('Ctrl Pts',(22.4576977707441,6.59626286500763,28.2019685757074));
#6101=CARTESIAN_POINT('Ctrl Pts',(18.9915126027403,5.83612370151875,26.3492665854923));
#6102=CARTESIAN_POINT('Ctrl Pts',(15.5253254787291,5.07587942405991,24.4966023480277));
#6103=CARTESIAN_POINT('Ctrl Pts',(12.0591403107253,4.31574026057102,22.6439003578126));
#6104=CARTESIAN_POINT('Ctrl Pts',(22.5724785252134,6.59323840299751,27.9917489508114));
#6105=CARTESIAN_POINT('Ctrl Pts',(19.0873096381363,5.83361690999787,26.1738097523513));
#6106=CARTESIAN_POINT('Ctrl Pts',(15.6021393137182,5.07383793549299,24.3559243675135));
#6107=CARTESIAN_POINT('Ctrl Pts',(12.1169704266412,4.31421644249335,22.5379851690534));
#6108=CARTESIAN_POINT('Ctrl Pts',(22.6381004843499,6.58526031256522,27.8735935008139));
#6109=CARTESIAN_POINT('Ctrl Pts',(19.1420785392056,5.82698022756566,26.0751886224349));
#6110=CARTESIAN_POINT('Ctrl Pts',(15.6460547568606,5.06847691726627,24.2768596548937));
#6111=CARTESIAN_POINT('Ctrl Pts',(12.1500328117164,4.31019683226671,22.4784547765147));
#6112=CARTESIAN_POINT('Ctrl Pts',(22.7037278929636,6.57485114739022,27.7562179275721));
#6113=CARTESIAN_POINT('Ctrl Pts',(19.1968515945795,5.81824524379221,25.9772416278242));
#6114=CARTESIAN_POINT('Ctrl Pts',(15.689974240792,5.0615582745311,24.198293609902));
#6115=CARTESIAN_POINT('Ctrl Pts',(12.1830979424079,4.30495237093309,22.4193173101541));
#6116=CARTESIAN_POINT('Ctrl Pts',(22.785680229452,6.54924079784319,27.613742834305));
#6117=CARTESIAN_POINT('Ctrl Pts',(19.2652494414365,5.7968096543802,25.8583510119885));
#6118=CARTESIAN_POINT('Ctrl Pts',(15.7448188677867,5.04448022333655,24.1029257468599));
#6119=CARTESIAN_POINT('Ctrl Pts',(12.2243880797712,4.29204907987355,22.3475339245434));
#6120=CARTESIAN_POINT('Ctrl Pts',(22.8510338403396,6.5243106238485,27.501589224356));
#6121=CARTESIAN_POINT('Ctrl Pts',(19.3197946329661,5.77604599038031,25.7647316533797));
#6122=CARTESIAN_POINT('Ctrl Pts',(15.7885544700214,5.02775311589157,24.0278850167662));
#6123=CARTESIAN_POINT('Ctrl Pts',(12.257315262648,4.27948848242338,22.2910274457898));
#6124=CARTESIAN_POINT('Ctrl Pts',(23.0114196470956,6.40968669857963,27.2437148847505));
#6125=CARTESIAN_POINT('Ctrl Pts',(19.4536538301274,5.68027829222803,25.5495408433073));
#6126=CARTESIAN_POINT('Ctrl Pts',(15.8958884400386,4.95114578829058,23.8552763702561));
#6127=CARTESIAN_POINT('Ctrl Pts',(12.3381226230704,4.22173738193897,22.1611023288129));
#6128=CARTESIAN_POINT('Ctrl Pts',(23.1393756600644,6.31773723825755,27.0381456083278));
#6129=CARTESIAN_POINT('Ctrl Pts',(19.5604476844945,5.6036884389258,25.3779203588784));
#6130=CARTESIAN_POINT('Ctrl Pts',(15.9815188197837,4.88945918182369,23.7177553797763));
#6131=CARTESIAN_POINT('Ctrl Pts',(12.4025908442138,4.17541038249194,22.0575301303269));
#6132=CARTESIAN_POINT('Ctrl Pts',(23.2673338489063,6.2258488505303,26.832552484501));
#6133=CARTESIAN_POINT('Ctrl Pts',(19.6672426198141,5.5269372847931,25.2063502952596));
#6134=CARTESIAN_POINT('Ctrl Pts',(16.0671513907219,4.82802571905589,23.5801481060181));
#6135=CARTESIAN_POINT('Ctrl Pts',(12.4670601616296,4.12911415331868,21.9539459167766));
#6136=CARTESIAN_POINT('',(12.5000001639128,4.13550903253315,21.9688252907752));
#6137=CARTESIAN_POINT('',(12.5000001639128,4.13550903253315,21.9688252907752));
#6138=CARTESIAN_POINT('',(12.4906016554225,4.13368443258095,21.9645798775037));
#6139=CARTESIAN_POINT('',(23.2673338489063,6.2258488505303,26.832552484501));
#6140=CARTESIAN_POINT('',(11.7954976250005,4.23227743125049,23.1897005312287));
#6141=CARTESIAN_POINT('Ctrl Pts',(11.7954976251738,4.23227743078797,23.1897005311877));
#6142=CARTESIAN_POINT('Ctrl Pts',(11.9032453994293,4.29423374995175,22.9459581895699));
#6143=CARTESIAN_POINT('Ctrl Pts',(12.0003798758114,4.31367146752395,22.7542509443205));
#6144=CARTESIAN_POINT('Ctrl Pts',(12.1655268346196,4.3158345289139,22.4496255376819));
#6145=CARTESIAN_POINT('Ctrl Pts',(12.2193644945744,4.2957833087118,22.3635224334428));
#6146=CARTESIAN_POINT('Ctrl Pts',(12.3184217639081,4.25986497812416,22.20364794433));
#6147=CARTESIAN_POINT('Ctrl Pts',(12.3859919262841,4.19867334553988,22.1097963315521));
#6148=CARTESIAN_POINT('Ctrl Pts',(12.4906016554225,4.13368443258096,21.9645798775037));
#6149=CARTESIAN_POINT('',(21.9078976477451,6.42485550391392,29.2693219432267));
#6150=CARTESIAN_POINT('',(21.907897647748,6.42485550333622,29.2693219434406));
#6151=CARTESIAN_POINT('',(23.2673338489063,6.2258488505303,26.832552484501));
#6152=CARTESIAN_POINT('Ctrl Pts',(21.907897647748,6.42485550333622,29.2693219434406));
#6153=CARTESIAN_POINT('Ctrl Pts',(22.0351241698947,6.49410951706939,29.0127167828152));
#6154=CARTESIAN_POINT('Ctrl Pts',(22.2288438758222,6.56913780764449,28.6318846602503));
#6155=CARTESIAN_POINT('Ctrl Pts',(22.4576977707441,6.59626286500763,28.2019685757074));
#6156=CARTESIAN_POINT('Ctrl Pts',(22.5724785252134,6.59323840299751,27.9917489508114));
#6157=CARTESIAN_POINT('Ctrl Pts',(22.6381004843499,6.58526031256522,27.8735935008139));
#6158=CARTESIAN_POINT('Ctrl Pts',(22.7037278929636,6.57485114739022,27.7562179275721));
#6159=CARTESIAN_POINT('Ctrl Pts',(22.785680229452,6.54924079784319,27.613742834305));
#6160=CARTESIAN_POINT('Ctrl Pts',(22.8510338403396,6.5243106238485,27.501589224356));
#6161=CARTESIAN_POINT('Ctrl Pts',(23.0114196470956,6.40968669857963,27.2437148847505));
#6162=CARTESIAN_POINT('Ctrl Pts',(23.1393756600644,6.31773723825755,27.0381456083278));
#6163=CARTESIAN_POINT('Ctrl Pts',(23.2673338489063,6.2258488505303,26.832552484501));
#6164=CARTESIAN_POINT('',(23.2673338489063,6.2258488505303,26.832552484501));
#6165=CARTESIAN_POINT('Origin',(23.2673338489063,6.2258488505303,26.832552484501));
#6166=CARTESIAN_POINT('',(12.5000001639128,3.19293912817503,22.2750848177775));
#6167=CARTESIAN_POINT('',(12.5000001639128,4.65497530882542,21.800040466079));
#6168=CARTESIAN_POINT('',(12.4906016554225,3.19191986923344,22.2705777333495));
#6169=CARTESIAN_POINT('',(23.2673338489063,4.36064580704264,27.4385936908037));
#6170=CARTESIAN_POINT('',(12.4906016554225,3.66280215090717,22.1175788054266));
#6171=CARTESIAN_POINT('Origin',(23.2673338489063,6.2258488505303,26.832552484501));
#6172=CARTESIAN_POINT('',(23.2673338489063,4.36064580704264,27.4385936908037));
#6173=CARTESIAN_POINT('',(23.2673338489063,4.36064580704264,27.4385936908037));
#6174=CARTESIAN_POINT('',(23.2673338489063,4.36064580704264,27.4385936908037));
#6175=CARTESIAN_POINT('Origin',(23.2673338489063,6.2258488505303,26.832552484501));
#6176=CARTESIAN_POINT('',(23.2673338489063,4.36064580704264,27.4385936908037));
#6177=CARTESIAN_POINT('Origin',(22.6766217074779,5.61266529921101,28.1187277988452));
#6178=CARTESIAN_POINT('',(21.9078976480635,5.63194319418652,29.5269547702807));
#6179=CARTESIAN_POINT('Origin',(28.4536888457592,2.48858511010415,18.5037103498763));
#6180=CARTESIAN_POINT('Ctrl Pts',(23.2673338489063,4.36064580704264,27.4385936908037));
#6181=CARTESIAN_POINT('Ctrl Pts',(23.1393756600644,4.40715114594369,27.6589326610692));
#6182=CARTESIAN_POINT('Ctrl Pts',(23.0114196401242,4.45359338428819,27.8792881430609));
#6183=CARTESIAN_POINT('Ctrl Pts',(22.851033830656,4.51243565701811,28.1552870452553));
#6184=CARTESIAN_POINT('Ctrl Pts',(22.7856802192949,4.55818899538859,28.2606747998319));
#6185=CARTESIAN_POINT('Ctrl Pts',(22.7037278817822,4.62121466384397,28.3909929209301));
#6186=CARTESIAN_POINT('Ctrl Pts',(22.6381004726387,4.68178516593813,28.4920700887921));
#6187=CARTESIAN_POINT('Ctrl Pts',(22.5724785129932,4.74478081956782,28.5923492498046));
#6188=CARTESIAN_POINT('Ctrl Pts',(22.4576977591271,4.86589795065898,28.7641982394257));
#6189=CARTESIAN_POINT('Ctrl Pts',(22.2288438598919,5.14054098082887,29.0960639365702));
#6190=CARTESIAN_POINT('Ctrl Pts',(22.0351241698947,5.42508679101383,29.3600633222314));
#6191=CARTESIAN_POINT('Ctrl Pts',(21.907897647748,5.63194319413035,29.5269547700871));
#6192=CARTESIAN_POINT('Ctrl Pts',(23.2673338489063,4.36064580704264,27.4385936908037));
#6193=CARTESIAN_POINT('Ctrl Pts',(19.6672426453451,3.97021947997619,25.7121585846642));
#6194=CARTESIAN_POINT('Ctrl Pts',(16.067151441784,3.57979315290973,23.9857234785246));
#6195=CARTESIAN_POINT('Ctrl Pts',(12.4670602382228,3.18936682584328,22.2592883723851));
#6196=CARTESIAN_POINT('Ctrl Pts',(23.1393756600644,4.40715114594369,27.6589326610692));
#6197=CARTESIAN_POINT('Ctrl Pts',(19.5604477098754,4.00897284512992,25.8960748786117));
#6198=CARTESIAN_POINT('Ctrl Pts',(15.9815188705457,3.61097596373921,24.1331597854738));
#6199=CARTESIAN_POINT('Ctrl Pts',(12.4025909203567,3.21279766292544,22.3703020030163));
#6200=CARTESIAN_POINT('Ctrl Pts',(23.0114196401242,4.45359338428819,27.8792881430609));
#6201=CARTESIAN_POINT('Ctrl Pts',(19.4536538483869,4.04788666736673,26.0799370607135));
#6202=CARTESIAN_POINT('Ctrl Pts',(15.895888486988,3.64190342490485,24.2806750351165));
#6203=CARTESIAN_POINT('Ctrl Pts',(12.3381226952507,3.23619670798339,22.4813239527691));
#6204=CARTESIAN_POINT('Ctrl Pts',(22.851033830656,4.51243565701811,28.1552870452553));
#6205=CARTESIAN_POINT('Ctrl Pts',(19.3197946483254,4.0968951991781,26.3103208502461));
#6206=CARTESIAN_POINT('Ctrl Pts',(15.7885545152281,3.68138373411984,24.4653469843693));
#6207=CARTESIAN_POINT('Ctrl Pts',(12.2573153328974,3.26584327627983,22.6203807893601));
#6208=CARTESIAN_POINT('Ctrl Pts',(22.7856802192949,4.55818899538859,28.2606747998319));
#6209=CARTESIAN_POINT('Ctrl Pts',(19.2652494562455,4.13512515539492,26.3982650675057));
#6210=CARTESIAN_POINT('Ctrl Pts',(15.7448189126014,3.71195907208453,24.5358881523303));
#6211=CARTESIAN_POINT('Ctrl Pts',(12.224388149552,3.28889523209086,22.6734784200041));
#6212=CARTESIAN_POINT('Ctrl Pts',(22.7037278817822,4.62121466384397,28.3909929209301));
#6213=CARTESIAN_POINT('Ctrl Pts',(19.196851608268,4.18766566780418,26.5070490832721));
#6214=CARTESIAN_POINT('Ctrl Pts',(15.6899742848985,3.75419852138964,24.623080582845));
#6215=CARTESIAN_POINT('Ctrl Pts',(12.1830980113843,3.32064952534984,22.739136745187));
#6216=CARTESIAN_POINT('Ctrl Pts',(22.6381004726387,4.68178516593813,28.4920700887921));
#6217=CARTESIAN_POINT('Ctrl Pts',(19.1420785522875,4.23817077918283,26.5914241418258));
#6218=CARTESIAN_POINT('Ctrl Pts',(15.6460548005462,3.79478121614141,24.6907085150558));
#6219=CARTESIAN_POINT('Ctrl Pts',(12.150032880195,3.35116682938611,22.7900625680895));
#6220=CARTESIAN_POINT('Ctrl Pts',(22.5724785129932,4.74478081956782,28.5923492498046));
#6221=CARTESIAN_POINT('Ctrl Pts',(19.0873096506322,4.29076966949747,26.675111246197));
#6222=CARTESIAN_POINT('Ctrl Pts',(15.6021393569934,3.83691715031213,24.7578243339133));
#6223=CARTESIAN_POINT('Ctrl Pts',(12.1169704946324,3.38290600024179,22.8405863303057));
#6224=CARTESIAN_POINT('Ctrl Pts',(22.4576977591271,4.86589795065898,28.7641982394257));
#6225=CARTESIAN_POINT('Ctrl Pts',(18.9915126157047,4.39187254863175,26.8185322676389));
#6226=CARTESIAN_POINT('Ctrl Pts',(15.5253255220389,3.91795398233222,24.8728351713651));
#6227=CARTESIAN_POINT('Ctrl Pts',(12.0591403786165,3.443928580305,22.9271691995783));
#6228=CARTESIAN_POINT('Ctrl Pts',(22.2288438598919,5.14054098082887,29.0960639365702));
#6229=CARTESIAN_POINT('Ctrl Pts',(18.8005082332524,4.62108890998819,27.095512979239));
#6230=CARTESIAN_POINT('Ctrl Pts',(15.3721722884073,4.10175435721316,25.0949244234884));
#6231=CARTESIAN_POINT('Ctrl Pts',(11.9438366617679,3.58230228637248,23.0943734661572));
#6232=CARTESIAN_POINT('Ctrl Pts',(22.0351241698947,5.42508679101383,29.3600633222314));
#6233=CARTESIAN_POINT('Ctrl Pts',(18.6388306228888,4.85857144139515,27.3158451211435));
#6234=CARTESIAN_POINT('Ctrl Pts',(15.2425281999896,4.29218067082553,25.2716027739564));
#6235=CARTESIAN_POINT('Ctrl Pts',(11.8462346529837,3.72566532120685,23.2273845728686));
#6236=CARTESIAN_POINT('Ctrl Pts',(21.907897647748,5.63194319413035,29.5269547700871));
#6237=CARTESIAN_POINT('Ctrl Pts',(18.5326430890219,5.03125746772112,27.4551264061616));
#6238=CARTESIAN_POINT('Ctrl Pts',(15.1573885302958,4.43057174131189,25.3832980422361));
#6239=CARTESIAN_POINT('Ctrl Pts',(11.7821339715696,3.82988601490265,23.3114696783106));
#6240=CARTESIAN_POINT('',(11.7954976249893,3.83226431133117,23.3196726732903));
#6241=CARTESIAN_POINT('',(1.5,2.,17.));
#6242=CARTESIAN_POINT('Ctrl Pts',(12.4906016554225,3.19191986923344,22.2705777333495));
#6243=CARTESIAN_POINT('Ctrl Pts',(12.3860086336338,3.2246935891141,22.4262349729558));
#6244=CARTESIAN_POINT('Ctrl Pts',(12.3184230857798,3.23035854161201,22.5381526870249));
#6245=CARTESIAN_POINT('Ctrl Pts',(12.2193719756746,3.29526683265005,22.68859695259));
#6246=CARTESIAN_POINT('Ctrl Pts',(12.1655364596795,3.32965408346223,22.7700385450819));
#6247=CARTESIAN_POINT('Ctrl Pts',(12.0003846445051,3.51045551485158,23.0152216486492));
#6248=CARTESIAN_POINT('Ctrl Pts',(11.9032249910867,3.63890907175595,23.158928438825));
#6249=CARTESIAN_POINT('Ctrl Pts',(11.7954976248231,3.83226431130143,23.3196726731883));
#6250=CARTESIAN_POINT('',(12.5000001639128,3.20158053266926,22.3154017782416));
#6251=CARTESIAN_POINT('Origin',(21.6579165989506,2.43162921020534,18.3284437980924));
#6252=CARTESIAN_POINT('Origin',(14.7915011778849,2.20431154840134,17.6288062889697));
#6253=CARTESIAN_POINT('Origin',(22.5,5.70820393249937,28.4126781955418));
#6254=CARTESIAN_POINT('Ctrl Pts',(21.907897647748,-10.2693219434406,21.4248555033362));
#6255=CARTESIAN_POINT('Ctrl Pts',(18.5326430650853,-8.24010336196012,20.6930303014932));
#6256=CARTESIAN_POINT('Ctrl Pts',(15.1573884824227,-6.21088478047966,19.9612050996501));
#6257=CARTESIAN_POINT('Ctrl Pts',(11.78213389976,-4.1816661989992,19.229379897807));
#6258=CARTESIAN_POINT('Ctrl Pts',(22.0351241698947,-10.0127167828151,21.4941095170693));
#6259=CARTESIAN_POINT('Ctrl Pts',(18.638830598803,-8.02592013613141,20.7508687461469));
#6260=CARTESIAN_POINT('Ctrl Pts',(15.242528151818,-6.03917718057125,20.0075129959349));
#6261=CARTESIAN_POINT('Ctrl Pts',(11.8462345807263,-4.05238053388752,19.2642722250124));
#6262=CARTESIAN_POINT('Ctrl Pts',(22.2288437516449,-9.63188700933512,21.5691312811326));
#6263=CARTESIAN_POINT('Ctrl Pts',(18.8005081006925,-7.70808100658495,20.8134824796682));
#6264=CARTESIAN_POINT('Ctrl Pts',(15.3721721852431,-5.78431264587614,20.0577193257828));
#6265=CARTESIAN_POINT('Ctrl Pts',(11.9438365342907,-3.86050664312597,19.3020705243184));
#6266=CARTESIAN_POINT('Ctrl Pts',(22.4576976809087,-9.20197070754067,21.5962568126456));
#6267=CARTESIAN_POINT('Ctrl Pts',(18.9915125129049,-7.34926871732555,20.8361176491567));
#6268=CARTESIAN_POINT('Ctrl Pts',(15.5253254334672,-5.4966034221116,20.0758763746916));
#6269=CARTESIAN_POINT('Ctrl Pts',(12.0591402654634,-3.64390143189649,19.3157372112027));
#6270=CARTESIAN_POINT('Ctrl Pts',(22.5724784306824,-8.99175114708744,21.5932321788927));
#6271=CARTESIAN_POINT('Ctrl Pts',(19.0873095436054,-7.17381194862733,20.8336106858931));
#6272=CARTESIAN_POINT('Ctrl Pts',(15.6021392660905,-5.35592547406576,20.0738347995953));
#6273=CARTESIAN_POINT('Ctrl Pts',(12.1169703790135,-3.53798627560564,19.3142133065957));
#6274=CARTESIAN_POINT('Ctrl Pts',(22.6381003938292,-8.87359560566716,21.5852543471204));
#6275=CARTESIAN_POINT('Ctrl Pts',(19.1420784486849,-7.07519072728814,20.8269742621208));
#6276=CARTESIAN_POINT('Ctrl Pts',(15.6460547112535,-5.27686071538429,20.0684739116895));
#6277=CARTESIAN_POINT('Ctrl Pts',(12.1500327661092,-3.47845583700527,19.31019382669));
#6278=CARTESIAN_POINT('Ctrl Pts',(22.703727806595,-8.75621986561703,21.5748456718149));
#6279=CARTESIAN_POINT('Ctrl Pts',(19.1968515082109,-6.9772435658692,20.8182397682169));
#6280=CARTESIAN_POINT('Ctrl Pts',(15.6899741972768,-5.19829458634933,20.0615555157658));
#6281=CARTESIAN_POINT('Ctrl Pts',(12.1830978988927,-3.41931828660149,19.3049496121678));
#6282=CARTESIAN_POINT('Ctrl Pts',(22.7856801511301,-8.61374445821489,21.5492362435066));
#6283=CARTESIAN_POINT('Ctrl Pts',(19.2652493631146,-6.85835263589834,20.7968051000436));
#6284=CARTESIAN_POINT('Ctrl Pts',(15.7448188283256,-5.10292656503628,20.04447792872));
#6285=CARTESIAN_POINT('Ctrl Pts',(12.2243880403101,-3.34753474271973,19.292046785257));
#6286=CARTESIAN_POINT('Ctrl Pts',(22.851033765653,-8.50159075543803,21.5243063346196));
#6287=CARTESIAN_POINT('Ctrl Pts',(19.3197945582796,-6.7647331844617,20.7760417011514));
#6288=CARTESIAN_POINT('Ctrl Pts',(15.788554432392,-5.02788578817295,20.0277509548446));
#6289=CARTESIAN_POINT('Ctrl Pts',(12.2573152250186,-3.29102821719662,19.2794863213764));
#6290=CARTESIAN_POINT('Ctrl Pts',(23.0114195934088,-8.24371577010196,21.409684277781));
#6291=CARTESIAN_POINT('Ctrl Pts',(19.4536537764407,-6.54954172865881,20.6802758714294));
#6292=CARTESIAN_POINT('Ctrl Pts',(15.8958884129895,-4.85527681632373,19.9511445686169));
#6293=CARTESIAN_POINT('Ctrl Pts',(12.3381225960214,-3.16110277488057,19.2217361622653));
#6294=CARTESIAN_POINT('Ctrl Pts',(23.1393756600644,-8.03814560832777,21.3177372382576));
#6295=CARTESIAN_POINT('Ctrl Pts',(19.5604476844945,-6.37792035887836,20.6036884389258));
#6296=CARTESIAN_POINT('Ctrl Pts',(15.9815188197837,-4.71775537977633,19.8894591818237));
#6297=CARTESIAN_POINT('Ctrl Pts',(12.4025908442138,-3.05753013032692,19.1754103824919));
#6298=CARTESIAN_POINT('Ctrl Pts',(23.2673338489063,-7.83255248450102,21.2258488505303));
#6299=CARTESIAN_POINT('Ctrl Pts',(19.6672426198141,-6.20635029525956,20.5269372847931));
#6300=CARTESIAN_POINT('Ctrl Pts',(16.0671513907219,-4.5801481060181,19.8280257190559));
#6301=CARTESIAN_POINT('Ctrl Pts',(12.4670601616296,-2.95394591677664,19.1291141533187));
#6302=CARTESIAN_POINT('',(12.5000001639128,-2.96882529077517,19.1355090325331));
#6303=CARTESIAN_POINT('',(12.5000001639128,-2.96882529077517,19.1355090325331));
#6304=CARTESIAN_POINT('',(12.4906016554225,-2.96457987750371,19.1336844325809));
#6305=CARTESIAN_POINT('',(23.2673338489063,-7.83255248450102,21.2258488505303));
#6306=CARTESIAN_POINT('',(11.7954976250005,-4.1897005312287,19.2322774312505));
#6307=CARTESIAN_POINT('Ctrl Pts',(11.7954976251738,-4.18970053118772,19.2322774307879));
#6308=CARTESIAN_POINT('Ctrl Pts',(11.9032734521074,-3.94589473001841,19.2942498805927));
#6309=CARTESIAN_POINT('Ctrl Pts',(12.0004213422905,-3.75417520401998,19.3136693119759));
#6310=CARTESIAN_POINT('Ctrl Pts',(12.1655255920385,-3.44962910773343,19.3158309993812));
#6311=CARTESIAN_POINT('Ctrl Pts',(12.2193650663791,-3.36352228738648,19.2957807033214));
#6312=CARTESIAN_POINT('Ctrl Pts',(12.318463783486,-3.20358073974873,19.2598478777742));
#6313=CARTESIAN_POINT('Ctrl Pts',(12.3861388988366,-3.10959230814918,19.1985820386748));
#6314=CARTESIAN_POINT('Ctrl Pts',(12.4906016554225,-2.96457987750372,19.133684432581));
#6315=CARTESIAN_POINT('',(21.9078976477451,-10.2693219432267,21.4248555039139));
#6316=CARTESIAN_POINT('',(21.907897647748,-10.2693219434406,21.4248555033362));
#6317=CARTESIAN_POINT('',(23.2673338489063,-7.83255248450102,21.2258488505303));
#6318=CARTESIAN_POINT('Ctrl Pts',(21.907897647748,-10.2693219434406,21.4248555033362));
#6319=CARTESIAN_POINT('Ctrl Pts',(22.0351241698947,-10.0127167828151,21.4941095170693));
#6320=CARTESIAN_POINT('Ctrl Pts',(22.2288437516449,-9.63188700933512,21.5691312811326));
#6321=CARTESIAN_POINT('Ctrl Pts',(22.4576976809087,-9.20197070754067,21.5962568126456));
#6322=CARTESIAN_POINT('Ctrl Pts',(22.5724784306824,-8.99175114708744,21.5932321788927));
#6323=CARTESIAN_POINT('Ctrl Pts',(22.6381003938292,-8.87359560566716,21.5852543471204));
#6324=CARTESIAN_POINT('Ctrl Pts',(22.703727806595,-8.75621986561703,21.5748456718149));
#6325=CARTESIAN_POINT('Ctrl Pts',(22.7856801511301,-8.61374445821489,21.5492362435066));
#6326=CARTESIAN_POINT('Ctrl Pts',(22.851033765653,-8.50159075543803,21.5243063346196));
#6327=CARTESIAN_POINT('Ctrl Pts',(23.0114195934088,-8.24371577010196,21.409684277781));
#6328=CARTESIAN_POINT('Ctrl Pts',(23.1393756600644,-8.03814560832777,21.3177372382576));
#6329=CARTESIAN_POINT('Ctrl Pts',(23.2673338489063,-7.83255248450102,21.2258488505303));
#6330=CARTESIAN_POINT('',(23.2673338489063,-7.83255248450102,21.2258488505303));
#6331=CARTESIAN_POINT('Origin',(23.2673338489063,-7.83255248450102,21.2258488505303));
#6332=CARTESIAN_POINT('',(12.5000001639128,-3.27508481777749,18.192939128175));
#6333=CARTESIAN_POINT('',(12.5000001639128,-3.72395936548482,16.8114453224392));
#6334=CARTESIAN_POINT('',(12.4906016554225,-3.2705777333495,18.1919198692334));
#6335=CARTESIAN_POINT('',(23.2673338489063,-8.43859369080372,19.3606458070426));
#6336=CARTESIAN_POINT('',(12.4906016554225,-3.11757880542661,18.6628021509072));
#6337=CARTESIAN_POINT('Origin',(23.2673338489063,-7.83255248450102,21.2258488505303));
#6338=CARTESIAN_POINT('',(23.2673338489063,-8.43859369080372,19.3606458070426));
#6339=CARTESIAN_POINT('',(23.2673338489063,-8.43859369080372,19.3606458070426));
#6340=CARTESIAN_POINT('',(23.2673338489063,-8.43859369080372,19.3606458070426));
#6341=CARTESIAN_POINT('Origin',(23.2673338489063,-7.83255248450102,21.2258488505303));
#6342=CARTESIAN_POINT('',(23.2673338489063,-8.43859369080372,19.3606458070426));
#6343=CARTESIAN_POINT('Origin',(22.6766217074779,-9.11872779884518,20.612665299211));
#6344=CARTESIAN_POINT('',(21.9078976480635,-10.5269547702807,20.6319431941866));
#6345=CARTESIAN_POINT('Origin',(28.4536888457592,0.496289650123657,17.4885851101042));
#6346=CARTESIAN_POINT('Ctrl Pts',(23.2673338489063,-8.43859369080372,19.3606458070426));
#6347=CARTESIAN_POINT('Ctrl Pts',(23.1393756600644,-8.6589326610692,19.4071511459437));
#6348=CARTESIAN_POINT('Ctrl Pts',(23.0114195859368,-8.87928743260738,19.4535958777069));
#6349=CARTESIAN_POINT('Ctrl Pts',(22.8510337552372,-9.15528575119632,19.5124400668257));
#6350=CARTESIAN_POINT('Ctrl Pts',(22.7856801402106,-9.26067342424724,19.5581936768646));
#6351=CARTESIAN_POINT('Ctrl Pts',(22.703727794526,-9.39099125307187,19.6212202911238));
#6352=CARTESIAN_POINT('Ctrl Pts',(22.6381003811682,-9.49206826536002,19.6817912958906));
#6353=CARTESIAN_POINT('Ctrl Pts',(22.5724784174462,-9.59234734701326,19.7447872168486));
#6354=CARTESIAN_POINT('Ctrl Pts',(22.4576976683357,-9.76419638584228,19.8659041695612));
#6355=CARTESIAN_POINT('Ctrl Pts',(22.2288437340785,-10.0960619775031,20.1405477227106));
#6356=CARTESIAN_POINT('Ctrl Pts',(22.0351241698947,-10.3600633222313,20.4250867910137));
#6357=CARTESIAN_POINT('Ctrl Pts',(21.907897647748,-10.5269547700871,20.6319431941304));
#6358=CARTESIAN_POINT('Ctrl Pts',(23.2673338489063,-8.43859369080372,19.3606458070426));
#6359=CARTESIAN_POINT('Ctrl Pts',(19.6672426453451,-6.71215858466417,18.9702194799762));
#6360=CARTESIAN_POINT('Ctrl Pts',(16.067151441784,-4.98572347852461,18.5797931529097));
#6361=CARTESIAN_POINT('Ctrl Pts',(12.4670602382228,-3.25928837238505,18.1893668258433));
#6362=CARTESIAN_POINT('Ctrl Pts',(23.1393756600644,-8.6589326610692,19.4071511459437));
#6363=CARTESIAN_POINT('Ctrl Pts',(19.5604477098754,-6.8960748786117,19.0089728451299));
#6364=CARTESIAN_POINT('Ctrl Pts',(15.9815188705457,-5.13315978547381,18.6109759637392));
#6365=CARTESIAN_POINT('Ctrl Pts',(12.4025909203567,-3.3703020030163,18.2127976629254));
#6366=CARTESIAN_POINT('Ctrl Pts',(23.0114195859368,-8.87928743260738,19.4535958777069));
#6367=CARTESIAN_POINT('Ctrl Pts',(19.4536537941995,-7.07993635025996,19.0478891607854));
#6368=CARTESIAN_POINT('Ctrl Pts',(15.8958884596867,-5.28067467716791,18.6419046811668));
#6369=CARTESIAN_POINT('Ctrl Pts',(12.3381226679494,-3.4813235948205,18.2361979642453));
#6370=CARTESIAN_POINT('Ctrl Pts',(22.8510337552372,-9.15528575119632,19.5124400668257));
#6371=CARTESIAN_POINT('Ctrl Pts',(19.3197945729065,-7.31031955618713,19.0968996089857));
#6372=CARTESIAN_POINT('Ctrl Pts',(15.7885544772297,-5.4653463323821,18.6813859559182));
#6373=CARTESIAN_POINT('Ctrl Pts',(12.257315294899,-3.62038013737291,18.2658454980781));
#6374=CARTESIAN_POINT('Ctrl Pts',(22.7856801402106,-9.26067342424724,19.5581936768646));
#6375=CARTESIAN_POINT('Ctrl Pts',(19.2652493771612,-7.39826369192104,19.1351298368709));
#6376=CARTESIAN_POINT('Ctrl Pts',(15.7448188727563,-5.53588745926789,18.7119614307579));
#6377=CARTESIAN_POINT('Ctrl Pts',(12.2243881097069,-3.67347772694168,18.2888975907642));
#6378=CARTESIAN_POINT('Ctrl Pts',(22.703727794526,-9.39099125307187,19.6212202911238));
#6379=CARTESIAN_POINT('Ctrl Pts',(19.1968515210118,-7.5070474154138,19.187671295084));
#6380=CARTESIAN_POINT('Ctrl Pts',(15.6899742409361,-5.62307974252612,18.7542013565883));
#6381=CARTESIAN_POINT('Ctrl Pts',(12.1830979674219,-3.73913590486805,18.3206523605486));
#6382=CARTESIAN_POINT('Ctrl Pts',(22.6381003811682,-9.49206826536002,19.6817912958906));
#6383=CARTESIAN_POINT('Ctrl Pts',(19.142078460817,-7.59142231839373,19.2381769091353));
#6384=CARTESIAN_POINT('Ctrl Pts',(15.6460547544606,-5.69070759635401,18.7947843046022));
#6385=CARTESIAN_POINT('Ctrl Pts',(12.1500328341093,-3.79006164938772,18.3511699178469));
#6386=CARTESIAN_POINT('Ctrl Pts',(22.5724784174462,-9.59234734701326,19.7447872168486));
#6387=CARTESIAN_POINT('Ctrl Pts',(19.0873095550852,-7.67510934340571,19.2907760667782));
#6388=CARTESIAN_POINT('Ctrl Pts',(15.6021393088539,-5.75782337522779,18.8369203734613));
#6389=CARTESIAN_POINT('Ctrl Pts',(12.1169704464929,-3.84058537162024,18.3829092233909));
#6390=CARTESIAN_POINT('Ctrl Pts',(22.4576976683357,-9.76419638584228,19.8659041695612));
#6391=CARTESIAN_POINT('Ctrl Pts',(18.9915125249133,-7.8185304140555,19.391878767534));
#6392=CARTESIAN_POINT('Ctrl Pts',(15.5253254762954,-5.87283423747208,18.9179571156087));
#6393=CARTESIAN_POINT('Ctrl Pts',(12.059140332873,-3.9271682656853,18.4439317135815));
#6394=CARTESIAN_POINT('Ctrl Pts',(22.2288437340785,-10.0960619775031,20.1405477227106));
#6395=CARTESIAN_POINT('Ctrl Pts',(18.8005081074391,-8.0955110201719,19.6210956518699));
#6396=CARTESIAN_POINT('Ctrl Pts',(15.3721722250187,-6.09492343644942,19.101757753983));
#6397=CARTESIAN_POINT('Ctrl Pts',(11.9438365983792,-4.0943724791182,18.5823056831423));
#6398=CARTESIAN_POINT('Ctrl Pts',(22.0351241698947,-10.3600633222313,20.4250867910137));
#6399=CARTESIAN_POINT('Ctrl Pts',(18.6388306228888,-8.31584512114343,19.858571441395));
#6400=CARTESIAN_POINT('Ctrl Pts',(15.2425281999896,-6.27160277395636,19.2921806708255));
#6401=CARTESIAN_POINT('Ctrl Pts',(11.8462346529837,-4.22738457286853,18.7256653212068));
#6402=CARTESIAN_POINT('Ctrl Pts',(21.907897647748,-10.5269547700871,20.6319431941304));
#6403=CARTESIAN_POINT('Ctrl Pts',(18.5326430890219,-8.4551264061616,20.0312574677211));
#6404=CARTESIAN_POINT('Ctrl Pts',(15.1573885302958,-6.38329804223612,19.4305717413119));
#6405=CARTESIAN_POINT('Ctrl Pts',(11.7821339715696,-4.31146967831064,18.8298860149027));
#6406=CARTESIAN_POINT('',(11.7954976249893,-4.31967267329031,18.8322643113312));
#6407=CARTESIAN_POINT('',(1.5,2.,17.));
#6408=CARTESIAN_POINT('Ctrl Pts',(12.4906016554225,-3.2705777333495,18.1919198692335));
#6409=CARTESIAN_POINT('Ctrl Pts',(12.3861565064939,-3.42601490587286,18.2246472538652));
#6410=CARTESIAN_POINT('Ctrl Pts',(12.3184653491322,-3.53808789082147,18.2303327301981));
#6411=CARTESIAN_POINT('Ctrl Pts',(12.21937255549,-3.68859528345537,18.2952688720441));
#6412=CARTESIAN_POINT('Ctrl Pts',(12.165535200104,-3.77003937243985,18.3296590997037));
#6413=CARTESIAN_POINT('Ctrl Pts',(12.0004650604544,-4.01510127109974,18.5103701281093));
#6414=CARTESIAN_POINT('Ctrl Pts',(11.9033052797054,-4.15880863702366,18.6387649651503));
#6415=CARTESIAN_POINT('Ctrl Pts',(11.7954976248231,-4.31967267318828,18.8322643113014));
#6416=CARTESIAN_POINT('',(12.5000001639128,-3.3154017691055,18.2015805646889));
#6417=CARTESIAN_POINT('Origin',(21.6579165989392,0.671556201910991,17.4316292102041));
#6418=CARTESIAN_POINT('Origin',(14.7915011779017,1.37119371102924,17.204311548402));
#6419=CARTESIAN_POINT('Origin',(22.5,-9.41267819554184,20.7082039324994));
#6420=CARTESIAN_POINT('Ctrl Pts',(21.907897647748,-10.5269547700871,13.3680568058697));
#6421=CARTESIAN_POINT('Ctrl Pts',(18.5326430650853,-8.45512639146868,13.9687425365389));
#6422=CARTESIAN_POINT('Ctrl Pts',(15.1573884824227,-6.38329801285024,14.569428267208));
#6423=CARTESIAN_POINT('Ctrl Pts',(11.78213389976,-4.31146963423181,15.1701139978772));
#6424=CARTESIAN_POINT('Ctrl Pts',(22.0351241698947,-10.3600633222312,13.5749132089862));
#6425=CARTESIAN_POINT('Ctrl Pts',(18.638830598803,-8.3158451066462,14.1414285626225));
#6426=CARTESIAN_POINT('Ctrl Pts',(15.242528151818,-6.27160274496188,14.7078193372088));
#6427=CARTESIAN_POINT('Ctrl Pts',(11.8462345807263,-4.22738452937689,15.2743346908451));
#6428=CARTESIAN_POINT('Ctrl Pts',(22.2288434969347,-10.0960583307172,13.8594397106675));
#6429=CARTESIAN_POINT('Ctrl Pts',(18.8005078459823,-8.09550735919851,14.378891785192));
#6430=CARTESIAN_POINT('Ctrl Pts',(15.3721720569122,-6.09492157070999,14.8982359219287));
#6431=CARTESIAN_POINT('Ctrl Pts',(11.9438364059598,-4.09437059919131,15.4176879964532));
#6432=CARTESIAN_POINT('Ctrl Pts',(22.4576975019702,-9.76419296241742,14.1340843520767));
#6433=CARTESIAN_POINT('Ctrl Pts',(18.9915123339664,-7.81852697683239,14.6081097574656));
#6434=CARTESIAN_POINT('Ctrl Pts',(15.5253253433124,-5.87283248504743,15.0820371079579));
#6435=CARTESIAN_POINT('Ctrl Pts',(12.0591401753086,-3.9271664994624,15.5560625133468));
#6436=CARTESIAN_POINT('Ctrl Pts',(22.5724782421461,-9.59234383583597,14.2552009841182));
#6437=CARTESIAN_POINT('Ctrl Pts',(19.0873093550691,-7.6751058186318,14.7092121374083));
#6438=CARTESIAN_POINT('Ctrl Pts',(15.6021391711001,-5.75782157899381,15.163073688257));
#6439=CARTESIAN_POINT('Ctrl Pts',(12.1169702840231,-3.84058356178963,15.6170848415471));
#6440=CARTESIAN_POINT('Ctrl Pts',(22.6381002138324,-9.49206490911526,14.3181974270117));
#6441=CARTESIAN_POINT('Ctrl Pts',(19.1420782686881,-7.59141894867,14.761811816913));
#6442=CARTESIAN_POINT('Ctrl Pts',(15.6460546205655,-5.69070587841505,15.2052100199355));
#6443=CARTESIAN_POINT('Ctrl Pts',(12.1500326754213,-3.79005991796979,15.6488244098368));
#6444=CARTESIAN_POINT('Ctrl Pts',(22.7037276352897,-9.39098820205416,14.37876941704));
#6445=CARTESIAN_POINT('Ctrl Pts',(19.1968513369056,-7.50704435103557,14.8123184161544));
#6446=CARTESIAN_POINT('Ctrl Pts',(15.6899741109679,-5.62307817860726,15.2457934642131));
#6447=CARTESIAN_POINT('Ctrl Pts',(12.1830978125837,-3.73913432758867,15.6793424633275));
#6448=CARTESIAN_POINT('Ctrl Pts',(22.785679996779,-9.26067094805604,14.4417978899357));
#6449=CARTESIAN_POINT('Ctrl Pts',(19.2652492087635,-7.39826120252203,14.8648617329297));
#6450=CARTESIAN_POINT('Ctrl Pts',(15.7448187505588,-5.53588618527035,15.288034326335));
#6451=CARTESIAN_POINT('Ctrl Pts',(12.2243879625433,-3.67347643973634,15.711098169329));
#6452=CARTESIAN_POINT('Ctrl Pts',(22.8510336183403,-9.15528342311377,14.4875519928128));
#6453=CARTESIAN_POINT('Ctrl Pts',(19.3197944109669,-7.31031721502049,14.9030924535998));
#6454=CARTESIAN_POINT('Ctrl Pts',(15.7885543581713,-5.46534513325343,15.3186100493743));
#6455=CARTESIAN_POINT('Ctrl Pts',(12.2573151507978,-3.62037892516015,15.7341505101612));
#6456=CARTESIAN_POINT('Ctrl Pts',(23.0114194881153,-8.87928620862532,14.5463998012904));
#6457=CARTESIAN_POINT('Ctrl Pts',(19.4536536711471,-7.0799351135173,14.952106521089));
#6458=CARTESIAN_POINT('Ctrl Pts',(15.8958883599394,-5.28067403496711,15.3580931475339));
#6459=CARTESIAN_POINT('Ctrl Pts',(12.3381225429712,-3.48132293985908,15.7637998673326));
#6460=CARTESIAN_POINT('Ctrl Pts',(23.1393756600644,-8.65893266106923,14.5928488540564));
#6461=CARTESIAN_POINT('Ctrl Pts',(19.5604476844945,-6.89607486610992,14.9910271576939));
#6462=CARTESIAN_POINT('Ctrl Pts',(15.9815188197837,-5.13315976046982,15.3890240419071));
#6463=CARTESIAN_POINT('Ctrl Pts',(12.4025908442138,-3.37030196551051,15.7872023455447));
#6464=CARTESIAN_POINT('Ctrl Pts',(23.2673338489063,-8.43859369080375,14.6393541929574));
#6465=CARTESIAN_POINT('Ctrl Pts',(19.6672426198141,-6.7121585724207,15.0297805227927));
#6466=CARTESIAN_POINT('Ctrl Pts',(16.0671513907219,-4.98572345403764,15.420206852628));
#6467=CARTESIAN_POINT('Ctrl Pts',(12.4670601616296,-3.25928833565458,15.8106331824632));
#6468=CARTESIAN_POINT('',(12.5000001639128,-3.2750848177775,15.807060871825));
#6469=CARTESIAN_POINT('',(12.5000001639128,-3.2750848177775,15.807060871825));
#6470=CARTESIAN_POINT('',(12.4906016554225,-3.27057773334951,15.8080801307666));
#6471=CARTESIAN_POINT('',(23.2673338489063,-8.43859369080375,14.6393541929574));
#6472=CARTESIAN_POINT('',(11.7954976250005,-4.31967267297001,15.1677356896782));
#6473=CARTESIAN_POINT('Ctrl Pts',(11.7954976251738,-4.31967267266501,15.1677356893281));
#6474=CARTESIAN_POINT('Ctrl Pts',(11.903322506625,-4.15878293206309,15.3612659546081));
#6475=CARTESIAN_POINT('Ctrl Pts',(12.0004961925212,-4.01505313322063,15.4896552264122));
#6476=CARTESIAN_POINT('Ctrl Pts',(12.1655285124155,-3.77004746821932,15.6703309181436));
#6477=CARTESIAN_POINT('Ctrl Pts',(12.2193735889195,-3.68859224090333,15.7047271794489));
#6478=CARTESIAN_POINT('Ctrl Pts',(12.3185428979565,-3.53796918311783,15.7697155512544));
#6479=CARTESIAN_POINT('Ctrl Pts',(12.3864164839541,-3.42562800268187,15.7754342088186));
#6480=CARTESIAN_POINT('Ctrl Pts',(12.4906016554225,-3.27057773334952,15.8080801307666));
#6481=CARTESIAN_POINT('',(21.9078976477451,-10.5269547702537,13.3680568064628));
#6482=CARTESIAN_POINT('',(21.907897647748,-10.5269547700871,13.3680568058697));
#6483=CARTESIAN_POINT('',(23.2673338489063,-8.43859369080375,14.6393541929574));
#6484=CARTESIAN_POINT('Ctrl Pts',(21.907897647748,-10.5269547700871,13.3680568058697));
#6485=CARTESIAN_POINT('Ctrl Pts',(22.0351241698947,-10.3600633222312,13.5749132089862));
#6486=CARTESIAN_POINT('Ctrl Pts',(22.2288434969347,-10.0960583307172,13.8594397106675));
#6487=CARTESIAN_POINT('Ctrl Pts',(22.4576975019702,-9.76419296241742,14.1340843520767));
#6488=CARTESIAN_POINT('Ctrl Pts',(22.5724782421461,-9.59234383583597,14.2552009841182));
#6489=CARTESIAN_POINT('Ctrl Pts',(22.6381002138324,-9.49206490911526,14.3181974270117));
#6490=CARTESIAN_POINT('Ctrl Pts',(22.7037276352897,-9.39098820205416,14.37876941704));
#6491=CARTESIAN_POINT('Ctrl Pts',(22.785679996779,-9.26067094805604,14.4417978899357));
#6492=CARTESIAN_POINT('Ctrl Pts',(22.8510336183403,-9.15528342311377,14.4875519928128));
#6493=CARTESIAN_POINT('Ctrl Pts',(23.0114194881153,-8.87928620862532,14.5463998012904));
#6494=CARTESIAN_POINT('Ctrl Pts',(23.1393756600644,-8.65893266106923,14.5928488540564));
#6495=CARTESIAN_POINT('Ctrl Pts',(23.2673338489063,-8.43859369080375,14.6393541929574));
#6496=CARTESIAN_POINT('',(23.2673338489063,-8.43859369080375,14.6393541929574));
#6497=CARTESIAN_POINT('Origin',(23.2673338489063,-8.43859369080375,14.6393541929574));
#6498=CARTESIAN_POINT('',(12.5000001639128,-2.96882529077518,14.8644909674669));
#6499=CARTESIAN_POINT('',(12.5000001639128,-2.56369810199617,13.6176376880996));
#6500=CARTESIAN_POINT('',(12.4906016554225,-2.96457987750373,14.8663155674191));
#6501=CARTESIAN_POINT('',(23.2673338489063,-7.83255248450105,12.7741511494698));
#6502=CARTESIAN_POINT('',(12.4906016554225,-3.11757880542661,15.3371978490928));
#6503=CARTESIAN_POINT('Origin',(23.2673338489063,-8.43859369080375,14.6393541929574));
#6504=CARTESIAN_POINT('',(23.2673338489063,-7.83255248450105,12.7741511494698));
#6505=CARTESIAN_POINT('',(23.2673338489063,-7.83255248450105,12.7741511494698));
#6506=CARTESIAN_POINT('',(23.2673338489063,-7.83255248450105,12.7741511494698));
#6507=CARTESIAN_POINT('Origin',(23.2673338489063,-8.43859369080375,14.6393541929574));
#6508=CARTESIAN_POINT('',(23.2673338489063,-7.83255248450105,12.7741511494698));
#6509=CARTESIAN_POINT('Origin',(22.6766217074779,-9.11871112943991,13.3872833976348));
#6510=CARTESIAN_POINT('',(21.9078976480635,-10.2693219436303,12.5751444965954));
#6511=CARTESIAN_POINT('Origin',(28.4536888457592,0.496289650123627,16.5114148898959));
#6512=CARTESIAN_POINT('Ctrl Pts',(23.2673338489063,-7.83255248450105,12.7741511494698));
#6513=CARTESIAN_POINT('Ctrl Pts',(23.1393756600644,-8.0381456083278,12.6822627617425));
#6514=CARTESIAN_POINT('Ctrl Pts',(23.0114194602793,-8.24371786637165,12.5903214199499));
#6515=CARTESIAN_POINT('Ctrl Pts',(22.8510335791858,-8.50159454272585,12.475704265474));
#6516=CARTESIAN_POINT('Ctrl Pts',(22.7856799557879,-8.61374847680027,12.4507750181875));
#6517=CARTESIAN_POINT('Ctrl Pts',(22.7037275895182,-8.75622474902384,12.4251681284399));
#6518=CARTESIAN_POINT('Ctrl Pts',(22.6381001656239,-8.87360094675867,12.4147607987227));
#6519=CARTESIAN_POINT('Ctrl Pts',(22.5724781915086,-8.99175673803922,12.4067836738249));
#6520=CARTESIAN_POINT('Ctrl Pts',(22.4576974539728,-9.20197613850485,12.4037586169851));
#6521=CARTESIAN_POINT('Ctrl Pts',(22.2288434267594,-9.63189307727268,12.4308855542055));
#6522=CARTESIAN_POINT('Ctrl Pts',(22.0351241698947,-10.0127167828153,12.5058904829307));
#6523=CARTESIAN_POINT('Ctrl Pts',(21.907897647748,-10.2693219434406,12.5751444966638));
#6524=CARTESIAN_POINT('Ctrl Pts',(23.2673338489063,-7.83255248450105,12.7741511494698));
#6525=CARTESIAN_POINT('Ctrl Pts',(19.6672426453451,-6.20635030679225,13.4730627102504));
#6526=CARTESIAN_POINT('Ctrl Pts',(16.067151441784,-4.58014812908345,14.1719742710311));
#6527=CARTESIAN_POINT('Ctrl Pts',(12.4670602382228,-2.95394595137466,14.8708858318118));
#6528=CARTESIAN_POINT('Ctrl Pts',(23.1393756600644,-8.0381456083278,12.6822627617425));
#6529=CARTESIAN_POINT('Ctrl Pts',(19.5604477098754,-6.37792037065233,13.3963115560104));
#6530=CARTESIAN_POINT('Ctrl Pts',(15.9815188705457,-4.71775540332382,14.1105408080473));
#6531=CARTESIAN_POINT('Ctrl Pts',(12.4025909203567,-3.05753016564836,14.8245896023152));
#6532=CARTESIAN_POINT('Ctrl Pts',(23.0114194602793,-8.24371786637165,12.5903214199499));
#6533=CARTESIAN_POINT('Ctrl Pts',(19.453653668542,-6.5495438369432,13.3197298211287));
#6534=CARTESIAN_POINT('Ctrl Pts',(15.8958883963765,-4.8552778965197,14.0488582917336));
#6535=CARTESIAN_POINT('Ctrl Pts',(12.3381226046392,-3.16110386709125,14.7782666929124));
#6536=CARTESIAN_POINT('Ctrl Pts',(22.8510335791858,-8.50159454272585,12.475704265474));
#6537=CARTESIAN_POINT('Ctrl Pts',(19.3197943968552,-6.76473698406692,13.2239688936357));
#6538=CARTESIAN_POINT('Ctrl Pts',(15.7885543885295,-5.02788772096117,13.9722543751992));
#6539=CARTESIAN_POINT('Ctrl Pts',(12.2573152061989,-3.29103016230224,14.7205190033609));
#6540=CARTESIAN_POINT('Ctrl Pts',(22.7856799557879,-8.61374847680027,12.4507750181875));
#6541=CARTESIAN_POINT('Ctrl Pts',(19.2652491927385,-6.85835666693257,13.2032061563144));
#6542=CARTESIAN_POINT('Ctrl Pts',(15.7448187798384,-5.10292861462261,13.9555277346005));
#6543=CARTESIAN_POINT('Ctrl Pts',(12.224388016789,-3.34753680475491,14.7079588727274));
#6544=CARTESIAN_POINT('Ctrl Pts',(22.7037275895182,-8.75622474902384,12.4251681284399));
#6545=CARTESIAN_POINT('Ctrl Pts',(19.196851316004,-6.97724846189211,13.1817740266722));
#6546=CARTESIAN_POINT('Ctrl Pts',(15.6899741376468,-5.19829707199369,13.9384514265001));
#6547=CARTESIAN_POINT('Ctrl Pts',(12.1830978641326,-3.41932078486195,14.6950573247324));
#6548=CARTESIAN_POINT('Ctrl Pts',(22.6381001656239,-8.87360094675867,12.4147607987227));
#6549=CARTESIAN_POINT('Ctrl Pts',(19.1420782452727,-7.07519608113354,13.1730408783447));
#6550=CARTESIAN_POINT('Ctrl Pts',(15.6460546458626,-5.27686343189967,13.9315337085009));
#6551=CARTESIAN_POINT('Ctrl Pts',(12.1500327255114,-3.47845856627454,14.6898137881229));
#6552=CARTESIAN_POINT('Ctrl Pts',(22.5724781915086,-8.99175673803922,12.4067836738249));
#6553=CARTESIAN_POINT('Ctrl Pts',(19.0873093291476,-7.17381755247153,13.1664051614374));
#6554=CARTESIAN_POINT('Ctrl Pts',(15.6021391950194,-5.35592831674574,13.9261731767219));
#6555=CARTESIAN_POINT('Ctrl Pts',(12.1169703326584,-3.53798913117805,14.6857946643345));
#6556=CARTESIAN_POINT('Ctrl Pts',(22.4576974539728,-9.20197613850485,12.4037586169851));
#6557=CARTESIAN_POINT('Ctrl Pts',(18.9915123105504,-7.34927416142868,13.1638977750833));
#6558=CARTESIAN_POINT('Ctrl Pts',(15.5253253682927,-5.49660618467803,13.9241313884544));
#6559=CARTESIAN_POINT('Ctrl Pts',(12.0591402248703,-3.64390420760186,14.6842705465525));
#6560=CARTESIAN_POINT('Ctrl Pts',(22.2288434267594,-9.63189307727268,12.4308855542055));
#6561=CARTESIAN_POINT('Ctrl Pts',(18.8005078001199,-7.70808708816573,13.186534350311));
#6562=CARTESIAN_POINT('Ctrl Pts',(15.3721720701817,-5.78431573037807,13.9422891456659));
#6563=CARTESIAN_POINT('Ctrl Pts',(11.9438364435422,-3.86050974127112,14.6979379417714));
#6564=CARTESIAN_POINT('Ctrl Pts',(22.0351241698947,-10.0127167828153,12.5058904829307));
#6565=CARTESIAN_POINT('Ctrl Pts',(18.6388306228888,-8.02592015022145,13.2491312485822));
#6566=CARTESIAN_POINT('Ctrl Pts',(15.2425281999896,-6.03917720875079,13.9924869935226));
#6567=CARTESIAN_POINT('Ctrl Pts',(11.8462346529837,-4.05238057615697,14.7357277591741));
#6568=CARTESIAN_POINT('Ctrl Pts',(21.907897647748,-10.2693219434406,12.5751444966638));
#6569=CARTESIAN_POINT('Ctrl Pts',(18.5326430890219,-8.24010337635091,13.306969693317));
#6570=CARTESIAN_POINT('Ctrl Pts',(15.1573885302958,-6.21088480926121,14.0387948899701));
#6571=CARTESIAN_POINT('Ctrl Pts',(11.7821339715696,-4.18166624217152,14.7706200866232));
#6572=CARTESIAN_POINT('',(11.7954976249893,-4.18970053208111,14.7677225693778));
#6573=CARTESIAN_POINT('',(1.5,2.,17.));
#6574=CARTESIAN_POINT('Ctrl Pts',(12.4906016554225,-2.96457987750374,14.8663155674191));
#6575=CARTESIAN_POINT('Ctrl Pts',(12.3864844166793,-3.10911266943489,14.8016326146753));
#6576=CARTESIAN_POINT('Ctrl Pts',(12.3185587257932,-3.20342935938789,14.740191844587));
#6577=CARTESIAN_POINT('Ctrl Pts',(12.2193813348623,-3.36349785181082,14.7042309246988));
#6578=CARTESIAN_POINT('Ctrl Pts',(12.1655375797122,-3.44961268515748,14.684181287196));
#6579=CARTESIAN_POINT('Ctrl Pts',(12.0005595407525,-3.75391989561612,14.686332463607));
#6580=CARTESIAN_POINT('Ctrl Pts',(11.9033678720796,-3.94568113719025,14.7056958266601));
#6581=CARTESIAN_POINT('Ctrl Pts',(11.7954976248231,-4.1897005319811,14.7677225694137));
#6582=CARTESIAN_POINT('',(12.5000001639128,-3.0065217238802,14.8477843961381));
#6583=CARTESIAN_POINT('Origin',(21.6579165989426,0.671561107054998,16.5683556933067));
#6584=CARTESIAN_POINT('Origin',(14.7915011779213,1.37119371103244,16.7956884515994));
#6585=CARTESIAN_POINT('Origin',(22.5,-9.41267819554184,13.2917960675006));
#6586=CARTESIAN_POINT('Ctrl Pts',(21.907897647748,-5.99971665009299,6.69853696335213));
#6587=CARTESIAN_POINT('Ctrl Pts',(18.5326430650853,-4.67664649611224,8.40229209397494));
#6588=CARTESIAN_POINT('Ctrl Pts',(15.1573884824227,-3.35357634213149,10.1060472245978));
#6589=CARTESIAN_POINT('Ctrl Pts',(11.78213389976,-2.03050618815074,11.8098023552206));
#6590=CARTESIAN_POINT('Ctrl Pts',(22.0351241698947,-5.98628577565599,6.96398364065214));
#6591=CARTESIAN_POINT('Ctrl Pts',(18.638830598803,-4.66546786910156,8.6238655089067));
#6592=CARTESIAN_POINT('Ctrl Pts',(15.242528151818,-3.34455720221405,10.2836607833138));
#6593=CARTESIAN_POINT('Ctrl Pts',(11.8462345807263,-2.02373929565962,11.9435426515684));
#6594=CARTESIAN_POINT('Ctrl Pts',(22.228843078971,-5.93992392436422,7.34933481393954));
#6595=CARTESIAN_POINT('Ctrl Pts',(18.8005074280185,-4.62677045897053,8.94547472751126));
#6596=CARTESIAN_POINT('Ctrl Pts',(15.3721718463291,-3.31353421765746,10.5415546506807));
#6597=CARTESIAN_POINT('Ctrl Pts',(11.9438361953766,-2.00038075226378,12.1376945642524));
#6598=CARTESIAN_POINT('Ctrl Pts',(22.4576972247752,-5.83287297764148,7.76659410963762));
#6599=CARTESIAN_POINT('Ctrl Pts',(18.9915120567714,-4.53742127242547,9.29372249057668));
#6600=CARTESIAN_POINT('Ctrl Pts',(15.525325203653,-3.24189685924727,10.8207944010034));
#6601=CARTESIAN_POINT('Ctrl Pts',(12.0591400356492,-1.94644515403126,12.3479227819425));
#6602=CARTESIAN_POINT('Ctrl Pts',(22.5724779492071,-5.76503426624527,7.96558956799175));
#6603=CARTESIAN_POINT('Ctrl Pts',(19.0873090621301,-4.48081718834556,9.45981653828627));
#6604=CARTESIAN_POINT('Ctrl Pts',(15.6021390235083,-3.19648297808509,10.9539559160231));
#6605=CARTESIAN_POINT('Ctrl Pts',(12.1169701364313,-1.91226590018539,12.4481828863177));
#6606=CARTESIAN_POINT('Ctrl Pts',(22.6380999358688,-5.72093610156861,8.07549785683994));
#6607=CARTESIAN_POINT('Ctrl Pts',(19.1420779907246,-4.44403121536701,9.55156110259835));
#6608=CARTESIAN_POINT('Ctrl Pts',(15.6460544805188,-3.16695275875056,11.027494856671));
#6609=CARTESIAN_POINT('Ctrl Pts',(12.1500325353746,-1.89004787254896,12.5035581024294));
#6610=CARTESIAN_POINT('Ctrl Pts',(22.7037273721152,-5.67476821417565,8.18391419215734));
#6611=CARTESIAN_POINT('Ctrl Pts',(19.1968510737311,-4.40545933007904,9.64201711211096));
#6612=CARTESIAN_POINT('Ctrl Pts',(15.6899739783724,-3.13609593829783,11.1000787059713));
#6613=CARTESIAN_POINT('Ctrl Pts',(12.1830976799882,-1.86678705420122,12.5581816259249));
#6614=CARTESIAN_POINT('Ctrl Pts',(22.7856797628062,-5.60638951022119,8.31150607331671));
#6615=CARTESIAN_POINT('Ctrl Pts',(19.2652489747907,-4.34833906328467,9.74846889415505));
#6616=CARTESIAN_POINT('Ctrl Pts',(15.744818632676,-3.09038618223722,11.185503565293));
#6617=CARTESIAN_POINT('Ctrl Pts',(12.2243878446605,-1.8323357353007,12.6224663861313));
#6618=CARTESIAN_POINT('Ctrl Pts',(22.8510333946203,-5.54802346671385,8.41046766074296));
#6619=CARTESIAN_POINT('Ctrl Pts',(19.3197941872469,-4.29966300490025,9.83109088346517));
#6620=CARTESIAN_POINT('Ctrl Pts',(15.7885542454542,-3.05128956812683,11.2517030906987));
#6621=CARTESIAN_POINT('Ctrl Pts',(12.2573150380808,-1.80292910631322,12.6723263134209));
#6622=CARTESIAN_POINT('Ctrl Pts',(23.0114193300843,-5.35933225478688,8.62030766008476));
#6623=CARTESIAN_POINT('Ctrl Pts',(19.4536535131161,-4.14209506665091,10.0061633285348));
#6624=CARTESIAN_POINT('Ctrl Pts',(15.8958882803184,-2.92509779007756,11.3921945665624));
#6625=CARTESIAN_POINT('Ctrl Pts',(12.3381224633503,-1.70786060194158,12.7780502350124));
#6626=CARTESIAN_POINT('Ctrl Pts',(23.1393756600644,-5.20836972107861,8.78741039154743));
#6627=CARTESIAN_POINT('Ctrl Pts',(19.5604476844945,-4.01623114095117,10.1457252197475));
#6628=CARTESIAN_POINT('Ctrl Pts',(15.9815188197837,-2.8239395598469,11.5039269629231));
#6629=CARTESIAN_POINT('Ctrl Pts',(12.4025908442138,-1.63180097971945,12.8622417911232));
#6630=CARTESIAN_POINT('Ctrl Pts',(23.2673338489063,-5.05744690196966,8.95454599827491));
#6631=CARTESIAN_POINT('Ctrl Pts',(19.6672426198141,-3.89021839029588,10.2851806357884));
#6632=CARTESIAN_POINT('Ctrl Pts',(16.0671513907219,-2.72298987862211,11.615815273302));
#6633=CARTESIAN_POINT('Ctrl Pts',(12.4670601616296,-1.55576136694833,12.9464499108155));
#6634=CARTESIAN_POINT('',(12.5000001639128,-1.56644123792738,12.9342749115701));
#6635=CARTESIAN_POINT('',(12.5000001639128,-1.56644123792738,12.9342749115701));
#6636=CARTESIAN_POINT('',(12.4906016554225,-1.56339403540418,12.9377487071331));
#6637=CARTESIAN_POINT('',(23.2673338489063,-5.05744690196966,8.9545459982749));
#6638=CARTESIAN_POINT('',(11.7954976250005,-2.03574465141071,11.8030566382755));
#6639=CARTESIAN_POINT('Ctrl Pts',(11.7954976251738,-2.03574465095815,11.8030566381715));
#6640=CARTESIAN_POINT('Ctrl Pts',(11.9034110622083,-2.01932287640989,12.0544007857193));
#6641=CARTESIAN_POINT('Ctrl Pts',(12.000628891935,-1.97844065829134,12.2427746400156));
#6642=CARTESIAN_POINT('Ctrl Pts',(12.1655241836347,-1.886499475425,12.5327111041223));
#6643=CARTESIAN_POINT('Ctrl Pts',(12.2193756781401,-1.84081773398232,12.6084302441208));
#6644=CARTESIAN_POINT('Ctrl Pts',(12.318650520141,-1.75707288670029,12.7496922344522));
#6645=CARTESIAN_POINT('Ctrl Pts',(12.3867968229135,-1.66925567175783,12.8206304588676));
#6646=CARTESIAN_POINT('Ctrl Pts',(12.4906016554225,-1.56339403540418,12.9377487071331));
#6647=CARTESIAN_POINT('',(21.9078976477451,-5.99971665057633,6.69853696373405));
#6648=CARTESIAN_POINT('',(21.907897647748,-5.99971665009299,6.69853696335213));
#6649=CARTESIAN_POINT('',(23.2673338489063,-5.05744690196966,8.9545459982749));
#6650=CARTESIAN_POINT('Ctrl Pts',(21.907897647748,-5.99971665009299,6.69853696335213));
#6651=CARTESIAN_POINT('Ctrl Pts',(22.0351241698947,-5.98628577565599,6.96398364065214));
#6652=CARTESIAN_POINT('Ctrl Pts',(22.228843078971,-5.93992392436422,7.34933481393954));
#6653=CARTESIAN_POINT('Ctrl Pts',(22.4576972247752,-5.83287297764148,7.76659410963762));
#6654=CARTESIAN_POINT('Ctrl Pts',(22.5724779492071,-5.76503426624527,7.96558956799175));
#6655=CARTESIAN_POINT('Ctrl Pts',(22.6380999358688,-5.72093610156861,8.07549785683994));
#6656=CARTESIAN_POINT('Ctrl Pts',(22.7037273721152,-5.67476821417565,8.18391419215734));
#6657=CARTESIAN_POINT('Ctrl Pts',(22.7856797628062,-5.60638951022119,8.31150607331671));
#6658=CARTESIAN_POINT('Ctrl Pts',(22.8510333946203,-5.54802346671385,8.41046766074296));
#6659=CARTESIAN_POINT('Ctrl Pts',(23.0114193300843,-5.35933225478688,8.62030766008476));
#6660=CARTESIAN_POINT('Ctrl Pts',(23.1393756600644,-5.20836972107861,8.78741039154743));
#6661=CARTESIAN_POINT('Ctrl Pts',(23.2673338489063,-5.05744690196966,8.95454599827491));
#6662=CARTESIAN_POINT('',(23.2673338489063,-5.05744690196966,8.9545459982749));
#6663=CARTESIAN_POINT('Origin',(23.2673338489063,-5.05744690196966,8.9545459982749));
#6664=CARTESIAN_POINT('',(12.5000001639128,-0.764643386856836,12.351734673904));
#6665=CARTESIAN_POINT('',(12.5000001639128,-0.528305963314907,12.1800254847416));
#6666=CARTESIAN_POINT('',(12.4906016554225,-0.762281248315318,12.3557061975841));
#6667=CARTESIAN_POINT('',(23.2673338489063,-3.47081042528619,7.80178712147978));
#6668=CARTESIAN_POINT('',(12.4906016554225,-1.16283764185973,12.6467274523586));
#6669=CARTESIAN_POINT('Origin',(23.2673338489063,-5.05744690196966,8.9545459982749));
#6670=CARTESIAN_POINT('',(23.2673338489063,-3.47081042528619,7.80178712147978));
#6671=CARTESIAN_POINT('',(23.2673338489063,-3.47081042528619,7.80178712147978));
#6672=CARTESIAN_POINT('',(23.2673338489063,-3.47081042528619,7.80178712147978));
#6673=CARTESIAN_POINT('Origin',(23.2673338489063,-5.05744690196966,8.9545459982749));
#6674=CARTESIAN_POINT('',(23.2673338489063,-3.47081042528619,7.80178712147978));
#6675=CARTESIAN_POINT('Origin',(22.6766217074779,-4.87172471968033,7.54183644644108));
#6676=CARTESIAN_POINT('',(21.9078976480635,-5.32522515342798,6.20849020599794));
#6677=CARTESIAN_POINT('Origin',(28.4536888457592,1.07065589454138,15.7208675753504));
#6678=CARTESIAN_POINT('Ctrl Pts',(23.2673338489063,-3.47081042528619,7.80178712147978));
#6679=CARTESIAN_POINT('Ctrl Pts',(23.1393756600644,-3.58312811722566,7.60660324806462));
#6680=CARTESIAN_POINT('Ctrl Pts',(23.0114192777997,-3.69540389217921,7.41139282799916));
#6681=CARTESIAN_POINT('Ctrl Pts',(22.8510333197076,-3.83666678460314,7.1670940885592));
#6682=CARTESIAN_POINT('Ctrl Pts',(22.7856796846158,-3.91274897773668,7.081004030179));
#6683=CARTESIAN_POINT('Ctrl Pts',(22.7037272829589,-4.01296704859203,6.97654477941716));
#6684=CARTESIAN_POINT('Ctrl Pts',(22.6380998412178,-4.10181105969544,6.89913445102037));
#6685=CARTESIAN_POINT('Ctrl Pts',(22.5724778488519,-4.19271329177835,6.82323129528764));
#6686=CARTESIAN_POINT('Ctrl Pts',(22.4576971301297,-4.36100575345611,6.69721977096113));
#6687=CARTESIAN_POINT('Ctrl Pts',(22.2288429283263,-4.72476317619761,6.46646852617399));
#6688=CARTESIAN_POINT('Ctrl Pts',(22.0351241698947,-5.0769207295901,6.30329126120368));
#6689=CARTESIAN_POINT('Ctrl Pts',(21.907897647748,-5.32522515331473,6.20849020616473));
#6690=CARTESIAN_POINT('Ctrl Pts',(23.2673338489063,-3.47081042528619,7.80178712147978));
#6691=CARTESIAN_POINT('Ctrl Pts',(19.6672426453451,-2.56599513531382,9.3230761090196));
#6692=CARTESIAN_POINT('Ctrl Pts',(16.067151441784,-1.66117984534145,10.8443650965594));
#6693=CARTESIAN_POINT('Ctrl Pts',(12.4670602382228,-0.756364555369071,12.3656540840992));
#6694=CARTESIAN_POINT('Ctrl Pts',(23.1393756600644,-3.58312811722566,7.60660324806462));
#6695=CARTESIAN_POINT('Ctrl Pts',(19.5604477098754,-2.65968503614389,9.16013676762966));
#6696=CARTESIAN_POINT('Ctrl Pts',(15.9815188705457,-1.7363967852124,10.7137808545756));
#6697=CARTESIAN_POINT('Ctrl Pts',(12.4025909203567,-0.81295370413063,12.2673143741406));
#6698=CARTESIAN_POINT('Ctrl Pts',(23.0114192777997,-3.69540389217921,7.41139282799916));
#6699=CARTESIAN_POINT('Ctrl Pts',(19.4536534860625,-2.75352381205404,8.99730712970761));
#6700=CARTESIAN_POINT('Ctrl Pts',(15.8958883044376,-1.81140181393531,10.5830469874449));
#6701=CARTESIAN_POINT('Ctrl Pts',(12.3381225127004,-0.86952173381014,12.1689612891534));
#6702=CARTESIAN_POINT('Ctrl Pts',(22.8510333197076,-3.83666678460314,7.1670940885592));
#6703=CARTESIAN_POINT('Ctrl Pts',(19.3197941373769,-2.87133841608501,8.79335214734406));
#6704=CARTESIAN_POINT('Ctrl Pts',(15.7885542577963,-1.90602274392933,10.4196179223489));
#6705=CARTESIAN_POINT('Ctrl Pts',(12.2573150754657,-0.940694375411199,12.0458759811337));
#6706=CARTESIAN_POINT('Ctrl Pts',(22.7856796846158,-3.91274897773668,7.081004030179));
#6707=CARTESIAN_POINT('Ctrl Pts',(19.2652489215664,-2.93487509812375,8.72152702585578));
#6708=CARTESIAN_POINT('Ctrl Pts',(15.7448186432135,-1.95690083176244,10.3619781347416));
#6709=CARTESIAN_POINT('Ctrl Pts',(12.2243878801641,-0.979026952149508,12.0025011304184));
#6710=CARTESIAN_POINT('Ctrl Pts',(22.7037272829589,-4.01296704859203,6.97654477941716));
#6711=CARTESIAN_POINT('Ctrl Pts',(19.1968510094448,-3.01846678849087,8.63430783488547));
#6712=CARTESIAN_POINT('Ctrl Pts',(15.6899739831927,-2.02402019534444,10.292108253425));
#6713=CARTESIAN_POINT('Ctrl Pts',(12.1830977096785,-1.02951993524327,11.9498713088933));
#6714=CARTESIAN_POINT('Ctrl Pts',(22.6380998412178,-4.10181105969544,6.89913445102037));
#6715=CARTESIAN_POINT('Ctrl Pts',(19.1420779208666,-3.09257680854708,8.56967177959603));
#6716=CARTESIAN_POINT('Ctrl Pts',(15.6460544824167,-2.08351656419774,10.2403322476993));
#6717=CARTESIAN_POINT('Ctrl Pts',(12.1500325620655,-1.07428231304938,11.910869576275));
#6718=CARTESIAN_POINT('Ctrl Pts',(22.5724778488519,-4.19271329177835,6.82323129528764));
#6719=CARTESIAN_POINT('Ctrl Pts',(19.0873089864909,-3.16846390365706,8.50633583089986));
#6720=CARTESIAN_POINT('Ctrl Pts',(15.6021390223784,-2.1443310747624,10.189522668539));
#6721=CARTESIAN_POINT('Ctrl Pts',(12.1169701600174,-1.12008168664112,11.8726272041512));
#6722=CARTESIAN_POINT('Ctrl Pts',(22.4576971301297,-4.36100575345611,6.69721977096113));
#6723=CARTESIAN_POINT('Ctrl Pts',(18.9915119867073,-3.30893695530952,8.40117616697087));
#6724=CARTESIAN_POINT('Ctrl Pts',(15.5253252051304,-2.25694146459581,10.1051822804425));
#6725=CARTESIAN_POINT('Ctrl Pts',(12.059140061708,-1.20487266644922,11.8091386764522));
#6726=CARTESIAN_POINT('Ctrl Pts',(22.2288429283263,-4.72476317619761,6.46646852617399));
#6727=CARTESIAN_POINT('Ctrl Pts',(18.8005073016868,-3.61253065539315,8.20858603267131));
#6728=CARTESIAN_POINT('Ctrl Pts',(15.3721718190556,-2.50037749772578,9.95076151136781));
#6729=CARTESIAN_POINT('Ctrl Pts',(11.9438361924161,-1.38814497692132,11.6928790178651));
#6730=CARTESIAN_POINT('Ctrl Pts',(22.0351241698947,-5.0769207295901,6.30329126120368));
#6731=CARTESIAN_POINT('Ctrl Pts',(18.6388306228888,-3.9064344504073,8.07239543147098));
#6732=CARTESIAN_POINT('Ctrl Pts',(15.2425281999896,-2.7360591913859,9.8415610630866));
#6733=CARTESIAN_POINT('Ctrl Pts',(11.8462346529837,-1.5655729122031,11.6106652333539));
#6734=CARTESIAN_POINT('Ctrl Pts',(21.907897647748,-5.32522515331473,6.20849020616473));
#6735=CARTESIAN_POINT('Ctrl Pts',(18.5326430890219,-4.11370890508672,7.99329397458227));
#6736=CARTESIAN_POINT('Ctrl Pts',(15.1573885302958,-2.90219265685872,9.77809774299982));
#6737=CARTESIAN_POINT('Ctrl Pts',(11.7821339715696,-1.69067640863071,11.5629015114174));
#6738=CARTESIAN_POINT('',(11.7954976249893,-1.69547316780024,11.5558349336029));
#6739=CARTESIAN_POINT('',(1.5,2.,17.));
#6740=CARTESIAN_POINT('Ctrl Pts',(12.4906016554225,-0.762281248315318,12.3557061975841));
#6741=CARTESIAN_POINT('Ctrl Pts',(12.3869067205342,-0.840870986103768,12.2189791750157));
#6742=CARTESIAN_POINT('Ctrl Pts',(12.3186778484562,-0.881255831143138,12.1134293905392));
#6743=CARTESIAN_POINT('Ctrl Pts',(12.2193911768715,-0.989737924825014,11.9901161641024));
#6744=CARTESIAN_POINT('Ctrl Pts',(12.1655378725266,-1.04763680320445,11.9232695681897));
#6745=CARTESIAN_POINT('Ctrl Pts',(12.0154410276476,-1.27276627383758,11.762118211724));
#6746=CARTESIAN_POINT('Ctrl Pts',(11.9156171476998,-1.43504118510922,11.6596743457162));
#6747=CARTESIAN_POINT('Ctrl Pts',(11.7954976248231,-1.69547316774043,11.5558349336907));
#6748=CARTESIAN_POINT('',(12.5000001639128,-0.78532064445528,12.3160614185792));
#6749=CARTESIAN_POINT('Origin',(21.6579165989683,1.17898451733905,15.8699556305289));
#6750=CARTESIAN_POINT('Origin',(14.7915011779021,1.6113763411008,16.4651054220233));
#6751=CARTESIAN_POINT('Origin',(22.5,-5.05342302750968,7.29179606750063));
#6752=CARTESIAN_POINT('Ctrl Pts',(23.2673338489063,-0.360645807042642,6.56140630919627));
#6753=CARTESIAN_POINT('Ctrl Pts',(19.6672426453451,0.0297805200238124,8.28784141533583));
#6754=CARTESIAN_POINT('Ctrl Pts',(16.067151441784,0.420206847090267,10.0142765214754));
#6755=CARTESIAN_POINT('Ctrl Pts',(12.4670602382228,0.810633174156722,11.7407116276149));
#6756=CARTESIAN_POINT('Ctrl Pts',(23.1393756600644,-0.407151145943691,6.3410673389308));
#6757=CARTESIAN_POINT('Ctrl Pts',(19.5604477098754,-0.00897284512992355,
8.1039251213883));
#6758=CARTESIAN_POINT('Ctrl Pts',(15.9815188705457,0.389024036260792,9.86684021452619));
#6759=CARTESIAN_POINT('Ctrl Pts',(12.4025909203567,0.787202337074559,11.6296979969837));
#6760=CARTESIAN_POINT('Ctrl Pts',(23.0114191894915,-0.453611226985427,6.1207168251964));
#6761=CARTESIAN_POINT('Ctrl Pts',(19.4536533977542,-0.0479045100639719,
7.92006790754381));
#6762=CARTESIAN_POINT('Ctrl Pts',(15.8958882599452,0.358087585388984,9.71932746804615));
#6763=CARTESIAN_POINT('Ctrl Pts',(12.3381224682079,0.763794302310438,11.5186785503936));
#6764=CARTESIAN_POINT('Ctrl Pts',(22.8510331918482,-0.512471977334439,5.84472358049262));
#6765=CARTESIAN_POINT('Ctrl Pts',(19.3197940095176,-0.096931519494432,7.68968977550181));
#6766=CARTESIAN_POINT('Ctrl Pts',(15.7885541933768,0.318597966574433,9.53465836921321));
#6767=CARTESIAN_POINT('Ctrl Pts',(12.2573150110462,0.734138424414439,11.3796245642224));
#6768=CARTESIAN_POINT('Ctrl Pts',(22.7856795514055,-0.558227607201656,5.73933651695668));
#6769=CARTESIAN_POINT('Ctrl Pts',(19.2652487883561,-0.13516376720798,7.60174624928288));
#6770=CARTESIAN_POINT('Ctrl Pts',(15.744818576098,0.288021474082365,9.46411754942005));
#6771=CARTESIAN_POINT('Ctrl Pts',(12.2243878130486,0.711085314076041,11.3265272817462));
#6772=CARTESIAN_POINT('Ctrl Pts',(22.7037271292454,-0.621263559451076,5.60902158151035));
#6773=CARTESIAN_POINT('Ctrl Pts',(19.1968508557312,-0.187714563411283,7.49296541916843));
#6774=CARTESIAN_POINT('Ctrl Pts',(15.689973905747,0.245776843481772,9.37692672393585));
#6775=CARTESIAN_POINT('Ctrl Pts',(12.1830976322328,0.679325839521565,11.2608705615939));
#6776=CARTESIAN_POINT('Ctrl Pts',(22.6380996773175,-0.68183948336864,5.50794609658019));
#6777=CARTESIAN_POINT('Ctrl Pts',(19.1420777569662,-0.238225096613338,7.40859204354648));
#6778=CARTESIAN_POINT('Ctrl Pts',(15.6460543998386,0.205191417046625,9.30929963963844));
#6779=CARTESIAN_POINT('Ctrl Pts',(12.1500324794874,0.648805803801926,11.2099455866047));
#6780=CARTESIAN_POINT('Ctrl Pts',(22.5724776741794,-0.744837980542186,5.40766777946251));
#6781=CARTESIAN_POINT('Ctrl Pts',(19.0873088118184,-0.290826830471843,7.32490578307006));
#6782=CARTESIAN_POINT('Ctrl Pts',(15.6021389343729,0.163054050210014,9.24218424596148));
#6783=CARTESIAN_POINT('Ctrl Pts',(12.1169700720119,0.617065200280356,11.159422249569));
#6784=CARTESIAN_POINT('Ctrl Pts',(22.4576969659206,-0.865953620320847,5.23581838920464));
#6785=CARTESIAN_POINT('Ctrl Pts',(18.9915118224983,-0.391928218293622,7.18148436099143));
#6786=CARTESIAN_POINT('Ctrl Pts',(15.5253251223968,0.0820179695595716,9.12717320665639));
#6787=CARTESIAN_POINT('Ctrl Pts',(12.0591399789744,0.556043371586797,11.0728391784432));
#6788=CARTESIAN_POINT('Ctrl Pts',(22.2288426551729,-1.1406032378601,4.90395407522224));
#6789=CARTESIAN_POINT('Ctrl Pts',(18.8005070285335,-0.621151167019412,6.90450503255345));
#6790=CARTESIAN_POINT('Ctrl Pts',(15.3721716814324,-0.101785724243059,8.90508465141323));
#6791=CARTESIAN_POINT('Ctrl Pts',(11.943836054793,0.417666346597624,10.9056356087444));
#6792=CARTESIAN_POINT('Ctrl Pts',(22.0351241698947,-1.42508679101378,4.63993667776879));
#6793=CARTESIAN_POINT('Ctrl Pts',(18.6388306228888,-0.858571441395095,6.68415487885663));
#6794=CARTESIAN_POINT('Ctrl Pts',(15.2425281999896,-0.292180670825512,8.72839722604366));
#6795=CARTESIAN_POINT('Ctrl Pts',(11.8462346529837,0.27433467879317,10.7726154271315));
#6796=CARTESIAN_POINT('Ctrl Pts',(21.907897647748,-1.63194319413036,4.47304522991292));
#6797=CARTESIAN_POINT('Ctrl Pts',(18.5326430890219,-1.03125746772112,6.5448735938384));
#6798=CARTESIAN_POINT('Ctrl Pts',(15.1573885302958,-0.430571741311888,8.61670195776388));
#6799=CARTESIAN_POINT('Ctrl Pts',(11.7821339715696,0.170113985097346,10.6885303216894));
#6800=CARTESIAN_POINT('',(12.5000001639128,0.807060871824973,11.7249151822225));
#6801=CARTESIAN_POINT('',(12.5000001639128,0.798419236597373,11.6845982861781));
#6802=CARTESIAN_POINT('',(23.2673338489063,-0.360645807042642,6.56140630919627));
#6803=CARTESIAN_POINT('',(23.2673338489063,-0.360645807042643,6.56140630919627));
#6804=CARTESIAN_POINT('',(21.9078976480635,-1.63194319418653,4.4730452297193));
#6805=CARTESIAN_POINT('Ctrl Pts',(23.2673338489063,-0.360645807042642,6.56140630919627));
#6806=CARTESIAN_POINT('Ctrl Pts',(23.1393756600644,-0.407151145943691,6.3410673389308));
#6807=CARTESIAN_POINT('Ctrl Pts',(23.0114191894915,-0.453611226985427,6.1207168251964));
#6808=CARTESIAN_POINT('Ctrl Pts',(22.8510331918482,-0.512471977334439,5.84472358049262));
#6809=CARTESIAN_POINT('Ctrl Pts',(22.7856795514055,-0.558227607201656,5.73933651695668));
#6810=CARTESIAN_POINT('Ctrl Pts',(22.7037271292454,-0.621263559451076,5.60902158151035));
#6811=CARTESIAN_POINT('Ctrl Pts',(22.6380996773175,-0.68183948336864,5.50794609658019));
#6812=CARTESIAN_POINT('Ctrl Pts',(22.5724776741794,-0.744837980542186,5.40766777946251));
#6813=CARTESIAN_POINT('Ctrl Pts',(22.4576969659206,-0.865953620320847,5.23581838920464));
#6814=CARTESIAN_POINT('Ctrl Pts',(22.2288426551729,-1.1406032378601,4.90395407522224));
#6815=CARTESIAN_POINT('Ctrl Pts',(22.0351241698947,-1.42508679101378,4.63993667776879));
#6816=CARTESIAN_POINT('Ctrl Pts',(21.907897647748,-1.63194319413036,4.47304522991292));
#6817=CARTESIAN_POINT('',(11.7954976249893,0.167735688668829,10.6803273267097));
#6818=CARTESIAN_POINT('',(1.5,2.,17.));
#6819=CARTESIAN_POINT('',(12.4906016554225,0.808080130766557,11.7294222666505));
#6820=CARTESIAN_POINT('Ctrl Pts',(12.4906016554225,0.808080130766563,11.7294222666505));
#6821=CARTESIAN_POINT('Ctrl Pts',(12.3870760127626,0.775640868997667,11.5753535201));
#6822=CARTESIAN_POINT('Ctrl Pts',(12.3187248449904,0.769824278069624,11.4623104222408));
#6823=CARTESIAN_POINT('Ctrl Pts',(12.2193926529914,0.704726491457798,11.311441045792));
#6824=CARTESIAN_POINT('Ctrl Pts',(12.1655349342291,0.670310468364315,11.229968481));
#6825=CARTESIAN_POINT('Ctrl Pts',(12.0155314631202,0.506102981382651,11.007274171165));
#6826=CARTESIAN_POINT('Ctrl Pts',(11.9156670093391,0.383422574352465,10.859636785289));
#6827=CARTESIAN_POINT('Ctrl Pts',(11.7954976248231,0.167735688698566,10.6803273268117));
#6828=CARTESIAN_POINT('',(23.2673338489063,-0.360645807042643,6.56140630919627));
#6829=CARTESIAN_POINT('Origin',(23.2673338489063,-2.22584885053031,7.16744751549898));
#6830=CARTESIAN_POINT('',(23.2673338489063,-0.360645807042642,6.56140630919627));
#6831=CARTESIAN_POINT('Origin',(23.2673338489063,-2.22584885053031,7.16744751549898));
#6832=CARTESIAN_POINT('',(23.2673338489063,-2.22584885053031,7.16744751549898));
#6833=CARTESIAN_POINT('',(23.2673338489063,-2.22584885053031,7.16744751549898));
#6834=CARTESIAN_POINT('',(23.2673338489063,-0.360645807042642,6.56140630919627));
#6835=CARTESIAN_POINT('Origin',(23.2673338489063,-2.22584885053031,7.16744751549898));
#6836=CARTESIAN_POINT('',(12.5000001639128,-0.135509032533148,12.0311747092248));
#6837=CARTESIAN_POINT('',(12.5000001639128,0.393925626373415,11.8591509606777));
#6838=CARTESIAN_POINT('',(12.4906016554225,-0.133684432580949,12.0354201224963));
#6839=CARTESIAN_POINT('',(12.4906016554225,0.337197849092825,11.8824211945734));
#6840=CARTESIAN_POINT('',(23.2673338489063,-2.22584885053031,7.16744751549898));
#6841=CARTESIAN_POINT('Ctrl Pts',(21.907897647748,-2.42485550333623,4.73067805655942));
#6842=CARTESIAN_POINT('Ctrl Pts',(18.5326430650853,-1.69303030149316,6.75989663803988));
#6843=CARTESIAN_POINT('Ctrl Pts',(15.1573884824227,-0.961205099650096,8.78911521952034));
#6844=CARTESIAN_POINT('Ctrl Pts',(11.78213389976,-0.229379897807031,10.8183338010008));
#6845=CARTESIAN_POINT('Ctrl Pts',(22.0351241698947,-2.49410951706939,4.98728321718486));
#6846=CARTESIAN_POINT('Ctrl Pts',(18.638830598803,-1.75086874614698,6.97407986386859));
#6847=CARTESIAN_POINT('Ctrl Pts',(15.242528151818,-1.00751299593488,8.96082281942875));
#6848=CARTESIAN_POINT('Ctrl Pts',(11.8462345807263,-0.264272225012465,10.9476194661125));
#6849=CARTESIAN_POINT('Ctrl Pts',(22.228842815954,-2.56908382842446,5.3680958506273));
#6850=CARTESIAN_POINT('Ctrl Pts',(18.8005071650015,-1.81343502696005,7.29190185337747));
#6851=CARTESIAN_POINT('Ctrl Pts',(15.3721717138129,-1.05769541763177,9.21567871843956));
#6852=CARTESIAN_POINT('Ctrl Pts',(11.9438360628605,-0.302046616167361,11.1394847211897));
#6853=CARTESIAN_POINT('Ctrl Pts',(22.4576970614076,-2.5962140721871,5.79801426532948));
#6854=CARTESIAN_POINT('Ctrl Pts',(18.9915118934038,-1.83607490869821,7.65071625554459));
#6855=CARTESIAN_POINT('Ctrl Pts',(15.5253251213433,-1.07585484071856,9.50338900675277));
#6856=CARTESIAN_POINT('Ctrl Pts',(12.0591399533395,-0.315715677229676,11.3560909969679));
#6857=CARTESIAN_POINT('Ctrl Pts',(22.572477775846,-2.59318831360867,6.00823339528605));
#6858=CARTESIAN_POINT('Ctrl Pts',(19.087308888769,-1.83356682060904,7.82617259374617));
#6859=CARTESIAN_POINT('Ctrl Pts',(15.6021389361636,-1.07381269890019,9.64406673790101));
#6860=CARTESIAN_POINT('Ctrl Pts',(12.1169700490866,-0.31419120590055,11.4620059363611));
#6861=CARTESIAN_POINT('Ctrl Pts',(22.6380997725759,-2.5852126420326,6.12638970039133));
#6862=CARTESIAN_POINT('Ctrl Pts',(19.1420778274317,-1.82693255703304,7.92479457877035));
#6863=CARTESIAN_POINT('Ctrl Pts',(15.6460543982468,-1.0684528993685,9.72313188135074));
#6864=CARTESIAN_POINT('Ctrl Pts',(12.1500324531025,-0.310172814368936,11.5215367597298));
#6865=CARTESIAN_POINT('Ctrl Pts',(22.7037272184728,-2.57480811383302,6.24376684888052));
#6866=CARTESIAN_POINT('Ctrl Pts',(19.1968509200886,-1.81820221023502,8.02274314862836));
#6867=CARTESIAN_POINT('Ctrl Pts',(15.6899739009625,-1.06153659288584,9.80169872000113));
#6868=CARTESIAN_POINT('Ctrl Pts',(12.1830976025784,-0.304930689287832,11.580675019749));
#6869=CARTESIAN_POINT('Ctrl Pts',(22.785679628467,-2.54920654455819,6.38624493028557));
#6870=CARTESIAN_POINT('Ctrl Pts',(19.2652488404515,-1.79677540109519,8.14163675260212));
#6871=CARTESIAN_POINT('Ctrl Pts',(15.7448185649917,-1.04446296546565,9.89706808856005));
#6872=CARTESIAN_POINT('Ctrl Pts',(12.2243877769762,-0.292031822002655,11.6524599108766));
#6873=CARTESIAN_POINT('Ctrl Pts',(22.8510332658538,-2.52427840508509,6.49839925005051));
#6874=CARTESIAN_POINT('Ctrl Pts',(19.3197940584804,-1.7760137716169,8.23525682102685));
#6875=CARTESIAN_POINT('Ctrl Pts',(15.7885541805776,-1.02773688307596,9.97210917628117));
#6876=CARTESIAN_POINT('Ctrl Pts',(12.2573149732042,-0.279472249607769,11.7089667472575));
#6877=CARTESIAN_POINT('Ctrl Pts',(23.0114192404505,-2.40967053311272,6.75627911452366));
#6878=CARTESIAN_POINT('Ctrl Pts',(19.4536534234824,-1.68026212676111,8.45045315596681));
#6879=CARTESIAN_POINT('Ctrl Pts',(15.8958882351582,-0.951137643625303,10.1447206063915));
#6880=CARTESIAN_POINT('Ctrl Pts',(12.33812241819,-0.221729237273695,11.8388946478346));
#6881=CARTESIAN_POINT('Ctrl Pts',(23.1393756600644,-2.31773723825755,6.96185439167223));
#6882=CARTESIAN_POINT('Ctrl Pts',(19.5604476844945,-1.60368843892581,8.62207964112164));
#6883=CARTESIAN_POINT('Ctrl Pts',(15.9815188197837,-0.889459181823687,10.2822446202237));
#6884=CARTESIAN_POINT('Ctrl Pts',(12.4025908442138,-0.175410382491941,11.9424698696731));
#6885=CARTESIAN_POINT('Ctrl Pts',(23.2673338489063,-2.22584885053031,7.16744751549898));
#6886=CARTESIAN_POINT('Ctrl Pts',(19.6672426198141,-1.5269372847931,8.79364970474044));
#6887=CARTESIAN_POINT('Ctrl Pts',(16.0671513907219,-0.82802571905589,10.4198518939819));
#6888=CARTESIAN_POINT('Ctrl Pts',(12.4670601616296,-0.129114153318681,12.0460540832234));
#6889=CARTESIAN_POINT('',(12.5000001639128,-0.135509032533147,12.0311747092248));
#6890=CARTESIAN_POINT('',(11.7954976250005,-0.232277431250503,10.8102994687713));
#6891=CARTESIAN_POINT('Ctrl Pts',(11.7954976251738,-0.232277430787971,10.8102994688123));
#6892=CARTESIAN_POINT('Ctrl Pts',(11.9156103596811,-0.301343756901606,11.0820132872108));
#6893=CARTESIAN_POINT('Ctrl Pts',(12.0154382208457,-0.3138468802551,11.2735192640344));
#6894=CARTESIAN_POINT('Ctrl Pts',(12.1655268854589,-0.315805499980994,11.5503636947919));
#6895=CARTESIAN_POINT('Ctrl Pts',(12.2193843793926,-0.29575785177662,11.6365037497565));
#6896=CARTESIAN_POINT('Ctrl Pts',(12.3187030585745,-0.259749420008543,11.7968015871955));
#6897=CARTESIAN_POINT('Ctrl Pts',(12.3869846046754,-0.198056642962631,11.8915816782867));
#6898=CARTESIAN_POINT('Ctrl Pts',(12.4906016554225,-0.133684432580965,12.0354201224963));
#6899=CARTESIAN_POINT('',(21.9078976477451,-2.42485550391393,4.73067805677329));
#6900=CARTESIAN_POINT('',(21.907897647748,-2.42485550333623,4.73067805655942));
#6901=CARTESIAN_POINT('Ctrl Pts',(21.907897647748,-2.42485550333623,4.73067805655942));
#6902=CARTESIAN_POINT('Ctrl Pts',(22.0351241698947,-2.49410951706939,4.98728321718486));
#6903=CARTESIAN_POINT('Ctrl Pts',(22.228842815954,-2.56908382842446,5.3680958506273));
#6904=CARTESIAN_POINT('Ctrl Pts',(22.4576970614076,-2.5962140721871,5.79801426532948));
#6905=CARTESIAN_POINT('Ctrl Pts',(22.572477775846,-2.59318831360867,6.00823339528605));
#6906=CARTESIAN_POINT('Ctrl Pts',(22.6380997725759,-2.5852126420326,6.12638970039133));
#6907=CARTESIAN_POINT('Ctrl Pts',(22.7037272184728,-2.57480811383302,6.24376684888052));
#6908=CARTESIAN_POINT('Ctrl Pts',(22.785679628467,-2.54920654455819,6.38624493028557));
#6909=CARTESIAN_POINT('Ctrl Pts',(22.8510332658538,-2.52427840508509,6.49839925005051));
#6910=CARTESIAN_POINT('Ctrl Pts',(23.0114192404505,-2.40967053311272,6.75627911452366));
#6911=CARTESIAN_POINT('Ctrl Pts',(23.1393756600644,-2.31773723825755,6.96185439167223));
#6912=CARTESIAN_POINT('Ctrl Pts',(23.2673338489063,-2.22584885053031,7.16744751549898));
#6913=CARTESIAN_POINT('Origin',(22.6766217074779,-1.61266529921102,5.88127220115482));
#6914=CARTESIAN_POINT('Origin',(28.4536888457592,1.51141488989585,15.4962896501237));
#6915=CARTESIAN_POINT('Origin',(21.6579165989391,1.56837078979544,15.67155620191));
#6916=CARTESIAN_POINT('Origin',(14.7915011778815,1.7956884516009,16.3711937110385));
#6917=CARTESIAN_POINT('Origin',(22.5,-1.70820393249937,5.58732180445816));
#6918=CARTESIAN_POINT('Ctrl Pts',(23.2673338489063,-6.04545400172515,9.94255309803041));
#6919=CARTESIAN_POINT('Ctrl Pts',(19.6672426453451,-4.71481937364817,11.1097816014264));
#6920=CARTESIAN_POINT('Ctrl Pts',(16.067151441784,-3.38418474557119,12.2770101048225));
#6921=CARTESIAN_POINT('Ctrl Pts',(12.4670602382228,-2.05355011749422,13.4442386082185));
#6922=CARTESIAN_POINT('Ctrl Pts',(23.1393756600644,-6.21258960845262,9.79163027892146));
#6923=CARTESIAN_POINT('Ctrl Pts',(19.5604477098754,-4.85427478988541,10.9837688505945));
#6924=CARTESIAN_POINT('Ctrl Pts',(15.9815188705457,-3.49607305634182,12.1760604232433));
#6925=CARTESIAN_POINT('Ctrl Pts',(12.4025909203567,-2.13775823777461,13.3681989949163));
#6926=CARTESIAN_POINT('Ctrl Pts',(23.0114193662403,-6.37969145511775,9.64066663504019));
#6927=CARTESIAN_POINT('Ctrl Pts',(19.453653574503,-4.99383579649592,10.8579038145438));
#6928=CARTESIAN_POINT('Ctrl Pts',(15.8958883489967,-3.60780500730674,12.0749016333197));
#6929=CARTESIAN_POINT('Ctrl Pts',(12.3381225572595,-2.22194934868491,13.2921388128233));
#6930=CARTESIAN_POINT('Ctrl Pts',(22.8510334461365,-6.58953048694369,9.45197413717302));
#6931=CARTESIAN_POINT('Ctrl Pts',(19.3197942638059,-5.16890727429623,10.7003345901335));
#6932=CARTESIAN_POINT('Ctrl Pts',(15.7885543214952,-3.74829599619765,11.9487092069306));
#6933=CARTESIAN_POINT('Ctrl Pts',(12.2573151391645,-2.32767278355018,13.197069659891));
#6934=CARTESIAN_POINT('Ctrl Pts',(22.7856798166268,-6.68849195772371,9.39360793997696));
#6935=CARTESIAN_POINT('Ctrl Pts',(19.2652490535775,-5.25152914707599,10.6516583779917));
#6936=CARTESIAN_POINT('Ctrl Pts',(15.7448187097247,-3.81449546306568,11.9096125152503));
#6937=CARTESIAN_POINT('Ctrl Pts',(12.2243879466754,-2.37753265241795,13.167662953265));
#6938=CARTESIAN_POINT('Ctrl Pts',(22.7037274330967,-6.81608328840978,9.32522849968007));
#6939=CARTESIAN_POINT('Ctrl Pts',(19.1968511595825,-5.35798037879669,10.594537374775));
#6940=CARTESIAN_POINT('Ctrl Pts',(15.6899740588367,-3.89992004534085,11.8639023880367));
#6941=CARTESIAN_POINT('Ctrl Pts',(12.1830977853226,-2.44181713572776,13.1332112631317));
#6942=CARTESIAN_POINT('Ctrl Pts',(22.6381000004554,-6.92449933410581,9.27906022439128));
#6943=CARTESIAN_POINT('Ctrl Pts',(19.1420780801042,-5.4484360988153,10.5559651015373));
#6944=CARTESIAN_POINT('Ctrl Pts',(15.6460545626456,-3.97250374897496,11.8330453720414));
#6945=CARTESIAN_POINT('Ctrl Pts',(12.1500326422944,-2.49644051368445,13.1099502491875));
#6946=CARTESIAN_POINT('Ctrl Pts',(22.5724780174955,-7.03440746941744,9.23496185941093));
#6947=CARTESIAN_POINT('Ctrl Pts',(19.0873091551345,-5.54018050971964,10.5191789282032));
#6948=CARTESIAN_POINT('Ctrl Pts',(15.6021391073462,-4.04604261252425,11.8035150516844));
#6949=CARTESIAN_POINT('Ctrl Pts',(12.1169702449852,-2.55181565282645,13.0877321204767));
#6950=CARTESIAN_POINT('Ctrl Pts',(22.4576972892818,-7.23340300551544,9.16712324376063));
#6951=CARTESIAN_POINT('Ctrl Pts',(18.9915121458595,-5.70627463540642,10.4625749397896));
#6952=CARTESIAN_POINT('Ctrl Pts',(15.5253252853163,-4.17920416718064,11.7581012186029));
#6953=CARTESIAN_POINT('Ctrl Pts',(12.0591401418939,-2.65207579707162,13.0535529146319));
#6954=CARTESIAN_POINT('Ctrl Pts',(22.2288431791444,-7.65066190476234,9.06007185756035));
#6955=CARTESIAN_POINT('Ctrl Pts',(18.8005075525049,-6.0545220025101,10.3732253136414));
#6956=CARTESIAN_POINT('Ctrl Pts',(15.3721719454256,-4.4584437187377,11.6864636385191));
#6957=CARTESIAN_POINT('Ctrl Pts',(11.9438363187861,-2.86230381648545,12.9996170946002));
#6958=CARTESIAN_POINT('Ctrl Pts',(22.0351241698947,-8.03601635934791,9.01371422434408));
#6959=CARTESIAN_POINT('Ctrl Pts',(18.6388306228888,-6.37613450286485,10.3345321215315));
#6960=CARTESIAN_POINT('Ctrl Pts',(15.2425281999896,-4.71633924022865,11.6554427790514));
#6961=CARTESIAN_POINT('Ctrl Pts',(11.8462346529837,-3.05645738374559,12.9762606762389));
#6962=CARTESIAN_POINT('Ctrl Pts',(21.907897647748,-8.30146303664792,9.00028334990708));
#6963=CARTESIAN_POINT('Ctrl Pts',(18.5326430890219,-6.59770791810775,10.3233534945049));
#6964=CARTESIAN_POINT('Ctrl Pts',(15.1573885302958,-4.89395279956758,11.6464236391027));
#6965=CARTESIAN_POINT('Ctrl Pts',(11.7821339715696,-3.19019768102741,12.9694937837005));
#6966=CARTESIAN_POINT('',(12.5000001639128,-2.06572508842997,13.4335587620727));
#6967=CARTESIAN_POINT('',(12.5000001639128,-2.09641394393286,13.4060210700263));
#6968=CARTESIAN_POINT('',(23.2673338489063,-6.04545400172515,9.94255309803041));
#6969=CARTESIAN_POINT('',(23.2673338489063,-6.04545400172515,9.94255309803041));
#6970=CARTESIAN_POINT('',(21.9078976480635,-8.30146303680718,9.00028334978345));
#6971=CARTESIAN_POINT('Ctrl Pts',(23.2673338489063,-6.04545400172515,9.94255309803041));
#6972=CARTESIAN_POINT('Ctrl Pts',(23.1393756600644,-6.21258960845262,9.79163027892146));
#6973=CARTESIAN_POINT('Ctrl Pts',(23.0114193662403,-6.37969145511775,9.64066663504019));
#6974=CARTESIAN_POINT('Ctrl Pts',(22.8510334461365,-6.58953048694369,9.45197413717302));
#6975=CARTESIAN_POINT('Ctrl Pts',(22.7856798166268,-6.68849195772371,9.39360793997696));
#6976=CARTESIAN_POINT('Ctrl Pts',(22.7037274330967,-6.81608328840978,9.32522849968007));
#6977=CARTESIAN_POINT('Ctrl Pts',(22.6381000004554,-6.92449933410581,9.27906022439128));
#6978=CARTESIAN_POINT('Ctrl Pts',(22.5724780174955,-7.03440746941744,9.23496185941093));
#6979=CARTESIAN_POINT('Ctrl Pts',(22.4576972892818,-7.23340300551544,9.16712324376063));
#6980=CARTESIAN_POINT('Ctrl Pts',(22.2288431791444,-7.65066190476234,9.06007185756035));
#6981=CARTESIAN_POINT('Ctrl Pts',(22.0351241698947,-8.03601635934791,9.01371422434408));
#6982=CARTESIAN_POINT('Ctrl Pts',(21.907897647748,-8.30146303664792,9.00028334990708));
#6983=CARTESIAN_POINT('',(11.7954976249893,-3.19694336272942,12.9642553489234));
#6984=CARTESIAN_POINT('',(1.5,2.,17.));
#6985=CARTESIAN_POINT('',(12.4906016554225,-2.06225129286695,13.4366059645959));
#6986=CARTESIAN_POINT('Ctrl Pts',(12.4906016554225,-2.06225129286694,13.4366059645958));
#6987=CARTESIAN_POINT('Ctrl Pts',(12.3867119208272,-2.17946533227491,13.3306577438922));
#6988=CARTESIAN_POINT('Ctrl Pts',(12.318623121934,-2.25034659012596,13.2429036058011));
#6989=CARTESIAN_POINT('Ctrl Pts',(12.2193825661375,-2.39155877602931,13.1591865071728));
#6990=CARTESIAN_POINT('Ctrl Pts',(12.1655350189398,-2.46727132061584,13.1135068098996));
#6991=CARTESIAN_POINT('Ctrl Pts',(12.0153547063033,-2.73132921437322,13.029766415075));
#6992=CARTESIAN_POINT('Ctrl Pts',(11.9155689629624,-2.91728191390463,12.9825272573983));
#6993=CARTESIAN_POINT('Ctrl Pts',(11.7954976248231,-3.1969433626454,12.9642553489885));
#6994=CARTESIAN_POINT('',(23.2673338489063,-6.04545400172515,9.94255309803041));
#6995=CARTESIAN_POINT('Origin',(22.6766217074779,-7.45813184646591,10.1282316392501));
#6996=CARTESIAN_POINT('',(23.2673338489063,-7.19821287852027,11.5291895747139));
#6997=CARTESIAN_POINT('',(23.2673338489063,-6.04545400172515,9.94255309803041));
#6998=CARTESIAN_POINT('',(21.9078976477451,-8.79150979417698,9.67477484719792));
#6999=CARTESIAN_POINT('Ctrl Pts',(21.907897647748,-8.79150979383532,9.67477484668534));
#7000=CARTESIAN_POINT('Ctrl Pts',(22.0351241698947,-8.69670873879642,9.92307927041001));
#7001=CARTESIAN_POINT('Ctrl Pts',(22.228843307788,-8.53354281802842,10.2752535675138));
#7002=CARTESIAN_POINT('Ctrl Pts',(22.4576973739246,-8.30279044860292,10.6390090384088));
#7003=CARTESIAN_POINT('Ctrl Pts',(22.5724781069841,-8.1767791776193,10.8073018914688));
#7004=CARTESIAN_POINT('Ctrl Pts',(22.6381000852953,-8.10087547882422,10.898203334246));
#7005=CARTESIAN_POINT('Ctrl Pts',(22.703727513363,-8.02346408921659,10.9870458440091));
#7006=CARTESIAN_POINT('Ctrl Pts',(22.7856798878489,-7.91900282439249,11.0872610618499));
#7007=CARTESIAN_POINT('Ctrl Pts',(22.851033514256,-7.83291235023018,11.163342656852));
#7008=CARTESIAN_POINT('Ctrl Pts',(23.0114194142755,-7.58861010963557,11.3046005574522));
#7009=CARTESIAN_POINT('Ctrl Pts',(23.1393756600644,-7.39339675193543,11.4168718827744));
#7010=CARTESIAN_POINT('Ctrl Pts',(23.2673338489063,-7.19821287852027,11.5291895747139));
#7011=CARTESIAN_POINT('Origin',(28.4536888457592,0.72086757535032,16.0706558945415));
#7012=CARTESIAN_POINT('',(23.2673338489063,-6.04545400172515,9.94255309803041));
#7013=CARTESIAN_POINT('Origin',(23.2673338489063,-7.19821287852027,11.5291895747139));
#7014=CARTESIAN_POINT('',(23.2673338489063,-7.19821287852027,11.5291895747139));
#7015=CARTESIAN_POINT('Origin',(23.2673338489063,-7.19821287852027,11.5291895747139));
#7016=CARTESIAN_POINT('Origin',(23.2673338489063,-7.19821287852027,11.5291895747139));
#7017=CARTESIAN_POINT('',(12.5000001639128,-2.64826532609602,14.2353566131432));
#7018=CARTESIAN_POINT('',(12.5000001639128,-1.54050474454965,12.7106549764921));
#7019=CARTESIAN_POINT('',(12.4906016554225,-2.64429380241591,14.2377187516847));
#7020=CARTESIAN_POINT('',(12.4906016554225,-2.35327254764142,13.8371623581403));
#7021=CARTESIAN_POINT('',(23.2673338489063,-7.19821287852027,11.5291895747139));
#7022=CARTESIAN_POINT('Ctrl Pts',(21.907897647748,-8.79150979383532,9.67477484668534));
#7023=CARTESIAN_POINT('Ctrl Pts',(18.5326430650853,-7.00670601276033,10.8862911035051));
#7024=CARTESIAN_POINT('Ctrl Pts',(15.1573884824227,-5.22190223168535,12.0978073603249));
#7025=CARTESIAN_POINT('Ctrl Pts',(11.78213389976,-3.43709845061037,13.3093236171447));
#7026=CARTESIAN_POINT('Ctrl Pts',(22.0351241698947,-8.69670873879642,9.92307927041001));
#7027=CARTESIAN_POINT('Ctrl Pts',(18.638830598803,-6.92760455598302,11.0935655578936));
#7028=CARTESIAN_POINT('Ctrl Pts',(15.242528151818,-5.15843891182083,12.263940825215));
#7029=CARTESIAN_POINT('Ctrl Pts',(11.8462345807263,-3.38933472900742,13.4344271126987));
#7030=CARTESIAN_POINT('Ctrl Pts',(22.228843307788,-8.53354281802842,10.2752535675138));
#7031=CARTESIAN_POINT('Ctrl Pts',(18.8005076568356,-6.79142529917637,11.387486096206));
#7032=CARTESIAN_POINT('Ctrl Pts',(15.3721719616142,-5.04924417948456,12.4996309540519));
#7033=CARTESIAN_POINT('Ctrl Pts',(11.9438363106618,-3.30712666063252,13.6118634827441));
#7034=CARTESIAN_POINT('Ctrl Pts',(22.4576973739246,-8.30279044860292,10.6390090384088));
#7035=CARTESIAN_POINT('Ctrl Pts',(18.9915122059208,-6.59883404050909,11.6910778440164));
#7036=CARTESIAN_POINT('Ctrl Pts',(15.5253252787991,-4.89482284432337,12.7430660029276));
#7037=CARTESIAN_POINT('Ctrl Pts',(12.0591401107953,-3.19086643622955,13.7951348085352));
#7038=CARTESIAN_POINT('Ctrl Pts',(22.5724781069841,-8.1767791776193,10.8073018914688));
#7039=CARTESIAN_POINT('Ctrl Pts',(19.087309219907,-6.49367463007087,11.8315512868538));
#7040=CARTESIAN_POINT('Ctrl Pts',(15.6021391030013,-4.81048258416444,12.8556765895567));
#7041=CARTESIAN_POINT('Ctrl Pts',(12.1169702159242,-3.12737803661601,13.8799259849417));
#7042=CARTESIAN_POINT('Ctrl Pts',(22.6381000852953,-8.10087547882422,10.898203334246));
#7043=CARTESIAN_POINT('Ctrl Pts',(19.142078140151,-6.43033813840147,11.9074375925516));
#7044=CARTESIAN_POINT('Ctrl Pts',(15.6460545558045,-4.75967273157037,12.9164907022312));
#7045=CARTESIAN_POINT('Ctrl Pts',(12.1500326106603,-3.08913539114762,13.9257249605368));
#7046=CARTESIAN_POINT('Ctrl Pts',(22.703727513363,-8.02346408921659,10.9870458440091));
#7047=CARTESIAN_POINT('Ctrl Pts',(19.1968512149788,-6.36570102199178,11.981546111163));
#7048=CARTESIAN_POINT('Ctrl Pts',(15.6899740495374,-4.70789619135547,12.9759863144544));
#7049=CARTESIAN_POINT('Ctrl Pts',(12.1830977511533,-3.05013312413066,13.9704865816083));
#7050=CARTESIAN_POINT('Ctrl Pts',(22.7856798878489,-7.91900282439249,11.0872610618499));
#7051=CARTESIAN_POINT('Ctrl Pts',(19.2652490998334,-6.27847981708148,12.0651349483977));
#7052=CARTESIAN_POINT('Ctrl Pts',(15.7448186956764,-4.63802529553693,13.0431042403641));
#7053=CARTESIAN_POINT('Ctrl Pts',(12.2243879076609,-2.99750228822591,14.0209781269119));
#7054=CARTESIAN_POINT('Ctrl Pts',(22.851033514256,-7.83291235023018,11.163342656852));
#7055=CARTESIAN_POINT('Ctrl Pts',(19.3197943068826,-6.20665427991226,12.1286710322161));
#7056=CARTESIAN_POINT('Ctrl Pts',(15.7885543057304,-4.58038529864743,13.0939820266613));
#7057=CARTESIAN_POINT('Ctrl Pts',(12.257315098357,-2.95412722832951,14.0593104020253));
#7058=CARTESIAN_POINT('Ctrl Pts',(23.0114194142755,-7.58861010963557,11.3046005574522));
#7059=CARTESIAN_POINT('Ctrl Pts',(19.4536535973074,-6.00269579668015,12.246480644257));
#7060=CARTESIAN_POINT('Ctrl Pts',(15.8958883227366,-4.41695447013419,13.1886004412884));
#7061=CARTESIAN_POINT('Ctrl Pts',(12.3381225057685,-2.83104015717878,14.1304805280932));
#7062=CARTESIAN_POINT('Ctrl Pts',(23.1393756600644,-7.39339675193543,11.4168718827744));
#7063=CARTESIAN_POINT('Ctrl Pts',(19.5604476844945,-5.83986322135306,12.340314970405));
#7064=CARTESIAN_POINT('Ctrl Pts',(15.9815188197837,-4.28621912338904,13.2636032278843));
#7065=CARTESIAN_POINT('Ctrl Pts',(12.4025908442138,-2.73268559280668,14.1870463155149));
#7066=CARTESIAN_POINT('Ctrl Pts',(23.2673338489063,-7.19821287852027,11.5291895747139));
#7067=CARTESIAN_POINT('Ctrl Pts',(19.6672426198141,-5.6769238801918,12.434004871103));
#7068=CARTESIAN_POINT('Ctrl Pts',(16.0671513907219,-4.15563488186333,13.3388201674921));
#7069=CARTESIAN_POINT('Ctrl Pts',(12.4670601616296,-2.63434588353487,14.2436354638812));
#7070=CARTESIAN_POINT('',(12.5000001639128,-2.64826532609602,14.2353566131432));
#7071=CARTESIAN_POINT('',(11.7954976250005,-3.44416506640441,13.3045268332587));
#7072=CARTESIAN_POINT('Ctrl Pts',(11.7954976251738,-3.44416506600612,13.30452683302));
#7073=CARTESIAN_POINT('Ctrl Pts',(11.9033636151896,-3.35091843368508,13.5383918447497));
#7074=CARTESIAN_POINT('Ctrl Pts',(12.0005574755797,-3.2538649843962,13.7049119871208));
#7075=CARTESIAN_POINT('Ctrl Pts',(12.1655265695832,-3.07674991725085,13.9523592888998));
#7076=CARTESIAN_POINT('Ctrl Pts',(12.2193745178727,-3.00990820280206,14.010248867617));
#7077=CARTESIAN_POINT('Ctrl Pts',(12.3185951474107,-2.88667645624878,14.118658336204));
#7078=CARTESIAN_POINT('Ctrl Pts',(12.3866006259154,-2.78142442623833,14.1588970267117));
#7079=CARTESIAN_POINT('Ctrl Pts',(12.4906016554225,-2.64429380241592,14.2377187516847));
#7080=CARTESIAN_POINT('',(21.907897647748,-8.79150979383532,9.67477484668534));
#7081=CARTESIAN_POINT('Origin',(21.6579165989528,0.869964960664368,16.1789716754938));
#7082=CARTESIAN_POINT('Origin',(14.7915011779325,1.46510542200117,16.6113763410845));
#7083=CARTESIAN_POINT('Origin',(22.5,-7.70820393249937,9.94657697249032));
#7084=CARTESIAN_POINT('Origin',(12.5000001639128,1.54187170963051,12.0210323891832));
#7085=CARTESIAN_POINT('',(12.5000001639128,6.96882529077518,19.1355090325331));
#7086=CARTESIAN_POINT('',(12.5000001639128,7.00652168557633,19.1522157082963));
#7087=CARTESIAN_POINT('',(12.5000001639128,7.2750848177775,18.192939128175));
#7088=CARTESIAN_POINT('',(12.5000001639128,7.98323260970787,16.0134843270639));
#7089=CARTESIAN_POINT('',(12.5000001639128,7.2750848177775,18.192939128175));
#7090=CARTESIAN_POINT('',(12.5000001639128,7.38554225381783,17.4955383240682));
#7091=CARTESIAN_POINT('',(12.5000001639128,7.42655630340924,17.4997784643094));
#7092=CARTESIAN_POINT('',(12.5000001639128,7.38554225381783,16.5044616759318));
#7093=CARTESIAN_POINT('',(12.5000001639128,7.38554225381783,14.0202185594012));
#7094=CARTESIAN_POINT('',(12.5000001639128,7.38554225381783,16.5044616759318));
#7095=CARTESIAN_POINT('',(12.5000001639128,7.27508481777749,15.807060871825));
#7096=CARTESIAN_POINT('',(12.5000001639128,7.31540176302843,15.7984194139457));
#7097=CARTESIAN_POINT('',(12.5000001639128,6.96882529077517,14.8644909674669));
#7098=CARTESIAN_POINT('',(12.5000001639128,6.21693013991649,12.5503956399872));
#7099=CARTESIAN_POINT('',(12.5000001639128,6.96882529077517,14.8644909674669));
#7100=CARTESIAN_POINT('',(12.5000001639128,6.648265326096,14.2353566131432));
#7101=CARTESIAN_POINT('',(12.5000001639128,6.68393863996058,14.2146794437882));
#7102=CARTESIAN_POINT('',(12.5000001639128,6.06572508842994,13.4335587620726));
#7103=CARTESIAN_POINT('',(12.5000001639128,4.80584587463138,11.6994837902228));
#7104=CARTESIAN_POINT('',(12.5000001639128,6.06572508842994,13.4335587620726));
#7105=CARTESIAN_POINT('',(12.5000001639128,5.56644123792734,12.93427491157));
#7106=CARTESIAN_POINT('',(12.5000001639128,5.59397894475132,12.9035860677868));
#7107=CARTESIAN_POINT('',(12.5000001639128,4.7646433868568,12.351734673904));
#7108=CARTESIAN_POINT('',(12.5000001639128,3.43513886612434,11.3857930984165));
#7109=CARTESIAN_POINT('',(12.5000001639128,4.7646433868568,12.351734673904));
#7110=CARTESIAN_POINT('',(12.5000001639128,4.13550903253311,12.0311747092248));
#7111=CARTESIAN_POINT('',(12.5000001639128,4.15221553349409,11.9934782499361));
#7112=CARTESIAN_POINT('',(12.5000001639128,3.19293912817499,11.7249151822225));
#7113=CARTESIAN_POINT('',(12.5000001639128,2.25909192044154,11.4214898311578));
#7114=CARTESIAN_POINT('',(12.5000001639128,3.19293912817499,11.7249151822225));
#7115=CARTESIAN_POINT('',(12.5000001639128,2.4955383240682,11.6144577461822));
#7116=CARTESIAN_POINT('',(12.5000001639128,2.49977826718209,11.5734436884421));
#7117=CARTESIAN_POINT('',(12.5000001639128,1.50446167593176,11.6144577461822));
#7118=CARTESIAN_POINT('',(12.5000001639128,1.28063821962485,11.6144577461822));
#7119=CARTESIAN_POINT('',(12.5000001639128,1.50446167593176,11.6144577461822));
#7120=CARTESIAN_POINT('Ctrl Pts',(23.2673338489063,6.22584885053023,7.16744751549895));
#7121=CARTESIAN_POINT('Ctrl Pts',(19.6672426453451,5.52693728974956,8.79364969320775));
#7122=CARTESIAN_POINT('Ctrl Pts',(16.067151441784,4.82802572896889,10.4198518709165));
#7123=CARTESIAN_POINT('Ctrl Pts',(12.4670602382228,4.12911416818822,12.0460540486253));
#7124=CARTESIAN_POINT('Ctrl Pts',(23.1393756600644,6.31773723825747,6.96185439167221));
#7125=CARTESIAN_POINT('Ctrl Pts',(19.5604477098754,5.60368844398961,8.62207962934767));
#7126=CARTESIAN_POINT('Ctrl Pts',(15.9815188705457,4.88945919195267,10.2822445966762));
#7127=CARTESIAN_POINT('Ctrl Pts',(12.4025909203567,4.17541039768481,11.9424698343516));
#7128=CARTESIAN_POINT('Ctrl Pts',(23.0114193184972,6.4096731421307,6.756280105855));
#7129=CARTESIAN_POINT('Ctrl Pts',(19.4536535267599,5.68026474095191,8.45045413528344));
#7130=CARTESIAN_POINT('Ctrl Pts',(15.8958883249423,4.95113896847334,10.144721081825));
#7131=CARTESIAN_POINT('Ctrl Pts',(12.338122533205,4.22173056729455,11.8388951112534));
#7132=CARTESIAN_POINT('Ctrl Pts',(22.8510333780629,6.52428452450645,6.49840144484169));
#7133=CARTESIAN_POINT('Ctrl Pts',(19.3197941957323,5.7760198963448,8.23525900350062));
#7134=CARTESIAN_POINT('Ctrl Pts',(15.7885542871976,5.02773997684402,9.97211025745048));
#7135=CARTESIAN_POINT('Ctrl Pts',(12.2573151048669,4.27947534868237,11.7089678161094));
#7136=CARTESIAN_POINT('Ctrl Pts',(22.7856797455165,6.54921305969535,6.38624726255901));
#7137=CARTESIAN_POINT('Ctrl Pts',(19.2652489824671,5.79678192156844,8.14163907242671));
#7138=CARTESIAN_POINT('Ctrl Pts',(15.7448186738971,5.04446625866582,9.897069238734));
#7139=CARTESIAN_POINT('Ctrl Pts',(12.2243879108477,4.29203512053891,11.6524610486017));
#7140=CARTESIAN_POINT('Ctrl Pts',(22.7037273524608,6.57481672294244,6.24376989269424));
#7141=CARTESIAN_POINT('Ctrl Pts',(19.1968510789466,5.81821082471012,8.02274617982597));
#7142=CARTESIAN_POINT('Ctrl Pts',(15.6899740182099,5.06154094115487,9.80170022833712));
#7143=CARTESIAN_POINT('Ctrl Pts',(12.1830977446957,4.30493504292256,11.5806765154689));
#7144=CARTESIAN_POINT('Ctrl Pts',(22.6380999150265,6.58522235089309,6.12639311710774));
#7145=CARTESIAN_POINT('Ctrl Pts',(19.1420779946753,5.8269422712711,7.92479798273287));
#7146=CARTESIAN_POINT('Ctrl Pts',(15.6460545196039,5.06845780175109,9.72313357729148));
#7147=CARTESIAN_POINT('Ctrl Pts',(12.1500325992526,4.31017772212909,11.5215384429166));
#7148=CARTESIAN_POINT('Ctrl Pts',(22.5724779271383,6.59319858988289,6.00823701263542));
#7149=CARTESIAN_POINT('Ctrl Pts',(19.0873090647773,5.83357710227033,7.82617619820312));
#7150=CARTESIAN_POINT('Ctrl Pts',(15.6021390618215,5.07381788718202,9.64406853464965));
#7151=CARTESIAN_POINT('Ctrl Pts',(12.1169701994605,4.31419639956946,11.4620077202173));
#7152=CARTESIAN_POINT('Ctrl Pts',(22.4576972039456,6.59622409696915,5.79801778485593));
#7153=CARTESIAN_POINT('Ctrl Pts',(18.9915120605233,5.83608493887101,7.6507197619321));
#7154=CARTESIAN_POINT('Ctrl Pts',(15.5253252423212,5.07585990229779,9.50339075372201));
#7155=CARTESIAN_POINT('Ctrl Pts',(12.0591400988988,4.31572074419965,11.3560927307982));
#7156=CARTESIAN_POINT('Ctrl Pts',(22.2288430462035,6.56909520210057,5.36809996983022));
#7157=CARTESIAN_POINT('Ctrl Pts',(18.8005074195641,5.81344640599507,7.29190595893717));
#7158=CARTESIAN_POINT('Ctrl Pts',(15.3721718784458,5.05770115876219,9.21568076653598));
#7159=CARTESIAN_POINT('Ctrl Pts',(11.9438362518064,4.30205236265668,11.1394867556429));
#7160=CARTESIAN_POINT('Ctrl Pts',(22.0351241698947,6.49410951706927,4.98728321718481));
#7161=CARTESIAN_POINT('Ctrl Pts',(18.6388306228888,5.75086875141776,6.97407984977863));
#7162=CARTESIAN_POINT('Ctrl Pts',(15.2425281999896,5.00751300647742,8.96082279124925));
#7163=CARTESIAN_POINT('Ctrl Pts',(11.8462346529837,4.26427224082591,10.9476194238431));
#7164=CARTESIAN_POINT('Ctrl Pts',(21.907897647748,6.42485550333615,4.7306780565594));
#7165=CARTESIAN_POINT('Ctrl Pts',(18.5326430890219,5.69303030668304,6.75989662364909));
#7166=CARTESIAN_POINT('Ctrl Pts',(15.1573885302958,4.96120511002993,8.78911519073879));
#7167=CARTESIAN_POINT('Ctrl Pts',(11.7821339715696,4.22937991337682,10.8183337578285));
#7168=CARTESIAN_POINT('',(23.2673338489063,6.22584885053023,7.16744751549895));
#7169=CARTESIAN_POINT('',(23.2673338489063,6.22584885053023,7.16744751549895));
#7170=CARTESIAN_POINT('',(21.9078976480635,6.42485550340453,4.73067805636972));
#7171=CARTESIAN_POINT('Ctrl Pts',(23.2673338489063,6.22584885053023,7.16744751549895));
#7172=CARTESIAN_POINT('Ctrl Pts',(23.1393756600644,6.31773723825747,6.96185439167221));
#7173=CARTESIAN_POINT('Ctrl Pts',(23.0114193184972,6.4096731421307,6.756280105855));
#7174=CARTESIAN_POINT('Ctrl Pts',(22.8510333780629,6.52428452450645,6.49840144484169));
#7175=CARTESIAN_POINT('Ctrl Pts',(22.7856797455165,6.54921305969535,6.38624726255901));
#7176=CARTESIAN_POINT('Ctrl Pts',(22.7037273524608,6.57481672294244,6.24376989269424));
#7177=CARTESIAN_POINT('Ctrl Pts',(22.6380999150265,6.58522235089309,6.12639311710774));
#7178=CARTESIAN_POINT('Ctrl Pts',(22.5724779271383,6.59319858988289,6.00823701263542));
#7179=CARTESIAN_POINT('Ctrl Pts',(22.4576972039456,6.59622409696915,5.79801778485593));
#7180=CARTESIAN_POINT('Ctrl Pts',(22.2288430462035,6.56909520210057,5.36809996983022));
#7181=CARTESIAN_POINT('Ctrl Pts',(22.0351241698947,6.49410951706927,4.98728321718481));
#7182=CARTESIAN_POINT('Ctrl Pts',(21.907897647748,6.42485550333615,4.7306780565594));
#7183=CARTESIAN_POINT('',(11.7954976249893,4.23227743062218,10.8102994679189));
#7184=CARTESIAN_POINT('',(1.5,2.,17.));
#7185=CARTESIAN_POINT('',(12.4906016554225,4.13368443258091,12.0354201224963));
#7186=CARTESIAN_POINT('Ctrl Pts',(12.4906016554225,4.1336844325809,12.0354201224962));
#7187=CARTESIAN_POINT('Ctrl Pts',(12.3868197585245,4.19815905382271,11.8913528432288));
#7188=CARTESIAN_POINT('Ctrl Pts',(12.3186534790669,4.25976911963062,11.7967220270122));
#7189=CARTESIAN_POINT('Ctrl Pts',(12.2193832479594,4.29576201125114,11.636503172545));
#7190=CARTESIAN_POINT('Ctrl Pts',(12.165533625178,4.3158083185673,11.5503761260727));
#7191=CARTESIAN_POINT('Ctrl Pts',(12.000674272077,4.31366160921491,11.2462898224159));
#7192=CARTESIAN_POINT('Ctrl Pts',(11.9034432096271,4.29434749337295,11.0544892881423));
#7193=CARTESIAN_POINT('Ctrl Pts',(11.7954976248231,4.23227743058629,10.8102994680189));
#7194=CARTESIAN_POINT('',(23.2673338489063,6.22584885053023,7.16744751549895));
#7195=CARTESIAN_POINT('Origin',(22.6766217074779,5.61271660236519,5.88128887056009));
#7196=CARTESIAN_POINT('',(23.2673338489063,4.36064580704256,6.56140630919625));
#7197=CARTESIAN_POINT('',(23.2673338489063,6.22584885053023,7.16744751549895));
#7198=CARTESIAN_POINT('',(21.9078976477451,5.63194319353721,4.47304522974633));
#7199=CARTESIAN_POINT('Ctrl Pts',(21.907897647748,5.63194319413028,4.47304522991289));
#7200=CARTESIAN_POINT('Ctrl Pts',(22.0351241698947,5.42508679101375,4.63993667776876));
#7201=CARTESIAN_POINT('Ctrl Pts',(22.2288429079593,5.14059063017868,4.9039504438768));
#7202=CARTESIAN_POINT('Ctrl Pts',(22.4576971175539,4.86594269067522,5.23581511696023));
#7203=CARTESIAN_POINT('Ctrl Pts',(22.5724778355015,4.74482677386202,5.40766443503211));
#7204=CARTESIAN_POINT('Ctrl Pts',(22.6380998286514,4.68182892758345,5.50794294525958));
#7205=CARTESIAN_POINT('Ctrl Pts',(22.703727271142,4.62125426054855,5.60901882121079));
#7206=CARTESIAN_POINT('Ctrl Pts',(22.7856796743001,4.55822070753136,5.73933450125002));
#7207=CARTESIAN_POINT('Ctrl Pts',(22.8510333098175,4.51246549773135,5.84472169221115));
#7208=CARTESIAN_POINT('Ctrl Pts',(23.0114192709251,4.45360865171982,6.12071613828346));
#7209=CARTESIAN_POINT('Ctrl Pts',(23.1393756600644,4.40715114594361,6.34106733893077));
#7210=CARTESIAN_POINT('Ctrl Pts',(23.2673338489063,4.36064580704256,6.56140630919625));
#7211=CARTESIAN_POINT('Origin',(28.4536888457592,2.48858511010406,15.4962896501236));
#7212=CARTESIAN_POINT('',(23.2673338489063,6.22584885053023,7.16744751549895));
#7213=CARTESIAN_POINT('Origin',(23.2673338489063,4.36064580704256,6.56140630919625));
#7214=CARTESIAN_POINT('',(23.2673338489063,4.36064580704256,6.56140630919625));
#7215=CARTESIAN_POINT('Origin',(23.2673338489063,4.36064580704256,6.56140630919625));
#7216=CARTESIAN_POINT('Origin',(23.2673338489063,4.36064580704256,6.56140630919625));
#7217=CARTESIAN_POINT('',(12.4906016554225,3.1919198692334,11.7294222666505));
#7218=CARTESIAN_POINT('',(12.4906016554225,3.66280215090718,11.8824211945734));
#7219=CARTESIAN_POINT('',(23.2673338489063,4.36064580704256,6.56140630919625));
#7220=CARTESIAN_POINT('Ctrl Pts',(21.907897647748,5.63194319413028,4.47304522991289));
#7221=CARTESIAN_POINT('Ctrl Pts',(18.5326430650853,5.03125746346113,6.54487360853133));
#7222=CARTESIAN_POINT('Ctrl Pts',(15.1573884824227,4.43057173279198,8.61670198714976));
#7223=CARTESIAN_POINT('Ctrl Pts',(11.78213389976,3.82988600212282,10.6885303657682));
#7224=CARTESIAN_POINT('Ctrl Pts',(22.0351241698947,5.42508679101375,4.63993667776876));
#7225=CARTESIAN_POINT('Ctrl Pts',(18.638830598803,4.85857143737748,6.68415489335375));
#7226=CARTESIAN_POINT('Ctrl Pts',(15.242528151818,4.29218066279117,8.7283972550381));
#7227=CARTESIAN_POINT('Ctrl Pts',(11.8462345807263,3.7256653091549,10.7726154706231));
#7228=CARTESIAN_POINT('Ctrl Pts',(22.2288429079593,5.14059063017868,4.9039504438768));
#7229=CARTESIAN_POINT('Ctrl Pts',(18.8005072570068,4.62113855565417,6.90450141539548));
#7230=CARTESIAN_POINT('Ctrl Pts',(15.3721717601681,4.10177936473375,8.90508285020352));
#7231=CARTESIAN_POINT('Ctrl Pts',(11.9438361092156,3.58232729020924,10.9056338217222));
#7232=CARTESIAN_POINT('Ctrl Pts',(22.4576971175539,4.86594269067522,5.23581511696023));
#7233=CARTESIAN_POINT('Ctrl Pts',(18.9915119495501,4.39191728528632,7.18148110254525));
#7234=CARTESIAN_POINT('Ctrl Pts',(15.5253251496315,3.91797651702203,9.12717158559446));
#7235=CARTESIAN_POINT('Ctrl Pts',(12.0591399816277,3.44395111163313,11.0728375711795));
#7236=CARTESIAN_POINT('Ctrl Pts',(22.5724778355015,4.74482677386202,5.40766443503211));
#7237=CARTESIAN_POINT('Ctrl Pts',(19.0873089484245,4.29081562057195,7.32490245223629));
#7238=CARTESIAN_POINT('Ctrl Pts',(15.6021389662199,3.8369402970772,9.24218258812691));
#7239=CARTESIAN_POINT('Ctrl Pts',(12.1169700791429,3.38292914378713,11.1594206053311));
#7240=CARTESIAN_POINT('Ctrl Pts',(22.6380998286514,4.68182892758345,5.50794294525958));
#7241=CARTESIAN_POINT('Ctrl Pts',(19.1420778835072,4.23821453768215,7.40858890570484));
#7242=CARTESIAN_POINT('Ctrl Pts',(15.6460544264994,3.79480325832968,9.30929807886342));
#7243=CARTESIAN_POINT('Ctrl Pts',(12.1500324813551,3.35118886842838,11.2099440393087));
#7244=CARTESIAN_POINT('Ctrl Pts',(22.703727271142,4.62125426054855,5.60901882121079));
#7245=CARTESIAN_POINT('Ctrl Pts',(19.1968509727579,4.18770526143414,7.49296267222938));
#7246=CARTESIAN_POINT('Ctrl Pts',(15.689973927499,3.7542184652929,9.37692535993218));
#7247=CARTESIAN_POINT('Ctrl Pts',(12.1830976291148,3.32066946617848,11.2608692109508));
#7248=CARTESIAN_POINT('Ctrl Pts',(22.7856796743001,4.55822070753136,5.73933450125002));
#7249=CARTESIAN_POINT('Ctrl Pts',(19.2652488862846,4.13515686453742,7.60174424678402));
#7250=CARTESIAN_POINT('Ctrl Pts',(15.7448185880839,3.71197504364761,9.46411656025963));
#7251=CARTESIAN_POINT('Ctrl Pts',(12.2243878000684,3.28891120065367,11.3265263057936));
#7252=CARTESIAN_POINT('Ctrl Pts',(22.8510333098175,4.51246549773135,5.84472169221115));
#7253=CARTESIAN_POINT('Ctrl Pts',(19.3197941024441,4.09692503694444,7.68968790030443));
#7254=CARTESIAN_POINT('Ctrl Pts',(15.7885542027279,3.68139876290612,9.53465744400645));
#7255=CARTESIAN_POINT('Ctrl Pts',(12.2573149953544,3.26585830211921,11.3796236520997));
#7256=CARTESIAN_POINT('Ctrl Pts',(23.0114192709251,4.45360865171982,6.12071613828346));
#7257=CARTESIAN_POINT('Ctrl Pts',(19.4536534539569,4.04790193192119,7.92006723339148));
#7258=CARTESIAN_POINT('Ctrl Pts',(15.8958882505122,3.64191111135566,9.71932714747858));
#7259=CARTESIAN_POINT('Ctrl Pts',(12.338122433544,3.23620439155704,11.5186782425866));
#7260=CARTESIAN_POINT('Ctrl Pts',(23.1393756600644,4.40715114594361,6.34106733893077));
#7261=CARTESIAN_POINT('Ctrl Pts',(19.5604476844945,4.00897284230607,8.10392513389008));
#7262=CARTESIAN_POINT('Ctrl Pts',(15.9815188197837,3.61097595809286,9.86684023953018));
#7263=CARTESIAN_POINT('Ctrl Pts',(12.4025908442138,3.21279765445531,11.6296980344895));
#7264=CARTESIAN_POINT('Ctrl Pts',(23.2673338489063,4.36064580704256,6.56140630919625));
#7265=CARTESIAN_POINT('Ctrl Pts',(19.6672426198141,3.9702194772073,8.28784142757931));
#7266=CARTESIAN_POINT('Ctrl Pts',(16.0671513907219,3.57979314737205,10.0142765459624));
#7267=CARTESIAN_POINT('Ctrl Pts',(12.4670601616296,3.18936681753679,11.7407116643454));
#7268=CARTESIAN_POINT('',(11.7954976250005,3.83226431032179,10.68032732703));
#7269=CARTESIAN_POINT('Ctrl Pts',(11.7954976251738,3.8322643106719,10.680327327335));
#7270=CARTESIAN_POINT('Ctrl Pts',(11.9034478565323,3.63850906020756,10.841404107457));
#7271=CARTESIAN_POINT('Ctrl Pts',(12.0006839090413,3.51015019984222,10.9852298947581));
#7272=CARTESIAN_POINT('Ctrl Pts',(12.1655278698774,3.32968624686114,11.2299560876178));
#7273=CARTESIAN_POINT('Ctrl Pts',(12.2193838871948,3.29527582778565,11.3114265805873));
#7274=CARTESIAN_POINT('Ctrl Pts',(12.3186860641416,3.23019778537393,11.4622505570825));
#7275=CARTESIAN_POINT('Ctrl Pts',(12.3869236222138,3.22440688184898,11.5751267297109));
#7276=CARTESIAN_POINT('Ctrl Pts',(12.4906016554225,3.19191986923341,11.7294222666505));
#7277=CARTESIAN_POINT('',(21.907897647748,5.63194319413028,4.47304522991289));
#7278=CARTESIAN_POINT('Origin',(21.6579165989373,2.43164430669365,15.6715611070537));
#7279=CARTESIAN_POINT('Origin',(14.7915011778824,2.20431154840115,16.3711937110312));
#7280=CARTESIAN_POINT('Origin',(22.5,5.70820393249937,5.58732180445816));
#7281=CARTESIAN_POINT('Ctrl Pts',(23.2673338489063,9.05744690196959,8.95454599827486));
#7282=CARTESIAN_POINT('Ctrl Pts',(19.6672426453451,7.89021839857355,10.2851806263518));
#7283=CARTESIAN_POINT('Ctrl Pts',(16.067151441784,6.72298989517752,11.6158152544288));
#7284=CARTESIAN_POINT('Ctrl Pts',(12.4670602382228,5.55576139178148,12.9464498825058));
#7285=CARTESIAN_POINT('Ctrl Pts',(23.1393756600644,9.20836972107854,8.78741039154738));
#7286=CARTESIAN_POINT('Ctrl Pts',(19.5604477098754,8.0162311494055,10.1457252101146));
#7287=CARTESIAN_POINT('Ctrl Pts',(15.9815188705457,6.8239395767567,11.5039269436582));
#7288=CARTESIAN_POINT('Ctrl Pts',(12.4025909203567,5.63180100508366,12.8622417622254));
#7289=CARTESIAN_POINT('Ctrl Pts',(23.01141940196,9.35933450642732,8.62030945147254));
#7290=CARTESIAN_POINT('Ctrl Pts',(19.4536536102227,8.14209732692373,10.0061651100944));
#7291=CARTESIAN_POINT('Ctrl Pts',(15.8958883669934,6.92509894178713,11.3921954494617));
#7292=CARTESIAN_POINT('Ctrl Pts',(12.3381225752561,5.70786176228354,12.7780511080835));
#7293=CARTESIAN_POINT('Ctrl Pts',(22.8510334968241,9.54802823599638,8.41047134690775));
#7294=CARTESIAN_POINT('Ctrl Pts',(19.3197943144935,8.29966778303588,9.83109455955522));
#7295=CARTESIAN_POINT('Ctrl Pts',(15.7885543470332,7.05129198874607,11.2517049277538));
#7296=CARTESIAN_POINT('Ctrl Pts',(12.2573151647025,5.80293153578558,12.6723281404012));
#7297=CARTESIAN_POINT('Ctrl Pts',(22.7856798696175,9.60639458454729,8.31150999107507));
#7298=CARTESIAN_POINT('Ctrl Pts',(19.2652491065681,8.3483441465326,9.7484728017228));
#7299=CARTESIAN_POINT('Ctrl Pts',(15.744818736423,7.09038875668356,11.1855055187998));
#7300=CARTESIAN_POINT('Ctrl Pts',(12.2243879733737,5.83233831866887,12.6224683294475));
#7301=CARTESIAN_POINT('Ctrl Pts',(22.7037274928605,9.67477471547058,8.1839191768098));
#7302=CARTESIAN_POINT('Ctrl Pts',(19.1968512193464,8.40546584037564,9.64202208642289));
#7303=CARTESIAN_POINT('Ctrl Pts',(15.6899740889476,7.13609923185624,11.1000811967135));
#7304=CARTESIAN_POINT('Ctrl Pts',(12.1830978154334,5.8667903567613,12.5581841063266));
#7305=CARTESIAN_POINT('Ctrl Pts',(22.6381000636422,9.72094335506924,8.07550340320454));
#7306=CARTESIAN_POINT('Ctrl Pts',(19.142078143291,8.44403847792318,9.55156663849506));
#7307=CARTESIAN_POINT('Ctrl Pts',(15.6460545944811,7.1669564314022,11.0274976301672));
#7308=CARTESIAN_POINT('Ctrl Pts',(12.1500326741298,5.89005155425613,12.5035608654577));
#7309=CARTESIAN_POINT('Ctrl Pts',(22.5724780841666,9.76504190871065,7.96559541249997));
#7310=CARTESIAN_POINT('Ctrl Pts',(19.0873092218056,8.48082483991834,9.45982237219777));
#7311=CARTESIAN_POINT('Ctrl Pts',(15.6021391409372,7.19648684681259,10.9539588394754));
#7312=CARTESIAN_POINT('Ctrl Pts',(12.1169702785762,5.91226977802028,12.4481857991732));
#7313=CARTESIAN_POINT('Ctrl Pts',(22.4576973523317,9.83288042999192,7.76659980000577));
#7314=CARTESIAN_POINT('Ctrl Pts',(18.9915122089093,8.53742873396298,9.29372817011479));
#7315=CARTESIAN_POINT('Ctrl Pts',(15.5253253170827,7.24190063234798,10.8207972463283));
#7316=CARTESIAN_POINT('Ctrl Pts',(12.0591401736603,5.94644893631903,12.3479256164373));
#7317=CARTESIAN_POINT('Ctrl Pts',(22.2288432752578,9.93993221972324,7.34934126546164));
#7318=CARTESIAN_POINT('Ctrl Pts',(18.8005076486184,8.62677876364216,8.94548116771389));
#7319=CARTESIAN_POINT('Ctrl Pts',(15.3721719938505,7.31353841574328,10.5415578785198));
#7320=CARTESIAN_POINT('Ctrl Pts',(11.943836367211,6.00038495966219,12.137697780772));
#7321=CARTESIAN_POINT('Ctrl Pts',(22.0351241698947,9.98628577565592,6.96398364065204));
#7322=CARTESIAN_POINT('Ctrl Pts',(18.6388306228888,8.66546787846845,8.6238654971351));
#7323=CARTESIAN_POINT('Ctrl Pts',(15.2425281999896,7.34455722094856,10.2836607597713));
#7324=CARTESIAN_POINT('Ctrl Pts',(11.8462346529837,6.02373932376109,11.9435426162544));
#7325=CARTESIAN_POINT('Ctrl Pts',(21.907897647748,9.99971665009292,6.69853696335208));
#7326=CARTESIAN_POINT('Ctrl Pts',(18.5326430890219,8.6766465054951,8.40229208189225));
#7327=CARTESIAN_POINT('Ctrl Pts',(15.1573885302958,7.35357636089728,10.1060472004324));
#7328=CARTESIAN_POINT('Ctrl Pts',(11.7821339715696,6.03050621629947,11.8098023189726));
#7329=CARTESIAN_POINT('',(23.2673338489063,9.05744690196959,8.95454599827486));
#7330=CARTESIAN_POINT('',(23.2673338489063,9.05744690196959,8.95454599827486));
#7331=CARTESIAN_POINT('',(21.9078976480635,9.99971665021656,6.69853696319282));
#7332=CARTESIAN_POINT('Ctrl Pts',(23.2673338489063,9.05744690196959,8.95454599827486));
#7333=CARTESIAN_POINT('Ctrl Pts',(23.1393756600644,9.20836972107854,8.78741039154738));
#7334=CARTESIAN_POINT('Ctrl Pts',(23.01141940196,9.35933450642732,8.62030945147254));
#7335=CARTESIAN_POINT('Ctrl Pts',(22.8510334968241,9.54802823599638,8.41047134690775));
#7336=CARTESIAN_POINT('Ctrl Pts',(22.7856798696175,9.60639458454729,8.31150999107507));
#7337=CARTESIAN_POINT('Ctrl Pts',(22.7037274928605,9.67477471547058,8.1839191768098));
#7338=CARTESIAN_POINT('Ctrl Pts',(22.6381000636422,9.72094335506924,8.07550340320454));
#7339=CARTESIAN_POINT('Ctrl Pts',(22.5724780841666,9.76504190871065,7.96559541249997));
#7340=CARTESIAN_POINT('Ctrl Pts',(22.4576973523317,9.83288042999192,7.76659980000577));
#7341=CARTESIAN_POINT('Ctrl Pts',(22.2288432752578,9.93993221972324,7.34934126546164));
#7342=CARTESIAN_POINT('Ctrl Pts',(22.0351241698947,9.98628577565592,6.96398364065204));
#7343=CARTESIAN_POINT('Ctrl Pts',(21.907897647748,9.99971665009292,6.69853696335208));
#7344=CARTESIAN_POINT('',(11.7954976249893,6.03574465107655,11.8030566372706));
#7345=CARTESIAN_POINT('',(1.5,2.,17.));
#7346=CARTESIAN_POINT('',(12.4906016554225,5.56339403540415,12.9377487071331));
#7347=CARTESIAN_POINT('Ctrl Pts',(12.4906016554225,5.56339403540415,12.9377487071331));
#7348=CARTESIAN_POINT('Ctrl Pts',(12.3866276598114,5.66942818668347,12.820439599872));
#7349=CARTESIAN_POINT('Ctrl Pts',(12.3185993194203,5.7571174738417,12.7496202737722));
#7350=CARTESIAN_POINT('Ctrl Pts',(12.2193820823544,5.84081526684141,12.6084415260285));
#7351=CARTESIAN_POINT('Ctrl Pts',(12.1655360182065,5.88649481167035,12.5327321783821));
#7352=CARTESIAN_POINT('Ctrl Pts',(12.0006117440868,5.97845587752395,12.2427496774359));
#7353=CARTESIAN_POINT('Ctrl Pts',(11.9034033490521,6.01932405022065,12.0543828208798));
#7354=CARTESIAN_POINT('Ctrl Pts',(11.7954976248231,6.03574465101151,11.8030566373546));
#7355=CARTESIAN_POINT('',(23.2673338489063,9.05744690196959,8.95454599827486));
#7356=CARTESIAN_POINT('Origin',(22.6766217074779,8.87176836074989,7.54186815353409));
#7357=CARTESIAN_POINT('',(23.2673338489063,7.47081042528612,7.80178712147973));
#7358=CARTESIAN_POINT('',(23.2673338489063,9.05744690196959,8.95454599827486));
#7359=CARTESIAN_POINT('',(21.9078976477451,9.3252251528021,6.20849020582301));
#7360=CARTESIAN_POINT('Ctrl Pts',(21.907897647748,9.32522515331467,6.20849020616468));
#7361=CARTESIAN_POINT('Ctrl Pts',(22.0351241698947,9.07692072959004,6.30329126120363));
#7362=CARTESIAN_POINT('Ctrl Pts',(22.2288431436372,8.72475373285412,6.46646213092319));
#7363=CARTESIAN_POINT('Ctrl Pts',(22.4576972662749,8.36099745606403,6.69721403704981));
#7364=CARTESIAN_POINT('Ctrl Pts',(22.5724779931492,8.19270477684738,6.82322542095859));
#7365=CARTESIAN_POINT('Ctrl Pts',(22.6380999774129,8.1018029995171,6.89912888956265));
#7366=CARTESIAN_POINT('Ctrl Pts',(22.7037274113276,8.0129598553039,6.97653983086277));
#7367=CARTESIAN_POINT('Ctrl Pts',(22.7856797973841,7.91274343369779,7.08100024612897));
#7368=CARTESIAN_POINT('Ctrl Pts',(22.851033427722,7.83666157222256,7.16709053518957));
#7369=CARTESIAN_POINT('Ctrl Pts',(23.0114193532986,7.69540151537265,7.41139126445998));
#7370=CARTESIAN_POINT('Ctrl Pts',(23.1393756600644,7.58312811722559,7.60660324806457));
#7371=CARTESIAN_POINT('Ctrl Pts',(23.2673338489063,7.47081042528612,7.80178712147973));
#7372=CARTESIAN_POINT('Origin',(28.4536888457592,2.92934410545854,15.7208675753503));
#7373=CARTESIAN_POINT('',(23.2673338489063,9.05744690196959,8.95454599827486));
#7374=CARTESIAN_POINT('Origin',(23.2673338489063,7.47081042528612,7.80178712147973));
#7375=CARTESIAN_POINT('',(23.2673338489063,7.47081042528612,7.80178712147973));
#7376=CARTESIAN_POINT('Origin',(23.2673338489063,7.47081042528612,7.80178712147973));
#7377=CARTESIAN_POINT('Origin',(23.2673338489063,7.47081042528612,7.80178712147973));
#7378=CARTESIAN_POINT('',(12.4906016554225,4.76228124831528,12.3557061975841));
#7379=CARTESIAN_POINT('',(12.4906016554225,5.16283764185973,12.6467274523586));
#7380=CARTESIAN_POINT('',(23.2673338489063,7.47081042528612,7.80178712147973));
#7381=CARTESIAN_POINT('Ctrl Pts',(21.907897647748,9.32522515331467,6.20849020616468));
#7382=CARTESIAN_POINT('Ctrl Pts',(18.5326430650853,8.11370889649486,7.99329398723967));
#7383=CARTESIAN_POINT('Ctrl Pts',(15.1573884824227,6.90219263967506,9.77809776831465));
#7384=CARTESIAN_POINT('Ctrl Pts',(11.78213389976,5.69067638285526,11.5629015493896));
#7385=CARTESIAN_POINT('Ctrl Pts',(22.0351241698947,9.07692072959004,6.30329126120363));
#7386=CARTESIAN_POINT('Ctrl Pts',(18.638830598803,7.90643444210642,8.07239544401704));
#7387=CARTESIAN_POINT('Ctrl Pts',(15.242528151818,6.73605917478499,9.84156108817919));
#7388=CARTESIAN_POINT('Ctrl Pts',(11.8462345807263,5.56557288730137,11.6106652709926));
#7389=CARTESIAN_POINT('Ctrl Pts',(22.2288431436372,8.72475373285412,6.46646213092319));
#7390=CARTESIAN_POINT('Ctrl Pts',(18.8005074926848,7.61252120416197,8.20857964977523));
#7391=CARTESIAN_POINT('Ctrl Pts',(15.3721718789099,6.50037272410061,9.95075831395127));
#7392=CARTESIAN_POINT('Ctrl Pts',(11.9438362279575,5.38814019540846,11.6928758328033));
#7393=CARTESIAN_POINT('Ctrl Pts',(22.4576972662749,8.36099745606403,6.69721403704981));
#7394=CARTESIAN_POINT('Ctrl Pts',(18.9915120982711,7.30892865045642,8.40117044514363));
#7395=CARTESIAN_POINT('Ctrl Pts',(15.5253252245618,6.2569372691899,10.1051794156881));
#7396=CARTESIAN_POINT('Ctrl Pts',(12.059140056558,5.20486846358229,11.8091358237819));
#7397=CARTESIAN_POINT('Ctrl Pts',(22.5724779931492,8.19270477684738,6.82322542095859));
#7398=CARTESIAN_POINT('Ctrl Pts',(19.0873091060721,7.16845538146235,8.50632996850702));
#7399=CARTESIAN_POINT('Ctrl Pts',(15.6021390456477,6.14432677014853,10.1895197327422));
#7400=CARTESIAN_POINT('Ctrl Pts',(12.1169701585706,5.1200773747635,11.8726242802906));
#7401=CARTESIAN_POINT('Ctrl Pts',(22.6380999774129,8.1018029995171,6.89912888956265));
#7402=CARTESIAN_POINT('Ctrl Pts',(19.1420780322687,7.09256874121149,8.56966622998539));
#7403=CARTESIAN_POINT('Ctrl Pts',(15.64605450145,6.08351248891576,10.2403294693589));
#7404=CARTESIAN_POINT('Ctrl Pts',(12.1500325563058,5.07427823061015,11.9108668097816));
#7405=CARTESIAN_POINT('Ctrl Pts',(22.7037274113276,8.0129598553039,6.97653983086277));
#7406=CARTESIAN_POINT('Ctrl Pts',(19.1968511129434,7.01845958814997,8.63430289808758));
#7407=CARTESIAN_POINT('Ctrl Pts',(15.6899739981288,6.02401655703686,10.2921057837025));
#7408=CARTESIAN_POINT('Ctrl Pts',(12.1830976997446,5.02951628988292,11.9498688509273));
#7409=CARTESIAN_POINT('Ctrl Pts',(22.7856797973841,7.91274343369779,7.08100024612897));
#7410=CARTESIAN_POINT('Ctrl Pts',(19.2652490093686,6.93486954715,8.72152325343998));
#7411=CARTESIAN_POINT('Ctrl Pts',(15.7448186500974,5.95689802463267,10.3619762514874));
#7412=CARTESIAN_POINT('Ctrl Pts',(12.2243878620819,4.97902413808489,12.0024992587984));
#7413=CARTESIAN_POINT('Ctrl Pts',(22.851033427722,7.83666157222256,7.16709053518957));
#7414=CARTESIAN_POINT('Ctrl Pts',(19.3197942203485,6.87133319685854,8.7933486055075));
#7415=CARTESIAN_POINT('Ctrl Pts',(15.7885542621318,5.90602010407808,10.4196161551169));
#7416=CARTESIAN_POINT('Ctrl Pts',(12.2573150547584,4.94069172871407,12.0458742254348));
#7417=CARTESIAN_POINT('Ctrl Pts',(23.0114193532986,7.69540151537265,7.41139126445998));
#7418=CARTESIAN_POINT('Ctrl Pts',(19.4536535363304,6.75352142856788,8.9973055774154));
#7419=CARTESIAN_POINT('Ctrl Pts',(15.8958882920145,5.81140060306527,10.5830462221779));
#7420=CARTESIAN_POINT('Ctrl Pts',(12.3381224750464,4.8695205162605,12.1689605351333));
#7421=CARTESIAN_POINT('Ctrl Pts',(23.1393756600644,7.58312811722559,7.60660324806457));
#7422=CARTESIAN_POINT('Ctrl Pts',(19.5604476844945,6.65968502959498,9.16013677864694));
#7423=CARTESIAN_POINT('Ctrl Pts',(15.9815188197837,5.73639677211574,10.713780876611));
#7424=CARTESIAN_POINT('Ctrl Pts',(12.4025908442138,4.81295368448513,12.2673144071933));
#7425=CARTESIAN_POINT('Ctrl Pts',(23.2673338489063,7.47081042528612,7.80178712147973));
#7426=CARTESIAN_POINT('Ctrl Pts',(19.6672426198141,6.56599512889701,9.3230761198082));
#7427=CARTESIAN_POINT('Ctrl Pts',(16.0671513907219,5.6611798325079,10.8443651181367));
#7428=CARTESIAN_POINT('Ctrl Pts',(12.4670601616296,4.75636453611879,12.3656541164651));
#7429=CARTESIAN_POINT('',(11.7954976250005,5.69547316674127,11.5558349335956));
#7430=CARTESIAN_POINT('Ctrl Pts',(11.7954976251738,5.69547316697998,11.5558349339938));
#7431=CARTESIAN_POINT('Ctrl Pts',(11.903398297356,5.46153296060135,11.6491115479174));
#7432=CARTESIAN_POINT('Ctrl Pts',(12.0006094849592,5.29501254162644,11.7461929572636));
#7433=CARTESIAN_POINT('Ctrl Pts',(12.1655248619599,5.04764725188785,11.9232508686311));
#7434=CARTESIAN_POINT('Ctrl Pts',(12.219375345819,4.98975255642068,11.9900945206921));
#7435=CARTESIAN_POINT('Ctrl Pts',(12.318635763951,4.88129900324856,12.1133752263712));
#7436=CARTESIAN_POINT('Ctrl Pts',(12.3867444054887,4.84099400365554,12.2187651544099));
#7437=CARTESIAN_POINT('Ctrl Pts',(12.4906016554225,4.76228124831529,12.3557061975841));
#7438=CARTESIAN_POINT('',(21.907897647748,9.32522515331467,6.20849020616468));
#7439=CARTESIAN_POINT('Origin',(21.6579165989481,2.82102832450797,15.8699649606619));
#7440=CARTESIAN_POINT('Origin',(14.7915011778968,2.38862365890647,16.4651054220134));
#7441=CARTESIAN_POINT('Origin',(22.5,9.05342302750968,7.29179606750063));
#7442=CARTESIAN_POINT('Ctrl Pts',(23.2673338489063,11.832552484501,21.2258488505302));
#7443=CARTESIAN_POINT('Ctrl Pts',(19.6672426453451,10.2063503067922,20.5269372897496));
#7444=CARTESIAN_POINT('Ctrl Pts',(16.067151441784,8.58014812908345,19.8280257289689));
#7445=CARTESIAN_POINT('Ctrl Pts',(12.4670602382228,6.95394595137465,19.1291141681882));
#7446=CARTESIAN_POINT('Ctrl Pts',(23.1393756600644,12.0381456083278,21.3177372382575));
#7447=CARTESIAN_POINT('Ctrl Pts',(19.5604477098754,10.3779203706523,20.6036884439896));
#7448=CARTESIAN_POINT('Ctrl Pts',(15.9815188705457,8.71775540332382,19.8894591919527));
#7449=CARTESIAN_POINT('Ctrl Pts',(12.4025909203567,7.05753016564836,19.1754103976848));
#7450=CARTESIAN_POINT('Ctrl Pts',(23.0114196470955,12.2437148847505,21.4096866985797));
#7451=CARTESIAN_POINT('Ctrl Pts',(19.4536538553582,10.549540855322,20.6802782974009));
#7452=CARTESIAN_POINT('Ctrl Pts',(15.8958884905004,8.85527639428616,19.9511457986343));
#7453=CARTESIAN_POINT('Ctrl Pts',(12.3381226987631,7.16110236485772,19.2217373974555));
#7454=CARTESIAN_POINT('Ctrl Pts',(22.8510338403396,12.501589224356,21.5243106238485));
#7455=CARTESIAN_POINT('Ctrl Pts',(19.3197946580089,10.7647316656971,20.7760459956869));
#7456=CARTESIAN_POINT('Ctrl Pts',(15.7885545201069,9.02788504140094,20.0277531265048));
#7457=CARTESIAN_POINT('Ctrl Pts',(12.2573153377763,7.29102748274201,19.2794884983432));
#7458=CARTESIAN_POINT('Ctrl Pts',(22.785680229452,12.613742834305,21.549240797843));
#7459=CARTESIAN_POINT('Ctrl Pts',(19.2652494664026,10.8583510244373,20.7968096597161));
#7460=CARTESIAN_POINT('Ctrl Pts',(15.7448189177189,9.10292577175789,20.0444802340079));
#7461=CARTESIAN_POINT('Ctrl Pts',(12.2243881546695,7.34753396189018,19.292049095881));
#7462=CARTESIAN_POINT('Ctrl Pts',(22.7037278929638,12.7562179275721,21.5748511473903));
#7463=CARTESIAN_POINT('Ctrl Pts',(19.1968516194496,10.9772416404404,20.818245249158));
#7464=CARTESIAN_POINT('Ctrl Pts',(15.6899742905321,9.19829363513401,20.0615582852631));
#7465=CARTESIAN_POINT('Ctrl Pts',(12.1830980170179,7.41931734800228,19.3049523870308));
#7466=CARTESIAN_POINT('Ctrl Pts',(22.6381004843499,12.873593500814,21.5852603125653));
#7467=CARTESIAN_POINT('Ctrl Pts',(19.1420785639987,11.0751886351888,20.8269802329433));
#7468=CARTESIAN_POINT('Ctrl Pts',(15.6460548064467,9.27685968040101,20.068476928023));
#7469=CARTESIAN_POINT('Ctrl Pts',(12.1500328860955,7.47845481477587,19.3101968484011));
#7470=CARTESIAN_POINT('Ctrl Pts',(22.5724785252134,12.9917489508115,21.5932384029975));
#7471=CARTESIAN_POINT('Ctrl Pts',(19.0873096628524,11.1738097652438,20.8336169153849));
#7472=CARTESIAN_POINT('Ctrl Pts',(15.6021393631503,9.35592439329804,20.0738379462682));
#7473=CARTESIAN_POINT('Ctrl Pts',(12.1169705007893,7.53798520773035,19.3142164586557));
#7474=CARTESIAN_POINT('Ctrl Pts',(22.4576977707441,13.2019685757073,21.5962628650077));
#7475=CARTESIAN_POINT('Ctrl Pts',(18.9915126273217,11.3492665986311,20.8361237069096));
#7476=CARTESIAN_POINT('Ctrl Pts',(15.5253255278919,9.49660237430524,20.0758794348422));
#7477=CARTESIAN_POINT('Ctrl Pts',(12.0591403844696,7.64390039722907,19.315740276744));
#7478=CARTESIAN_POINT('Ctrl Pts',(22.2288438758218,13.6318846602504,21.5691378076444));
#7479=CARTESIAN_POINT('Ctrl Pts',(18.8005082491824,11.7080786711434,20.8134890115389));
#7480=CARTESIAN_POINT('Ctrl Pts',(15.3721722964333,9.78431148962027,20.0577226247611));
#7481=CARTESIAN_POINT('Ctrl Pts',(11.9438366697939,7.86050550051331,19.3020738286556));
#7482=CARTESIAN_POINT('Ctrl Pts',(22.0351241698947,14.0127167828153,21.4941095170693));
#7483=CARTESIAN_POINT('Ctrl Pts',(18.6388306228888,12.0259201502214,20.7508687514178));
#7484=CARTESIAN_POINT('Ctrl Pts',(15.2425281999896,10.0391772087508,20.0075130064774));
#7485=CARTESIAN_POINT('Ctrl Pts',(11.8462346529837,8.05238057615697,19.2642722408259));
#7486=CARTESIAN_POINT('Ctrl Pts',(21.907897647748,14.2693219434406,21.4248555033361));
#7487=CARTESIAN_POINT('Ctrl Pts',(18.5326430890219,12.2401033763509,20.693030306683));
#7488=CARTESIAN_POINT('Ctrl Pts',(15.1573885302958,10.2108848092612,19.9612051100299));
#7489=CARTESIAN_POINT('Ctrl Pts',(11.7821339715696,8.18166624217151,19.2293799133768));
#7490=CARTESIAN_POINT('',(23.2673338489063,11.832552484501,21.2258488505302));
#7491=CARTESIAN_POINT('',(23.2673338489063,11.832552484501,21.2258488505302));
#7492=CARTESIAN_POINT('',(21.9078976480635,14.2693219436303,21.4248555034045));
#7493=CARTESIAN_POINT('Ctrl Pts',(23.2673338489063,11.832552484501,21.2258488505302));
#7494=CARTESIAN_POINT('Ctrl Pts',(23.1393756600644,12.0381456083278,21.3177372382575));
#7495=CARTESIAN_POINT('Ctrl Pts',(23.0114196470955,12.2437148847505,21.4096866985797));
#7496=CARTESIAN_POINT('Ctrl Pts',(22.8510338403396,12.501589224356,21.5243106238485));
#7497=CARTESIAN_POINT('Ctrl Pts',(22.785680229452,12.613742834305,21.549240797843));
#7498=CARTESIAN_POINT('Ctrl Pts',(22.7037278929638,12.7562179275721,21.5748511473903));
#7499=CARTESIAN_POINT('Ctrl Pts',(22.6381004843499,12.873593500814,21.5852603125653));
#7500=CARTESIAN_POINT('Ctrl Pts',(22.5724785252134,12.9917489508115,21.5932384029975));
#7501=CARTESIAN_POINT('Ctrl Pts',(22.4576977707441,13.2019685757073,21.5962628650077));
#7502=CARTESIAN_POINT('Ctrl Pts',(22.2288438758218,13.6318846602504,21.5691378076444));
#7503=CARTESIAN_POINT('Ctrl Pts',(22.0351241698947,14.0127167828153,21.4941095170693));
#7504=CARTESIAN_POINT('Ctrl Pts',(21.907897647748,14.2693219434406,21.4248555033361));
#7505=CARTESIAN_POINT('',(11.7954976249893,8.18970053208111,19.2322774306222));
#7506=CARTESIAN_POINT('',(1.5,2.,17.));
#7507=CARTESIAN_POINT('',(12.4906016554225,6.96457987750373,19.1336844325809));
#7508=CARTESIAN_POINT('Ctrl Pts',(12.4906016554225,6.96457987750373,19.1336844325809));
#7509=CARTESIAN_POINT('Ctrl Pts',(12.3859893726066,7.10979987649891,19.1986749320167));
#7510=CARTESIAN_POINT('Ctrl Pts',(12.3184175749565,7.20365506133081,19.2598657462642));
#7511=CARTESIAN_POINT('Ctrl Pts',(12.2193719030389,7.36351036722246,19.2957808526698));
#7512=CARTESIAN_POINT('Ctrl Pts',(12.1655366184991,7.44960984509153,19.3158312661594));
#7513=CARTESIAN_POINT('Ctrl Pts',(12.0150829700876,7.72712820994408,19.3138666708075));
#7514=CARTESIAN_POINT('Ctrl Pts',(11.9153942457386,7.91847559630725,19.3012194887691));
#7515=CARTESIAN_POINT('Ctrl Pts',(11.7954976248231,8.18970053198109,19.2322774305863));
#7516=CARTESIAN_POINT('',(23.2673338489063,11.832552484501,21.2258488505302));
#7517=CARTESIAN_POINT('Origin',(22.6766217074779,13.1187111294399,20.6127166023652));
#7518=CARTESIAN_POINT('',(23.2673338489063,12.4385936908037,19.3606458070426));
#7519=CARTESIAN_POINT('',(23.2673338489063,11.832552484501,21.2258488505302));
#7520=CARTESIAN_POINT('',(21.9078976477451,14.5269547702537,20.6319431935372));
#7521=CARTESIAN_POINT('Ctrl Pts',(21.907897647748,14.5269547700871,20.6319431941303));
#7522=CARTESIAN_POINT('Ctrl Pts',(22.0351241698947,14.3600633222313,20.4250867910138));
#7523=CARTESIAN_POINT('Ctrl Pts',(22.2288438598923,14.0960639365703,20.140540980829));
#7524=CARTESIAN_POINT('Ctrl Pts',(22.4576977591271,13.7641982394254,19.8658979506589));
#7525=CARTESIAN_POINT('Ctrl Pts',(22.5724785129932,13.5923492498045,19.7447808195678));
#7526=CARTESIAN_POINT('Ctrl Pts',(22.6381004726387,13.492070088792,19.6817851659381));
#7527=CARTESIAN_POINT('Ctrl Pts',(22.7037278817821,13.3909929209302,19.6212146638439));
#7528=CARTESIAN_POINT('Ctrl Pts',(22.7856802192949,13.2606747998321,19.5581889953886));
#7529=CARTESIAN_POINT('Ctrl Pts',(22.8510338306561,13.1552870452553,19.5124356570181));
#7530=CARTESIAN_POINT('Ctrl Pts',(23.0114196401243,12.8792881430608,19.4535933842881));
#7531=CARTESIAN_POINT('Ctrl Pts',(23.1393756600644,12.6589326610692,19.4071511459436));
#7532=CARTESIAN_POINT('Ctrl Pts',(23.2673338489063,12.4385936908037,19.3606458070426));
#7533=CARTESIAN_POINT('Origin',(28.4536888457592,3.50371034987637,17.4885851101041));
#7534=CARTESIAN_POINT('',(23.2673338489063,11.832552484501,21.2258488505302));
#7535=CARTESIAN_POINT('Origin',(23.2673338489063,12.4385936908037,19.3606458070426));
#7536=CARTESIAN_POINT('',(23.2673338489063,12.4385936908037,19.3606458070426));
#7537=CARTESIAN_POINT('Origin',(23.2673338489063,12.4385936908037,19.3606458070426));
#7538=CARTESIAN_POINT('Origin',(23.2673338489063,12.4385936908037,19.3606458070426));
#7539=CARTESIAN_POINT('',(12.4906016554225,7.27057773334951,18.1919198692334));
#7540=CARTESIAN_POINT('',(12.4906016554225,7.11757880542661,18.6628021509072));
#7541=CARTESIAN_POINT('',(23.2673338489063,12.4385936908037,19.3606458070426));
#7542=CARTESIAN_POINT('Ctrl Pts',(21.907897647748,14.5269547700871,20.6319431941303));
#7543=CARTESIAN_POINT('Ctrl Pts',(18.5326430650853,12.4551263914687,20.0312574634611));
#7544=CARTESIAN_POINT('Ctrl Pts',(15.1573884824227,10.3832980128502,19.430571732792));
#7545=CARTESIAN_POINT('Ctrl Pts',(11.78213389976,8.31146963423181,18.8298860021228));
#7546=CARTESIAN_POINT('Ctrl Pts',(22.0351241698947,14.3600633222313,20.4250867910138));
#7547=CARTESIAN_POINT('Ctrl Pts',(18.638830598803,12.3158451066463,19.8585714373775));
#7548=CARTESIAN_POINT('Ctrl Pts',(15.242528151818,10.2716027449619,19.2921806627912));
#7549=CARTESIAN_POINT('Ctrl Pts',(11.8462345807263,8.22738452937694,18.7256653091549));
#7550=CARTESIAN_POINT('Ctrl Pts',(22.2288438598923,14.0960639365703,20.140540980829));
#7551=CARTESIAN_POINT('Ctrl Pts',(18.8005082089399,12.0955129650516,19.6210889063045));
#7552=CARTESIAN_POINT('Ctrl Pts',(15.3721722397816,10.0949243951132,19.1017543498464));
#7553=CARTESIAN_POINT('Ctrl Pts',(11.9438365888291,8.09437342359453,18.5823022753219));
#7554=CARTESIAN_POINT('Ctrl Pts',(22.4576977591271,13.7641982394254,19.8658979506589));
#7555=CARTESIAN_POINT('Ctrl Pts',(18.9915125911233,11.8185322538404,19.39187254527));
#7556=CARTESIAN_POINT('Ctrl Pts',(15.5253254728761,9.87283514376828,18.9179539756096));
#7557=CARTESIAN_POINT('Ctrl Pts',(12.0591403048723,7.92716915818326,18.4439285702207));
#7558=CARTESIAN_POINT('Ctrl Pts',(22.5724785129932,13.5923492498045,19.7447808195678));
#7559=CARTESIAN_POINT('Ctrl Pts',(19.0873096259162,11.6751112326003,19.2907696662777));
#7560=CARTESIAN_POINT('Ctrl Pts',(15.6021393075613,9.75782430671962,18.8369171438737));
#7561=CARTESIAN_POINT('Ctrl Pts',(12.1169704204843,7.84058628951544,18.3829059905837));
#7562=CARTESIAN_POINT('Ctrl Pts',(22.6381004726387,13.492070088792,19.6817851659381));
#7563=CARTESIAN_POINT('Ctrl Pts',(19.1420785274945,11.5914241283468,19.2381707760368));
#7564=CARTESIAN_POINT('Ctrl Pts',(15.6460547509602,9.6907084880974,18.7947812098509));
#7565=CARTESIAN_POINT('Ctrl Pts',(12.150032805816,7.79006252765214,18.3511668199496));
#7566=CARTESIAN_POINT('Ctrl Pts',(22.7037278817821,13.3909929209302,19.6212146638439));
#7567=CARTESIAN_POINT('Ctrl Pts',(19.1968515833979,11.5070490699117,19.1876656647295));
#7568=CARTESIAN_POINT('Ctrl Pts',(15.6899742351584,9.62308055612388,18.7541985152409));
#7569=CARTESIAN_POINT('Ctrl Pts',(12.1830979367743,7.73913670510529,18.3206495161265));
#7570=CARTESIAN_POINT('Ctrl Pts',(22.7856802192949,13.2606747998321,19.5581889953886));
#7571=CARTESIAN_POINT('Ctrl Pts',(19.2652494312794,11.3982650542981,19.1351251523946));
#7572=CARTESIAN_POINT('Ctrl Pts',(15.7448188626692,9.535888125915,18.7119590660832));
#7573=CARTESIAN_POINT('Ctrl Pts',(12.2243880746537,7.67347838038099,18.2888952230893));
#7574=CARTESIAN_POINT('Ctrl Pts',(22.8510338306561,13.1552870452553,19.5124356570181));
#7575=CARTESIAN_POINT('Ctrl Pts',(19.3197946232826,11.310320837162,19.0968951962312));
#7576=CARTESIAN_POINT('Ctrl Pts',(15.7885544651425,9.46534695820105,18.6813837282262));
#7577=CARTESIAN_POINT('Ctrl Pts',(12.2573152577691,7.62038075010777,18.2658432674392));
#7578=CARTESIAN_POINT('Ctrl Pts',(23.0114196401243,12.8792881430608,19.4535933842881));
#7579=CARTESIAN_POINT('Ctrl Pts',(19.4536538231562,11.0799370479527,19.0478866644895));
#7580=CARTESIAN_POINT('Ctrl Pts',(15.8958884365263,9.28067500959587,18.6419034191485));
#7581=CARTESIAN_POINT('Ctrl Pts',(12.3381226195581,7.48132391448785,18.2361966993498));
#7582=CARTESIAN_POINT('Ctrl Pts',(23.1393756600644,12.6589326610692,19.4071511459436));
#7583=CARTESIAN_POINT('Ctrl Pts',(19.5604476844945,10.8960748661099,19.0089728423061));
#7584=CARTESIAN_POINT('Ctrl Pts',(15.9815188197837,9.13315976046982,18.6109759580929));
#7585=CARTESIAN_POINT('Ctrl Pts',(12.4025908442138,7.37030196551051,18.2127976544553));
#7586=CARTESIAN_POINT('Ctrl Pts',(23.2673338489063,12.4385936908037,19.3606458070426));
#7587=CARTESIAN_POINT('Ctrl Pts',(19.6672426198141,10.7121585724207,18.9702194772073));
#7588=CARTESIAN_POINT('Ctrl Pts',(16.0671513907219,8.98572345403764,18.579793147372));
#7589=CARTESIAN_POINT('Ctrl Pts',(12.4670601616296,7.25928833565458,18.1893668175368));
#7590=CARTESIAN_POINT('',(11.7954976250005,8.31967267297001,18.8322643103218));
#7591=CARTESIAN_POINT('Ctrl Pts',(11.7954976251738,8.319672672665,18.8322643106719));
#7592=CARTESIAN_POINT('Ctrl Pts',(11.9032495698794,8.15889176384593,18.638864956435));
#7593=CARTESIAN_POINT('Ctrl Pts',(12.0003858850321,8.01521972329577,18.5104580672355));
#7594=CARTESIAN_POINT('Ctrl Pts',(12.1655266757207,7.77005315857461,18.3296606678281));
#7595=CARTESIAN_POINT('Ctrl Pts',(12.219364567333,7.68860815780406,18.2952719379411));
#7596=CARTESIAN_POINT('Ctrl Pts',(12.3184272760356,7.53814647578059,18.2303549788638));
#7597=CARTESIAN_POINT('Ctrl Pts',(12.386011190599,7.42623116763302,18.2246927879031));
#7598=CARTESIAN_POINT('Ctrl Pts',(12.4906016554225,7.27057773334951,18.1919198692334));
#7599=CARTESIAN_POINT('',(21.907897647748,14.5269547700871,20.6319431941303));
#7600=CARTESIAN_POINT('Origin',(21.6579165989554,3.32843889294034,17.4316443066917));
#7601=CARTESIAN_POINT('Origin',(14.7915011779054,2.62880628896823,17.2043115484011));
#7602=CARTESIAN_POINT('Origin',(22.5,13.4126781955418,20.7082039324994));
#7603=CARTESIAN_POINT('Ctrl Pts',(23.2673338489063,12.6571722226725,17.9805952703807));
#7604=CARTESIAN_POINT('Ctrl Pts',(19.6672426453451,10.8945864949028,17.8184149853878));
#7605=CARTESIAN_POINT('Ctrl Pts',(16.067151441784,9.13200076713317,17.6562347003949));
#7606=CARTESIAN_POINT('Ctrl Pts',(12.4670602382228,7.3694150393635,17.494054415402));
#7607=CARTESIAN_POINT('Ctrl Pts',(23.1393756600644,12.8810979761868,18.0044545511115));
#7608=CARTESIAN_POINT('Ctrl Pts',(19.5604477098754,11.0814767331362,17.8383916053022));
#7609=CARTESIAN_POINT('Ctrl Pts',(15.9815188705457,9.28185704607438,17.6721384093943));
#7610=CARTESIAN_POINT('Ctrl Pts',(12.4025909203567,7.48223580302375,17.5060754635851));
#7611=CARTESIAN_POINT('Ctrl Pts',(23.0114196050253,13.1050199955642,18.0283772604185));
#7612=CARTESIAN_POINT('Ctrl Pts',(19.4536538132881,11.2683651533341,17.8581972139591));
#7613=CARTESIAN_POINT('Ctrl Pts',(15.8958884693041,9.4317095275396,17.6883085155184));
#7614=CARTESIAN_POINT('Ctrl Pts',(12.3381226775668,7.59505468530956,17.5181284690589));
#7615=CARTESIAN_POINT('Ctrl Pts',(22.8510337818359,13.3856938362598,18.0577019942659));
#7616=CARTESIAN_POINT('Ctrl Pts',(19.3197945995053,11.5026176508291,17.8827785461738));
#7617=CARTESIAN_POINT('Ctrl Pts',(15.788554490631,9.61954308684204,17.7078266307106));
#7618=CARTESIAN_POINT('Ctrl Pts',(12.2573153083003,7.73646690141137,17.5329031826185));
#7619=CARTESIAN_POINT('Ctrl Pts',(22.7856801680972,13.5000621102543,18.0467544072669));
#7620=CARTESIAN_POINT('Ctrl Pts',(19.2652494050478,11.5980712820504,17.8735957713236));
#7621=CARTESIAN_POINT('Ctrl Pts',(15.7448188868064,9.69608002543463,17.7005460835198));
#7622=CARTESIAN_POINT('Ctrl Pts',(12.2243881237571,7.79408919723071,17.5273874475765));
#7623=CARTESIAN_POINT('Ctrl Pts',(22.7037278253348,13.6434780203375,18.0270833140683));
#7624=CARTESIAN_POINT('Ctrl Pts',(19.1968515518207,11.7177669495282,17.8572422496009));
#7625=CARTESIAN_POINT('Ctrl Pts',(15.6899742564585,9.79205766694422,17.6873176030848));
#7626=CARTESIAN_POINT('Ctrl Pts',(12.1830979829443,7.86634659613492,17.5174765386173));
#7627=CARTESIAN_POINT('Ctrl Pts',(22.638100413482,13.7583254387274,18.0007115685314));
#7628=CARTESIAN_POINT('Ctrl Pts',(19.1420784931308,11.8136193412385,17.8352820238749));
#7629=CARTESIAN_POINT('Ctrl Pts',(15.6460547707412,9.8689163973015,17.6696191771283));
#7630=CARTESIAN_POINT('Ctrl Pts',(12.15003285039,7.92421029981262,17.5041896324718));
#7631=CARTESIAN_POINT('Ctrl Pts',(22.572478451221,13.8731633203774,17.9717869277141));
#7632=CARTESIAN_POINT('Ctrl Pts',(19.08730958886,11.9094644627503,17.8111180650829));
#7633=CARTESIAN_POINT('Ctrl Pts',(15.6021393258707,9.94576805621105,17.6502853608636));
#7634=CARTESIAN_POINT('Ctrl Pts',(12.1169704635097,7.98206919858393,17.4896164982324));
#7635=CARTESIAN_POINT('Ctrl Pts',(22.4576977004212,14.0740286682263,17.909702069038));
#7636=CARTESIAN_POINT('Ctrl Pts',(18.9915125569988,12.0771084622329,17.7592831658663));
#7637=CARTESIAN_POINT('Ctrl Pts',(15.5253254924611,10.0801916181751,17.608755117392));
#7638=CARTESIAN_POINT('Ctrl Pts',(12.0591403490387,8.08327141218166,17.4583362142202));
#7639=CARTESIAN_POINT('Ctrl Pts',(22.228843778813,14.4745211048924,17.7510528286457));
#7640=CARTESIAN_POINT('Ctrl Pts',(18.8005081521735,12.411364563089,17.6268768615933));
#7641=CARTESIAN_POINT('Ctrl Pts',(15.3721722475573,10.3482085077432,17.5025797564654));
#7642=CARTESIAN_POINT('Ctrl Pts',(11.9438366209178,8.28505196593977,17.378403789413));
#7643=CARTESIAN_POINT('Ctrl Pts',(22.0351241698947,14.8135287900611,17.5620185066498));
#7644=CARTESIAN_POINT('Ctrl Pts',(18.6388306228888,12.694298878581,17.4691084571392));
#7645=CARTESIAN_POINT('Ctrl Pts',(15.2425281999896,10.5750844998391,17.3760724643571));
#7646=CARTESIAN_POINT('Ctrl Pts',(11.8462346529837,8.45585458835892,17.2831624148464));
#7647=CARTESIAN_POINT('Ctrl Pts',(21.907897647748,15.0361741330167,17.4168586701317));
#7648=CARTESIAN_POINT('Ctrl Pts',(18.5326430890219,12.8801261691213,17.3479145705977));
#7649=CARTESIAN_POINT('Ctrl Pts',(15.1573885302958,10.7240782052259,17.2789704710637));
#7650=CARTESIAN_POINT('Ctrl Pts',(11.7821339715696,8.56803024133058,17.2100263715296));
#7651=CARTESIAN_POINT('',(23.2673338489063,12.6571722226725,17.9805952703807));
#7652=CARTESIAN_POINT('',(23.2673338489063,12.6571722226725,17.9805952703807));
#7653=CARTESIAN_POINT('',(21.9078976480635,15.0361741332182,17.4168586701381));
#7654=CARTESIAN_POINT('Ctrl Pts',(23.2673338489063,12.6571722226725,17.9805952703807));
#7655=CARTESIAN_POINT('Ctrl Pts',(23.1393756600644,12.8810979761868,18.0044545511115));
#7656=CARTESIAN_POINT('Ctrl Pts',(23.0114196050253,13.1050199955642,18.0283772604185));
#7657=CARTESIAN_POINT('Ctrl Pts',(22.8510337818359,13.3856938362598,18.0577019942659));
#7658=CARTESIAN_POINT('Ctrl Pts',(22.7856801680972,13.5000621102543,18.0467544072669));
#7659=CARTESIAN_POINT('Ctrl Pts',(22.7037278253348,13.6434780203375,18.0270833140683));
#7660=CARTESIAN_POINT('Ctrl Pts',(22.638100413482,13.7583254387274,18.0007115685314));
#7661=CARTESIAN_POINT('Ctrl Pts',(22.572478451221,13.8731633203774,17.9717869277141));
#7662=CARTESIAN_POINT('Ctrl Pts',(22.4576977004212,14.0740286682263,17.909702069038));
#7663=CARTESIAN_POINT('Ctrl Pts',(22.228843778813,14.4745211048924,17.7510528286457));
#7664=CARTESIAN_POINT('Ctrl Pts',(22.0351241698947,14.8135287900611,17.5620185066498));
#7665=CARTESIAN_POINT('Ctrl Pts',(21.907897647748,15.0361741330167,17.4168586701317));
#7666=CARTESIAN_POINT('',(11.7954976249893,8.57656668717321,17.2102993420671));
#7667=CARTESIAN_POINT('',(1.5,2.,17.));
#7668=CARTESIAN_POINT('',(12.4906016554225,7.38094079346848,17.4951149312431));
#7669=CARTESIAN_POINT('Ctrl Pts',(12.4906016554225,7.38094079346849,17.4951149312431));
#7670=CARTESIAN_POINT('Ctrl Pts',(12.3861048022116,7.53896183496504,17.5120304363638));
#7671=CARTESIAN_POINT('Ctrl Pts',(12.3184505809893,7.64725261949995,17.5412457367825));
#7672=CARTESIAN_POINT('Ctrl Pts',(12.2193723480666,7.81043604907368,17.5259995804058));
#7673=CARTESIAN_POINT('Ctrl Pts',(12.1655356490403,7.89851996930079,17.5184608757796));
#7674=CARTESIAN_POINT('Ctrl Pts',(12.0004536569875,8.18745130150048,17.4223155196124));
#7675=CARTESIAN_POINT('Ctrl Pts',(11.9032981055633,8.3637954708382,17.3446094967951));
#7676=CARTESIAN_POINT('Ctrl Pts',(11.7954976248231,8.57656668706698,17.2102993420639));
#7677=CARTESIAN_POINT('',(23.2673338489063,12.6571722226725,17.9805952703807));
#7678=CARTESIAN_POINT('Origin',(22.6766217074779,13.6909134984486,17.0000269716643));
#7679=CARTESIAN_POINT('',(23.2673338489063,12.6571722226725,16.0194047296192));
#7680=CARTESIAN_POINT('',(23.2673338489063,12.6571722226725,17.9805952703807));
#7681=CARTESIAN_POINT('',(21.9078976477451,15.0361741329918,16.5831413292527));
#7682=CARTESIAN_POINT('Ctrl Pts',(21.907897647748,15.0361741330167,16.5831413298682));
#7683=CARTESIAN_POINT('Ctrl Pts',(22.0351241698947,14.8135287900611,16.4379814933502));
#7684=CARTESIAN_POINT('Ctrl Pts',(22.2288437492025,14.4745211567116,16.2489488196545));
#7685=CARTESIAN_POINT('Ctrl Pts',(22.4576976791586,14.074028705436,16.0902994521743));
#7686=CARTESIAN_POINT('Ctrl Pts',(22.57247842884,13.8731633595443,16.0282146366292));
#7687=CARTESIAN_POINT('Ctrl Pts',(22.6381003920667,13.7583254762045,15.9992899297829));
#7688=CARTESIAN_POINT('Ctrl Pts',(22.7037278049147,13.6434780560727,15.9729180595387));
#7689=CARTESIAN_POINT('Ctrl Pts',(22.7856801496095,13.5000621426081,15.9532467316207));
#7690=CARTESIAN_POINT('Ctrl Pts',(22.8510337642026,13.3856938671184,15.9422990783249));
#7691=CARTESIAN_POINT('Ctrl Pts',(23.0114195923681,13.1050200177146,15.9716233405946));
#7692=CARTESIAN_POINT('Ctrl Pts',(23.1393756600644,12.8810979761868,15.9955454488884));
#7693=CARTESIAN_POINT('Ctrl Pts',(23.2673338489063,12.6571722226725,16.0194047296192));
#7694=CARTESIAN_POINT('Origin',(28.4536888457592,3.5810946290911,17.));
#7695=CARTESIAN_POINT('',(23.2673338489063,12.6571722226725,17.9805952703807));
#7696=CARTESIAN_POINT('Origin',(23.2673338489063,12.6571722226725,16.0194047296192));
#7697=CARTESIAN_POINT('',(23.2673338489063,12.6571722226725,16.0194047296192));
#7698=CARTESIAN_POINT('Origin',(23.2673338489063,12.6571722226725,16.0194047296192));
#7699=CARTESIAN_POINT('Origin',(23.2673338489063,12.6571722226725,16.0194047296192));
#7700=CARTESIAN_POINT('',(12.4906016554225,7.38094079346848,16.5048850687569));
#7701=CARTESIAN_POINT('',(12.4906016554225,7.38094079346848,17.));
#7702=CARTESIAN_POINT('',(23.2673338489063,12.6571722226725,16.0194047296192));
#7703=CARTESIAN_POINT('Ctrl Pts',(21.907897647748,15.0361741330167,16.5831413298682));
#7704=CARTESIAN_POINT('Ctrl Pts',(18.5326430650853,12.8801261538311,16.6520854298912));
#7705=CARTESIAN_POINT('Ctrl Pts',(15.1573884824227,10.7240781746455,16.7210295299142));
#7706=CARTESIAN_POINT('Ctrl Pts',(11.78213389976,8.56803019545993,16.7899736299371));
#7707=CARTESIAN_POINT('Ctrl Pts',(22.0351241698947,14.8135287900611,16.4379814933502));
#7708=CARTESIAN_POINT('Ctrl Pts',(18.638830598803,12.6942988635519,16.5308915435198));
#7709=CARTESIAN_POINT('Ctrl Pts',(15.242528151818,10.575084469781,16.6239275369616));
#7710=CARTESIAN_POINT('Ctrl Pts',(11.8462345807263,8.4558545432717,16.7168375871312));
#7711=CARTESIAN_POINT('Ctrl Pts',(22.2288437492025,14.4745211567116,16.2489488196545));
#7712=CARTESIAN_POINT('Ctrl Pts',(18.8005080982501,12.4113646002768,16.3731247875876));
#7713=CARTESIAN_POINT('Ctrl Pts',(15.3721721840126,10.3482085045884,16.4974210757617));
#7714=CARTESIAN_POINT('Ctrl Pts',(11.9438365330601,8.28505194815357,16.6215970436947));
#7715=CARTESIAN_POINT('Ctrl Pts',(22.4576976791586,14.074028705436,16.0902994521743));
#7716=CARTESIAN_POINT('Ctrl Pts',(18.9915125111548,12.0771084852809,16.2407183564128));
#7717=CARTESIAN_POINT('Ctrl Pts',(15.5253254325854,10.0801916085991,16.3912456511764));
#7718=CARTESIAN_POINT('Ctrl Pts',(12.0591402645816,8.08327138844398,16.5416645554149));
#7719=CARTESIAN_POINT('Ctrl Pts',(22.57247842884,13.8731633595443,16.0282146366292));
#7720=CARTESIAN_POINT('Ctrl Pts',(19.087309541763,11.9094644879911,16.1888835003998));
#7721=CARTESIAN_POINT('Ctrl Pts',(15.6021392651623,9.94576804809237,16.3497154295812));
#7722=CARTESIAN_POINT('Ctrl Pts',(12.1169703780853,7.98206917653913,16.5103842933518));
#7723=CARTESIAN_POINT('Ctrl Pts',(22.6381003920667,13.7583254762045,15.9992899297829));
#7724=CARTESIAN_POINT('Ctrl Pts',(19.1420784469224,11.8136193649242,16.1647194756127));
#7725=CARTESIAN_POINT('Ctrl Pts',(15.6460547103655,9.86891638860079,16.3303815801171));
#7726=CARTESIAN_POINT('Ctrl Pts',(12.1500327652212,7.92421027732049,16.4958111259469));
#7727=CARTESIAN_POINT('Ctrl Pts',(22.7037278049147,13.6434780560727,15.9729180595387));
#7728=CARTESIAN_POINT('Ctrl Pts',(19.1968515065306,11.7177669716067,16.1427591252106));
#7729=CARTESIAN_POINT('Ctrl Pts',(15.6899741964303,9.79205765763531,16.3126830913907));
#7730=CARTESIAN_POINT('Ctrl Pts',(12.1830978980461,7.8663465731693,16.4825241570626));
#7731=CARTESIAN_POINT('Ctrl Pts',(22.7856801496095,13.5000621426081,15.9532467316207));
#7732=CARTESIAN_POINT('Ctrl Pts',(19.265249361594,11.5980713009157,16.1264053687919));
#7733=CARTESIAN_POINT('Ctrl Pts',(15.7448188275595,9.69608001475847,16.2994544927424));
#7734=CARTESIAN_POINT('Ctrl Pts',(12.224388039544,7.79408917306605,16.4726131299137));
#7735=CARTESIAN_POINT('Ctrl Pts',(22.8510337642026,13.3856938671184,15.9422990783249));
#7736=CARTESIAN_POINT('Ctrl Pts',(19.3197945568292,11.5026176683333,16.1172225276575));
#7737=CARTESIAN_POINT('Ctrl Pts',(15.7885544316612,9.61954307568085,16.2921739121752));
#7738=CARTESIAN_POINT('Ctrl Pts',(12.2573152242878,7.73646687689582,16.4670973615078));
#7739=CARTESIAN_POINT('Ctrl Pts',(23.0114195923681,13.1050200177146,15.9716233405946));
#7740=CARTESIAN_POINT('Ctrl Pts',(19.4536537753999,11.2683651624594,16.141803388261));
#7741=CARTESIAN_POINT('Ctrl Pts',(15.8958884124652,9.43170951264938,16.3116917897024));
#7742=CARTESIAN_POINT('Ctrl Pts',(12.338122595497,7.59505465739418,16.4818718373688));
#7743=CARTESIAN_POINT('Ctrl Pts',(23.1393756600644,12.8810979761868,15.9955454488884));
#7744=CARTESIAN_POINT('Ctrl Pts',(19.5604476844945,11.0814767203737,16.1616083958754));
#7745=CARTESIAN_POINT('Ctrl Pts',(15.9815188197837,9.28185702054935,16.3278615929623));
#7746=CARTESIAN_POINT('Ctrl Pts',(12.4025908442138,7.48223576473621,16.4939245399493));
#7747=CARTESIAN_POINT('Ctrl Pts',(23.2673338489063,12.6571722226725,16.0194047296192));
#7748=CARTESIAN_POINT('Ctrl Pts',(19.6672426198141,10.894586482403,16.1815850157623));
#7749=CARTESIAN_POINT('Ctrl Pts',(16.0671513907219,9.13200074213343,16.3437653019053));
#7750=CARTESIAN_POINT('Ctrl Pts',(12.4670601616296,7.36941500186389,16.5059455880484));
#7751=CARTESIAN_POINT('',(11.7954976250005,8.57656668655667,16.7897006570719));
#7752=CARTESIAN_POINT('Ctrl Pts',(11.7954976251738,8.57656668637478,16.7897006574991));
#7753=CARTESIAN_POINT('Ctrl Pts',(11.9032740933259,8.36384286502958,16.6554204204897));
#7754=CARTESIAN_POINT('Ctrl Pts',(12.0004222662145,8.18750734087362,16.5777071672188));
#7755=CARTESIAN_POINT('Ctrl Pts',(12.1655255675061,7.89853645477387,16.4815419322272));
#7756=CARTESIAN_POINT('Ctrl Pts',(12.2193650777338,7.8104480556524,16.474002385782));
#7757=CARTESIAN_POINT('Ctrl Pts',(12.3184645879018,7.64722944479622,16.4587517442743));
#7758=CARTESIAN_POINT('Ctrl Pts',(12.3861417152383,7.5389060147681,16.4879755389616));
#7759=CARTESIAN_POINT('Ctrl Pts',(12.4906016554225,7.38094079346849,16.5048850687569));
#7760=CARTESIAN_POINT('',(21.907897647748,15.0361741330167,16.5831413298682));
#7761=CARTESIAN_POINT('Origin',(21.657916598949,3.39680589194167,17.0000079366935));
#7762=CARTESIAN_POINT('Origin',(14.791501177898,2.66116605922469,17.));
#7763=CARTESIAN_POINT('Origin',(22.5,14.,17.));
#7764=CARTESIAN_POINT('Ctrl Pts',(23.2673338489063,12.4385936908037,14.6393541929574));
#7765=CARTESIAN_POINT('Ctrl Pts',(19.6672426453451,10.7121585846642,15.0297805200238));
#7766=CARTESIAN_POINT('Ctrl Pts',(16.067151441784,8.98572347852461,15.4202068470903));
#7767=CARTESIAN_POINT('Ctrl Pts',(12.4670602382228,7.25928837238505,15.8106331741567));
#7768=CARTESIAN_POINT('Ctrl Pts',(23.1393756600644,12.6589326610692,14.5928488540563));
#7769=CARTESIAN_POINT('Ctrl Pts',(19.5604477098754,10.8960748786117,14.9910271548701));
#7770=CARTESIAN_POINT('Ctrl Pts',(15.9815188705457,9.13315978547381,15.3890240362608));
#7771=CARTESIAN_POINT('Ctrl Pts',(12.4025909203567,7.3703020030163,15.7872023370746));
#7772=CARTESIAN_POINT('Ctrl Pts',(23.0114195489707,12.8792869605896,14.5464024602292));
#7773=CARTESIAN_POINT('Ctrl Pts',(19.4536537572334,11.0799358782421,14.9521091771506));
#7774=CARTESIAN_POINT('Ctrl Pts',(15.895888441062,9.28067443935064,15.3580944814336));
#7775=CARTESIAN_POINT('Ctrl Pts',(12.3381226493247,7.48132335700322,15.7638011983551));
#7776=CARTESIAN_POINT('Ctrl Pts',(22.8510337036249,13.155284870118,14.4875569292097));
#7777=CARTESIAN_POINT('Ctrl Pts',(19.3197945212943,11.3103186751088,14.9030973870497));
#7778=CARTESIAN_POINT('Ctrl Pts',(15.7885544512258,9.4653458884674,15.318612530591));
#7779=CARTESIAN_POINT('Ctrl Pts',(12.2573152688952,7.62037969345822,15.734152988431));
#7780=CARTESIAN_POINT('Ctrl Pts',(22.7856800861155,13.2606724873472,14.4418031333081));
#7781=CARTESIAN_POINT('Ctrl Pts',(19.2652493230661,11.398262755021,14.8648669733018));
#7782=CARTESIAN_POINT('Ctrl Pts',(15.7448188455015,9.53588698722849,15.2880369621079));
#7783=CARTESIAN_POINT('Ctrl Pts',(12.2243880824521,7.67347725490228,15.7111008021015));
#7784=CARTESIAN_POINT('Ctrl Pts',(22.7037277346284,13.3909901065873,14.3787758411547));
#7785=CARTESIAN_POINT('Ctrl Pts',(19.1968514611142,11.5070462689292,14.8123248371945));
#7786=CARTESIAN_POINT('Ctrl Pts',(15.6899742107578,9.62307916489149,15.2457966947332));
#7787=CARTESIAN_POINT('Ctrl Pts',(12.1830979372436,7.73913532723342,15.679345690773));
#7788=CARTESIAN_POINT('Ctrl Pts',(22.6381003182892,13.4920670074757,14.3182044766504));
#7789=CARTESIAN_POINT('Ctrl Pts',(19.1420783979379,11.5914210605094,14.7618188634057));
#7790=CARTESIAN_POINT('Ctrl Pts',(15.6460547227801,9.69070696259276,15.2052135654723));
#7791=CARTESIAN_POINT('Ctrl Pts',(12.1500328024289,7.79006101562646,15.6488279522276));
#7792=CARTESIAN_POINT('Ctrl Pts',(22.5724783516553,13.592346032464,14.2552083648051));
#7793=CARTESIAN_POINT('Ctrl Pts',(19.0873094892943,11.6751080288565,14.7092195148755));
#7794=CARTESIAN_POINT('Ctrl Pts',(15.6021392757063,9.75782271291697,15.1630774004383));
#7795=CARTESIAN_POINT('Ctrl Pts',(12.1169704133453,7.84058470930942,15.6170885505087));
#7796=CARTESIAN_POINT('Ctrl Pts',(22.4576976058636,13.7641951046112,14.1340915334301));
#7797=CARTESIAN_POINT('Ctrl Pts',(18.9915124624412,11.8185291328244,14.6081169354574));
#7798=CARTESIAN_POINT('Ctrl Pts',(15.52532544482,9.87283359194799,15.0820407194246));
#7799=CARTESIAN_POINT('Ctrl Pts',(12.0591403013976,7.9271676201612,15.5560661214518));
#7800=CARTESIAN_POINT('Ctrl Pts',(22.2288436460811,14.0960606171519,13.8594475922217));
#7801=CARTESIAN_POINT('Ctrl Pts',(18.8005080194416,12.0955096598207,14.3788996630624));
#7802=CARTESIAN_POINT('Ctrl Pts',(15.3721721806828,10.0949227510621,14.8982398855341));
#7803=CARTESIAN_POINT('Ctrl Pts',(11.9438365540433,8.09437179373094,15.4176919563748));
#7804=CARTESIAN_POINT('Ctrl Pts',(22.0351241698947,14.3600633222312,13.5749132089862));
#7805=CARTESIAN_POINT('Ctrl Pts',(18.6388306228888,12.3158451211433,14.1414285586049));
#7806=CARTESIAN_POINT('Ctrl Pts',(15.2425281999896,10.2716027739563,14.7078193291745));
#7807=CARTESIAN_POINT('Ctrl Pts',(11.8462346529837,8.22738457286848,15.2743346787932));
#7808=CARTESIAN_POINT('Ctrl Pts',(21.907897647748,14.5269547700871,13.3680568058696));
#7809=CARTESIAN_POINT('Ctrl Pts',(18.5326430890219,12.4551264061616,13.9687425322789));
#7810=CARTESIAN_POINT('Ctrl Pts',(15.1573885302958,10.3832980422361,14.5694282586881));
#7811=CARTESIAN_POINT('Ctrl Pts',(11.7821339715696,8.31146967831064,15.1701139850973));
#7812=CARTESIAN_POINT('',(23.2673338489063,12.4385936908037,14.6393541929574));
#7813=CARTESIAN_POINT('',(23.2673338489063,12.4385936908037,14.6393541929574));
#7814=CARTESIAN_POINT('',(21.9078976480635,14.5269547702807,13.3680568058134));
#7815=CARTESIAN_POINT('Ctrl Pts',(23.2673338489063,12.4385936908037,14.6393541929574));
#7816=CARTESIAN_POINT('Ctrl Pts',(23.1393756600644,12.6589326610692,14.5928488540563));
#7817=CARTESIAN_POINT('Ctrl Pts',(23.0114195489707,12.8792869605896,14.5464024602292));
#7818=CARTESIAN_POINT('Ctrl Pts',(22.8510337036249,13.155284870118,14.4875569292097));
#7819=CARTESIAN_POINT('Ctrl Pts',(22.7856800861155,13.2606724873472,14.4418031333081));
#7820=CARTESIAN_POINT('Ctrl Pts',(22.7037277346284,13.3909901065873,14.3787758411547));
#7821=CARTESIAN_POINT('Ctrl Pts',(22.6381003182892,13.4920670074757,14.3182044766504));
#7822=CARTESIAN_POINT('Ctrl Pts',(22.5724783516553,13.592346032464,14.2552083648051));
#7823=CARTESIAN_POINT('Ctrl Pts',(22.4576976058636,13.7641951046112,14.1340915334301));
#7824=CARTESIAN_POINT('Ctrl Pts',(22.2288436460811,14.0960606171519,13.8594475922217));
#7825=CARTESIAN_POINT('Ctrl Pts',(22.0351241698947,14.3600633222312,13.5749132089862));
#7826=CARTESIAN_POINT('Ctrl Pts',(21.907897647748,14.5269547700871,13.3680568058696));
#7827=CARTESIAN_POINT('',(11.7954976249893,8.3196726732903,15.1677356886688));
#7828=CARTESIAN_POINT('',(1.5,2.,17.));
#7829=CARTESIAN_POINT('',(12.4906016554225,7.2705777333495,15.8080801307666));
#7830=CARTESIAN_POINT('Ctrl Pts',(12.4906016554225,7.27057773334949,15.8080801307665));
#7831=CARTESIAN_POINT('Ctrl Pts',(12.3862553342617,7.42586782858913,15.7753837133401));
#7832=CARTESIAN_POINT('Ctrl Pts',(12.3184935463406,7.53804465438781,15.7696844723112));
#7833=CARTESIAN_POINT('Ctrl Pts',(12.2193802822557,7.68858300918741,15.704734539235));
#7834=CARTESIAN_POINT('Ctrl Pts',(12.1655398115952,7.77003180658106,15.6703434196968));
#7835=CARTESIAN_POINT('Ctrl Pts',(12.0004928215837,8.0150593704525,15.489658447392));
#7836=CARTESIAN_POINT('Ctrl Pts',(11.9033237955621,8.1587810087867,15.3612682681684));
#7837=CARTESIAN_POINT('Ctrl Pts',(11.7954976248231,8.31967267318827,15.1677356886986));
#7838=CARTESIAN_POINT('',(23.2673338489063,12.4385936908037,14.6393541929574));
#7839=CARTESIAN_POINT('Origin',(22.6766217074779,13.1187277988452,13.387334700789));
#7840=CARTESIAN_POINT('',(23.2673338489063,11.832552484501,12.7741511494697));
#7841=CARTESIAN_POINT('',(23.2673338489063,12.4385936908037,14.6393541929574));
#7842=CARTESIAN_POINT('',(21.9078976477451,14.2693219432267,12.5751444960861));
#7843=CARTESIAN_POINT('Ctrl Pts',(21.907897647748,14.2693219434406,12.5751444966638));
#7844=CARTESIAN_POINT('Ctrl Pts',(22.0351241698947,14.0127167828151,12.5058904829307));
#7845=CARTESIAN_POINT('Ctrl Pts',(22.2288435832699,13.6318901685882,12.4308774885257));
#7846=CARTESIAN_POINT('Ctrl Pts',(22.4576975618013,13.2019735492256,12.4037512586457));
#7847=CARTESIAN_POINT('Ctrl Pts',(22.5724783052269,12.9917540732147,12.4067761163353));
#7848=CARTESIAN_POINT('Ctrl Pts',(22.6381002739705,12.8735984042629,12.4147535873011));
#7849=CARTESIAN_POINT('Ctrl Pts',(22.7037276924551,12.7562224309471,12.4251615770746));
#7850=CARTESIAN_POINT('Ctrl Pts',(22.7856800481286,12.6137465832985,12.4507697135216));
#7851=CARTESIAN_POINT('Ctrl Pts',(22.8510336673687,12.5015927585086,12.4756992736052));
#7852=CARTESIAN_POINT('Ctrl Pts',(23.0114195230638,12.2437168971027,12.5903187924003));
#7853=CARTESIAN_POINT('Ctrl Pts',(23.1393756600644,12.0381456083278,12.6822627617425));
#7854=CARTESIAN_POINT('Ctrl Pts',(23.2673338489063,11.832552484501,12.7741511494697));
#7855=CARTESIAN_POINT('Origin',(28.4536888457592,3.50371034987634,16.5114148898958));
#7856=CARTESIAN_POINT('',(23.2673338489063,12.4385936908037,14.6393541929574));
#7857=CARTESIAN_POINT('Origin',(23.2673338489063,11.832552484501,12.7741511494697));
#7858=CARTESIAN_POINT('',(23.2673338489063,11.832552484501,12.7741511494697));
#7859=CARTESIAN_POINT('Origin',(23.2673338489063,11.832552484501,12.7741511494697));
#7860=CARTESIAN_POINT('Origin',(23.2673338489063,11.832552484501,12.7741511494697));
#7861=CARTESIAN_POINT('',(12.4906016554225,6.96457987750371,14.8663155674191));
#7862=CARTESIAN_POINT('',(12.4906016554225,7.11757880542661,15.3371978490928));
#7863=CARTESIAN_POINT('',(23.2673338489063,11.832552484501,12.7741511494697));
#7864=CARTESIAN_POINT('Ctrl Pts',(21.907897647748,14.2693219434406,12.5751444966638));
#7865=CARTESIAN_POINT('Ctrl Pts',(18.5326430650853,12.2401033619601,13.3069696985068));
#7866=CARTESIAN_POINT('Ctrl Pts',(15.1573884824227,10.2108847804797,14.0387949003499));
#7867=CARTESIAN_POINT('Ctrl Pts',(11.78213389976,8.18166619899919,14.770620102193));
#7868=CARTESIAN_POINT('Ctrl Pts',(22.0351241698947,14.0127167828151,12.5058904829307));
#7869=CARTESIAN_POINT('Ctrl Pts',(18.638830598803,12.0259201361314,13.2491312538531));
#7870=CARTESIAN_POINT('Ctrl Pts',(15.242528151818,10.0391771805713,13.9924870040651));
#7871=CARTESIAN_POINT('Ctrl Pts',(11.8462345807263,8.05238053388751,14.7357277749876));
#7872=CARTESIAN_POINT('Ctrl Pts',(22.2288435832699,13.6318901685882,12.4308774885257));
#7873=CARTESIAN_POINT('Ctrl Pts',(18.8005079323174,11.7080841658381,13.1865262899902));
#7874=CARTESIAN_POINT('Ctrl Pts',(15.3721721004105,9.78431423760617,13.942285092644));
#7875=CARTESIAN_POINT('Ctrl Pts',(11.9438364494581,7.860508234856,14.6979338941084));
#7876=CARTESIAN_POINT('Ctrl Pts',(22.4576975618013,13.2019735492256,12.4037512586457));
#7877=CARTESIAN_POINT('Ctrl Pts',(18.9915123937975,11.3492715590105,13.1638904221346));
#7878=CARTESIAN_POINT('Ctrl Pts',(15.5253253734572,9.4966048538409,13.9241276918762));
#7879=CARTESIAN_POINT('Ctrl Pts',(12.0591402054534,7.64390286362578,14.684266855365));
#7880=CARTESIAN_POINT('Ctrl Pts',(22.5724783052269,12.9917540732147,12.4067761163353));
#7881=CARTESIAN_POINT('Ctrl Pts',(19.0873094181499,11.1738148747546,13.166397609335));
#7882=CARTESIAN_POINT('Ctrl Pts',(15.6021392028822,9.35592694833972,13.9261693797987));
#7883=CARTESIAN_POINT('Ctrl Pts',(12.1169703158051,7.5379877498796,14.6857908727983));
#7884=CARTESIAN_POINT('Ctrl Pts',(22.6381002739705,12.8735984042629,12.4147535873011));
#7885=CARTESIAN_POINT('Ctrl Pts',(19.1420783288262,11.0751935258839,13.1730336723007));
#7886=CARTESIAN_POINT('Ctrl Pts',(15.6460546508649,9.27686212540393,13.9315300859189));
#7887=CARTESIAN_POINT('Ctrl Pts',(12.1500327057207,7.47845724702491,14.6898101709185));
#7888=CARTESIAN_POINT('Ctrl Pts',(22.7037276924551,12.7562224309471,12.4251615770746));
#7889=CARTESIAN_POINT('Ctrl Pts',(19.1968513940709,10.9772461311993,13.1817674806726));
#7890=CARTESIAN_POINT('Ctrl Pts',(15.6899741397696,9.19829587884246,13.9384481364502));
#7891=CARTESIAN_POINT('Ctrl Pts',(12.1830978413854,7.41931957909463,14.6950540400482));
#7892=CARTESIAN_POINT('Ctrl Pts',(22.7856800481286,12.6137465832985,12.4507697135216));
#7893=CARTESIAN_POINT('Ctrl Pts',(19.2652492601131,10.8583547609819,13.2032008569846));
#7894=CARTESIAN_POINT('Ctrl Pts',(15.7448187764303,9.10292763571952,13.9555250726161));
#7895=CARTESIAN_POINT('Ctrl Pts',(12.2243879884148,7.34753581340297,14.7079562160791));
#7896=CARTESIAN_POINT('Ctrl Pts',(22.8510336673687,12.5015927585086,12.4756992736052));
#7897=CARTESIAN_POINT('Ctrl Pts',(19.3197944599953,10.7647351875323,13.2239639070734));
#7898=CARTESIAN_POINT('Ctrl Pts',(15.7885543828733,9.02788679738225,13.9722518707536));
#7899=CARTESIAN_POINT('Ctrl Pts',(12.2573151754999,7.29102922640591,14.7205165042218));
#7900=CARTESIAN_POINT('Ctrl Pts',(23.0114195230638,12.2437168971027,12.5903187924003));
#7901=CARTESIAN_POINT('Ctrl Pts',(19.4536537060956,10.5495428556596,13.3197271987519));
#7902=CARTESIAN_POINT('Ctrl Pts',(15.8958883775475,8.85527738414178,14.048856978236));
#7903=CARTESIAN_POINT('Ctrl Pts',(12.3381225605794,7.16110334269863,14.7782653845876));
#7904=CARTESIAN_POINT('Ctrl Pts',(23.1393756600644,12.0381456083278,12.6822627617425));
#7905=CARTESIAN_POINT('Ctrl Pts',(19.5604476844945,10.3779203588784,13.3963115610742));
#7906=CARTESIAN_POINT('Ctrl Pts',(15.9815188197837,8.71775537977633,14.1105408181763));
#7907=CARTESIAN_POINT('Ctrl Pts',(12.4025908442138,7.05753013032692,14.8245896175081));
#7908=CARTESIAN_POINT('Ctrl Pts',(23.2673338489063,11.832552484501,12.7741511494697));
#7909=CARTESIAN_POINT('Ctrl Pts',(19.6672426198141,10.2063502952596,13.4730627152069));
#7910=CARTESIAN_POINT('Ctrl Pts',(16.0671513907219,8.5801481060181,14.1719742809441));
#7911=CARTESIAN_POINT('Ctrl Pts',(12.4670601616296,6.95394591677664,14.8708858466813));
#7912=CARTESIAN_POINT('',(11.7954976250005,8.18970053122869,14.7677225687495));
#7913=CARTESIAN_POINT('Ctrl Pts',(11.7954976251738,8.18970053118772,14.7677225692121));
#7914=CARTESIAN_POINT('Ctrl Pts',(11.9033087523104,7.94581487543002,14.7057298213486));
#7915=CARTESIAN_POINT('Ctrl Pts',(12.000474287517,7.75407851582058,14.6863335639179));
#7916=CARTESIAN_POINT('Ctrl Pts',(12.1655238922226,7.44963397320529,14.6841737400409));
#7917=CARTESIAN_POINT('Ctrl Pts',(12.2193658591856,7.3635220270797,14.7042227307102));
#7918=CARTESIAN_POINT('Ctrl Pts',(12.3185171790229,7.20349535677107,14.7401738997622));
#7919=CARTESIAN_POINT('Ctrl Pts',(12.3863261034503,7.10933243566496,14.801534262404));
#7920=CARTESIAN_POINT('Ctrl Pts',(12.4906016554225,6.96457987750371,14.866315567419));
#7921=CARTESIAN_POINT('',(21.907897647748,14.2693219434406,12.5751444966638));
#7922=CARTESIAN_POINT('Origin',(21.6579165989392,3.3284437980954,16.5683707897937));
#7923=CARTESIAN_POINT('Origin',(14.7915011779005,2.62880628896648,16.7956884515994));
#7924=CARTESIAN_POINT('Origin',(22.5,13.4126781955418,13.2917960675006));
#7925=CARTESIAN_POINT('Ctrl Pts',(23.2673338489063,11.1982128785202,11.5291895747138));
#7926=CARTESIAN_POINT('Ctrl Pts',(19.6672426453451,9.67692389098041,12.4340048646862));
#7927=CARTESIAN_POINT('Ctrl Pts',(16.067151441784,8.15563490344059,13.3388201546586));
#7928=CARTESIAN_POINT('Ctrl Pts',(12.4670602382228,6.63434591590078,14.2436354446309));
#7929=CARTESIAN_POINT('Ctrl Pts',(23.1393756600644,11.3933967519354,11.4168718827743));
#7930=CARTESIAN_POINT('Ctrl Pts',(19.5604477098754,9.83986323237034,12.3403149638561));
#7931=CARTESIAN_POINT('Ctrl Pts',(15.9815188705457,8.28621914542443,13.2636032147876));
#7932=CARTESIAN_POINT('Ctrl Pts',(12.4025909203567,6.73268562585939,14.1870462958694));
#7933=CARTESIAN_POINT('Ctrl Pts',(23.0114194802663,11.5886116890419,11.3046029277907));
#7934=CARTESIAN_POINT('Ctrl Pts',(19.453653688529,10.0026973873334,12.2464830079159));
#7935=CARTESIAN_POINT('Ctrl Pts',(15.8958884064466,8.41695528838091,13.1886016221778));
#7936=CARTESIAN_POINT('Ctrl Pts',(12.3381226147093,6.83104098667245,14.130481702303));
#7937=CARTESIAN_POINT('Ctrl Pts',(22.8510336073096,11.8329154853396,11.163347249005));
#7938=CARTESIAN_POINT('Ctrl Pts',(19.3197944249789,10.2066574265547,12.1286756175231));
#7939=CARTESIAN_POINT('Ctrl Pts',(15.7885544026992,8.5803869012793,13.0939843266392));
#7940=CARTESIAN_POINT('Ctrl Pts',(12.2573152203685,6.95412884249445,14.0593126951573));
#7941=CARTESIAN_POINT('Ctrl Pts',(22.7856799852293,11.9190061587016,11.0872659410601));
#7942=CARTESIAN_POINT('Ctrl Pts',(19.2652492221799,10.2784831630248,12.065139820673));
#7943=CARTESIAN_POINT('Ctrl Pts',(15.7448187946719,8.63802699873359,13.0431066847917));
#7944=CARTESIAN_POINT('Ctrl Pts',(12.2243880316225,6.99750400305681,14.0209805644046));
#7945=CARTESIAN_POINT('Ctrl Pts',(22.703727622406,12.0234682673273,10.9870519193344));
#7946=CARTESIAN_POINT('Ctrl Pts',(19.1968513488918,10.365705211859,11.9815521794356));
#7947=CARTESIAN_POINT('Ctrl Pts',(15.6899741542167,8.70789831993097,12.9759893612873));
#7948=CARTESIAN_POINT('Ctrl Pts',(12.1830978807025,7.05013526446265,13.9704896213884));
#7949=CARTESIAN_POINT('Ctrl Pts',(22.6381002002678,12.1008801032278,10.8982100414951));
#7950=CARTESIAN_POINT('Ctrl Pts',(19.1420782799166,10.4303427746521,11.9074442926434));
#7951=CARTESIAN_POINT('Ctrl Pts',(15.6460546633173,8.75967508518385,12.9164940672388));
#7952=CARTESIAN_POINT('Ctrl Pts',(12.1500327429661,7.08913775660819,13.9257283183871));
#7953=CARTESIAN_POINT('Ctrl Pts',(22.5724782279046,12.1767840322721,10.8073089333373));
#7954=CARTESIAN_POINT('Ctrl Pts',(19.0873093655436,10.4936794966599,11.8315583214586));
#7955=CARTESIAN_POINT('Ctrl Pts',(15.6021392133569,8.81048505396263,12.8556801229426));
#7956=CARTESIAN_POINT('Ctrl Pts',(12.1169703509959,7.12738051835041,13.8799295110638));
#7957=CARTESIAN_POINT('Ctrl Pts',(22.4576974884682,12.302795180906,10.6390158928917));
#7958=CARTESIAN_POINT('Ctrl Pts',(18.9915123450458,10.5988387848963,11.6910846910383));
#7959=CARTESIAN_POINT('Ctrl Pts',(15.5253253856725,8.89482525277351,12.7430694415079));
#7960=CARTESIAN_POINT('Ctrl Pts',(12.0591402422501,7.19086885676377,13.7951382396545));
#7961=CARTESIAN_POINT('Ctrl Pts',(22.2288434772781,12.5335479916041,10.2752611929476));
#7962=CARTESIAN_POINT('Ctrl Pts',(18.8005078506387,10.7914304851068,11.3874937137521));
#7963=CARTESIAN_POINT('Ctrl Pts',(15.3721720956346,9.04924681080286,12.499634780208));
#7964=CARTESIAN_POINT('Ctrl Pts',(11.9438364689952,7.30712930430553,13.6118673010125));
#7965=CARTESIAN_POINT('Ctrl Pts',(22.0351241698947,12.6967087387964,9.92307927041));
#7966=CARTESIAN_POINT('Ctrl Pts',(18.6388306228888,10.9276045685291,11.0935655495928));
#7967=CARTESIAN_POINT('Ctrl Pts',(15.2425281999896,9.15843893691343,12.2639408086142));
#7968=CARTESIAN_POINT('Ctrl Pts',(11.8462346529837,7.38933476664612,13.4344270877969));
#7969=CARTESIAN_POINT('Ctrl Pts',(21.907897647748,12.7915097938353,9.67477484668527));
#7970=CARTESIAN_POINT('Ctrl Pts',(18.5326430890219,11.0067060254177,10.8862910949133));
#7971=CARTESIAN_POINT('Ctrl Pts',(15.1573885302958,9.22190225700018,12.0978073431413));
#7972=CARTESIAN_POINT('Ctrl Pts',(11.7821339715696,7.43709848858264,13.3093235913693));
#7973=CARTESIAN_POINT('',(23.2673338489063,11.1982128785202,11.5291895747138));
#7974=CARTESIAN_POINT('',(23.2673338489063,11.1982128785202,11.5291895747138));
#7975=CARTESIAN_POINT('',(21.9078976480635,12.7915097940021,9.67477484657202));
#7976=CARTESIAN_POINT('Ctrl Pts',(23.2673338489063,11.1982128785202,11.5291895747138));
#7977=CARTESIAN_POINT('Ctrl Pts',(23.1393756600644,11.3933967519354,11.4168718827743));
#7978=CARTESIAN_POINT('Ctrl Pts',(23.0114194802663,11.5886116890419,11.3046029277907));
#7979=CARTESIAN_POINT('Ctrl Pts',(22.8510336073096,11.8329154853396,11.163347249005));
#7980=CARTESIAN_POINT('Ctrl Pts',(22.7856799852293,11.9190061587016,11.0872659410601));
#7981=CARTESIAN_POINT('Ctrl Pts',(22.703727622406,12.0234682673273,10.9870519193344));
#7982=CARTESIAN_POINT('Ctrl Pts',(22.6381002002678,12.1008801032278,10.8982100414951));
#7983=CARTESIAN_POINT('Ctrl Pts',(22.5724782279046,12.1767840322721,10.8073089333373));
#7984=CARTESIAN_POINT('Ctrl Pts',(22.4576974884682,12.302795180906,10.6390158928917));
#7985=CARTESIAN_POINT('Ctrl Pts',(22.2288434772781,12.5335479916041,10.2752611929476));
#7986=CARTESIAN_POINT('Ctrl Pts',(22.0351241698947,12.6967087387964,9.92307927041));
#7987=CARTESIAN_POINT('Ctrl Pts',(21.907897647748,12.7915097938353,9.67477484668527));
#7988=CARTESIAN_POINT('',(11.7954976249893,7.44416506639714,13.3045268321998));
#7989=CARTESIAN_POINT('',(1.5,2.,17.));
#7990=CARTESIAN_POINT('',(12.4906016554225,6.64429380241588,14.2377187516847));
#7991=CARTESIAN_POINT('Ctrl Pts',(12.4906016554225,6.64429380241588,14.2377187516847));
#7992=CARTESIAN_POINT('Ctrl Pts',(12.3864338851949,6.78164428232278,14.1587706549718));
#7993=CARTESIAN_POINT('Ctrl Pts',(12.3185443730558,6.88674048177383,14.1186040202775));
#7994=CARTESIAN_POINT('Ctrl Pts',(12.2193810895992,7.00990199395914,14.0102587871662));
#7995=CARTESIAN_POINT('Ctrl Pts',(12.165538096836,7.07673893000292,13.9523768255042));
#7996=CARTESIAN_POINT('Ctrl Pts',(12.0005458167207,7.25388102064726,13.7049009177281));
#7997=CARTESIAN_POINT('Ctrl Pts',(11.9033590812632,7.35092235314558,13.5383820148099));
#7998=CARTESIAN_POINT('Ctrl Pts',(11.7954976248231,7.44416506630931,13.3045268322596));
#7999=CARTESIAN_POINT('',(23.2673338489063,11.1982128785202,11.5291895747138));
#8000=CARTESIAN_POINT('Origin',(22.6766217074779,11.4581635535589,10.1282752803197));
#8001=CARTESIAN_POINT('',(23.2673338489063,10.0454540017251,9.94255309803034));
#8002=CARTESIAN_POINT('',(23.2673338489063,11.1982128785202,11.5291895747138));
#8003=CARTESIAN_POINT('',(21.9078976477451,12.301463036266,9.00028334942369));
#8004=CARTESIAN_POINT('Ctrl Pts',(21.907897647748,12.3014630366479,9.00028334990702));
#8005=CARTESIAN_POINT('Ctrl Pts',(22.0351241698947,12.0360163593479,9.01371422434412));
#8006=CARTESIAN_POINT('Ctrl Pts',(22.228843363397,11.650655808907,9.06006401590279));
#8007=CARTESIAN_POINT('Ctrl Pts',(22.457697411131,11.2333975953619,9.16711616010017));
#8008=CARTESIAN_POINT('Ctrl Pts',(22.572478146283,11.0344019111889,9.23495459260013));
#8009=CARTESIAN_POINT('Ctrl Pts',(22.6381001226208,10.9244940507875,9.27905331624622));
#8010=CARTESIAN_POINT('Ctrl Pts',(22.7037275487311,10.8160785218053,9.32522228328639));
#8011=CARTESIAN_POINT('Ctrl Pts',(22.7856799193591,10.6884881712095,9.39360303414833));
#8012=CARTESIAN_POINT('Ctrl Pts',(22.8510335443763,10.5895269233448,9.45196952478545));
#8013=CARTESIAN_POINT('Ctrl Pts',(23.0114194355911,10.3796896682607,9.6406643821178));
#8014=CARTESIAN_POINT('Ctrl Pts',(23.1393756600644,10.2125896084526,9.79163027892139));
#8015=CARTESIAN_POINT('Ctrl Pts',(23.2673338489063,10.0454540017251,9.94255309803034));
#8016=CARTESIAN_POINT('Origin',(28.4536888457592,3.27913242464962,16.0706558945414));
#8017=CARTESIAN_POINT('',(23.2673338489063,11.1982128785202,11.5291895747138));
#8018=CARTESIAN_POINT('Origin',(23.2673338489063,10.0454540017251,9.94255309803034));
#8019=CARTESIAN_POINT('',(23.2673338489063,10.0454540017251,9.94255309803034));
#8020=CARTESIAN_POINT('Origin',(23.2673338489063,10.0454540017251,9.94255309803034));
#8021=CARTESIAN_POINT('Origin',(23.2673338489063,10.0454540017251,9.94255309803034));
#8022=CARTESIAN_POINT('',(12.4906016554225,6.06225129286692,13.4366059645958));
#8023=CARTESIAN_POINT('',(12.4906016554225,6.35327254764142,13.8371623581403));
#8024=CARTESIAN_POINT('',(23.2673338489063,10.0454540017251,9.94255309803034));
#8025=CARTESIAN_POINT('Ctrl Pts',(21.907897647748,12.3014630366479,9.00028334990702));
#8026=CARTESIAN_POINT('Ctrl Pts',(18.5326430650853,10.5977079060251,10.3233535038878));
#8027=CARTESIAN_POINT('Ctrl Pts',(15.1573884824227,8.89395277540224,11.6464236578685));
#8028=CARTESIAN_POINT('Ctrl Pts',(11.78213389976,7.19019764477942,12.9694938118493));
#8029=CARTESIAN_POINT('Ctrl Pts',(22.0351241698947,12.0360163593479,9.01371422434412));
#8030=CARTESIAN_POINT('Ctrl Pts',(18.638830598803,10.3761344910933,10.3345321308985));
#8031=CARTESIAN_POINT('Ctrl Pts',(15.242528151818,8.7163392166862,11.655442797786));
#8032=CARTESIAN_POINT('Ctrl Pts',(11.8462345807263,7.05645734843164,12.9762607043404));
#8033=CARTESIAN_POINT('Ctrl Pts',(22.228843363397,11.650655808907,9.06006401590279));
#8034=CARTESIAN_POINT('Ctrl Pts',(18.8005077124446,10.0545158953353,10.3732174812965));
#8035=CARTESIAN_POINT('Ctrl Pts',(15.3721719896318,8.4584406248176,11.6864597062738));
#8036=CARTESIAN_POINT('Ctrl Pts',(11.9438363386793,6.86230071124589,12.9996131716674));
#8037=CARTESIAN_POINT('Ctrl Pts',(22.457697411131,11.2333975953619,9.16711616010017));
#8038=CARTESIAN_POINT('Ctrl Pts',(18.9915122431272,9.70626921442285,10.4625678653162));
#8039=CARTESIAN_POINT('Ctrl Pts',(15.5253252975448,8.17920141971722,11.7580976680089));
#8040=CARTESIAN_POINT('Ctrl Pts',(12.059140129541,6.65207303877816,13.0535493732249));
#8041=CARTESIAN_POINT('Ctrl Pts',(22.572478146283,11.0344019111889,9.23495459260013));
#8042=CARTESIAN_POINT('Ctrl Pts',(19.087309259206,9.54017494089441,10.5191716704998));
#8043=CARTESIAN_POINT('Ctrl Pts',(15.6021391228013,8.04603979092294,11.8035114086545));
#8044=CARTESIAN_POINT('Ctrl Pts',(12.1169702357242,6.55181282062841,13.0877284865542));
#8045=CARTESIAN_POINT('Ctrl Pts',(22.6381001226208,10.9244940507875,9.27905331624622));
#8046=CARTESIAN_POINT('Ctrl Pts',(19.1420781774766,9.44843080502912,10.5559582024478));
#8047=CARTESIAN_POINT('Ctrl Pts',(15.6460545746103,7.9725010661399,11.8330419096152));
#8048=CARTESIAN_POINT('Ctrl Pts',(12.150032629466,6.49643782038149,13.1099467958168));
#8049=CARTESIAN_POINT('Ctrl Pts',(22.7037275487311,10.8160785218053,9.32522228328639));
#8050=CARTESIAN_POINT('Ctrl Pts',(19.1968512503469,9.3579756018517,10.594531167383));
#8051=CARTESIAN_POINT('Ctrl Pts',(15.6899740673569,7.89991762309641,11.8638992740278));
#8052=CARTESIAN_POINT('Ctrl Pts',(12.1830977689728,6.44181470314278,13.1332081581244));
#8053=CARTESIAN_POINT('Ctrl Pts',(22.7856799193591,10.6884881712095,9.39360303414833));
#8054=CARTESIAN_POINT('Ctrl Pts',(19.2652491313436,9.25152535037117,10.6516534810848));
#8055=CARTESIAN_POINT('Ctrl Pts',(15.7448187115522,7.81449353492024,11.9096100613841));
#8056=CARTESIAN_POINT('Ctrl Pts',(12.2243879235367,6.3775307140819,13.1676605083206));
#8057=CARTESIAN_POINT('Ctrl Pts',(22.8510335443763,10.5895269233448,9.45196952478545));
#8058=CARTESIAN_POINT('Ctrl Pts',(19.3197943370028,9.16890370062257,10.7003299865991));
#8059=CARTESIAN_POINT('Ctrl Pts',(15.7885543209059,7.74829418059621,11.9487069007724));
#8060=CARTESIAN_POINT('Ctrl Pts',(12.2573151135325,6.327670957874,13.197067362586));
#8061=CARTESIAN_POINT('Ctrl Pts',(23.0114194355911,10.3796896682607,9.6406643821178));
#8062=CARTESIAN_POINT('Ctrl Pts',(19.4536536186229,8.99383399981074,10.8579015702538));
#8063=CARTESIAN_POINT('Ctrl Pts',(15.895888333476,7.60780408737497,12.0749005154904));
#8064=CARTESIAN_POINT('Ctrl Pts',(12.3381225165079,6.22194841892496,13.2921377036263));
#8065=CARTESIAN_POINT('Ctrl Pts',(23.1393756600644,10.2125896084526,9.79163027892139));
#8066=CARTESIAN_POINT('Ctrl Pts',(19.5604476844945,8.8542747802525,10.9837688590488));
#8067=CARTESIAN_POINT('Ctrl Pts',(15.9815188197837,7.49607303707686,12.1760604401531));
#8068=CARTESIAN_POINT('Ctrl Pts',(12.4025908442138,6.13775820887678,13.3681990202805));
#8069=CARTESIAN_POINT('Ctrl Pts',(23.2673338489063,10.0454540017251,9.94255309803034));
#8070=CARTESIAN_POINT('Ctrl Pts',(19.6672426198141,8.71481936421156,11.1097816097041));
#8071=CARTESIAN_POINT('Ctrl Pts',(16.0671513907219,7.38418472669803,12.2770101213779));
#8072=CARTESIAN_POINT('Ctrl Pts',(12.4670601616296,6.05355008918449,13.4442386330517));
#8073=CARTESIAN_POINT('',(11.7954976250005,7.19694336172457,12.9642553485893));
#8074=CARTESIAN_POINT('Ctrl Pts',(11.7954976251738,7.19694336182853,12.9642553490419));
#8075=CARTESIAN_POINT('Ctrl Pts',(11.9033533536017,6.94573362498012,12.9806683417576));
#8076=CARTESIAN_POINT('Ctrl Pts',(12.0005416627923,6.75737567979063,13.0215058844204));
#8077=CARTESIAN_POINT('Ctrl Pts',(12.1655271433733,6.46727853725384,13.1134957302725));
#8078=CARTESIAN_POINT('Ctrl Pts',(12.2193742413772,6.39156887455099,13.1591770191574));
#8079=CARTESIAN_POINT('Ctrl Pts',(12.3185803810319,6.25040540505461,13.2428649935109));
#8080=CARTESIAN_POINT('Ctrl Pts',(12.3865485036633,6.17964970839328,13.3304910887586));
#8081=CARTESIAN_POINT('Ctrl Pts',(12.4906016554225,6.06225129286695,13.4366059645958));
#8082=CARTESIAN_POINT('',(21.907897647748,12.3014630366479,9.00028334990702));
#8083=CARTESIAN_POINT('Origin',(21.6579165989343,3.13004436947517,16.1789845173362));
#8084=CARTESIAN_POINT('Origin',(14.7915011778983,2.53489457799486,16.6113763410875));
#8085=CARTESIAN_POINT('Origin',(22.5,11.7082039324994,9.94657697249033));
#8086=CARTESIAN_POINT('Ctrl Pts',(23.2673338489063,2.98059527038072,6.3428277773275));
#8087=CARTESIAN_POINT('Ctrl Pts',(19.6672426453451,2.81841498538781,8.10541350509717));
#8088=CARTESIAN_POINT('Ctrl Pts',(16.067151441784,2.65623470039491,9.86799923286683));
#8089=CARTESIAN_POINT('Ctrl Pts',(12.4670602382228,2.49405441540201,11.6305849606365));
#8090=CARTESIAN_POINT('Ctrl Pts',(23.1393756600644,3.00445455111147,6.11890202381316));
#8091=CARTESIAN_POINT('Ctrl Pts',(19.5604477098754,2.83839160530223,7.91852326686379));
#8092=CARTESIAN_POINT('Ctrl Pts',(15.9815188705457,2.67213840939432,9.71814295392562));
#8093=CARTESIAN_POINT('Ctrl Pts',(12.4025909203567,2.50607546358508,11.5177641969763));
#8094=CARTESIAN_POINT('Ctrl Pts',(23.0114192390383,3.02836200885877,5.89497936396157));
#8095=CARTESIAN_POINT('Ctrl Pts',(19.4536534473011,2.85818196239933,7.73163420619162));
#8096=CARTESIAN_POINT('Ctrl Pts',(15.8958882849084,2.68830083130791,9.56829014976954));
#8097=CARTESIAN_POINT('Ctrl Pts',(12.3381224931712,2.51812078484847,11.4049449919996));
#8098=CARTESIAN_POINT('Ctrl Pts',(22.8510332638115,3.05767124169914,5.61430525720184));
#8099=CARTESIAN_POINT('Ctrl Pts',(19.3197940814809,2.88274779360703,7.49738144263251));
#8100=CARTESIAN_POINT('Ctrl Pts',(15.7885542296342,2.70781113661044,9.38045645641571));
#8101=CARTESIAN_POINT('Ctrl Pts',(12.2573150473035,2.53288768851832,11.2635326418464));
#8102=CARTESIAN_POINT('Ctrl Pts',(22.7856796263389,3.0467217127802,5.49993694167303));
#8103=CARTESIAN_POINT('Ctrl Pts',(19.2652488632895,2.87356307683694,7.40192776987696));
#8104=CARTESIAN_POINT('Ctrl Pts',(15.7448186138517,2.70052961101988,9.30391949689687));
#8105=CARTESIAN_POINT('Ctrl Pts',(12.2243878508024,2.52737097507663,11.2059103251008));
#8106=CARTESIAN_POINT('Ctrl Pts',(22.7037272160205,3.0270420608363,5.35652091336742));
#8107=CARTESIAN_POINT('Ctrl Pts',(19.1968509425063,2.85720099636887,7.28223198417672));
#8108=CARTESIAN_POINT('Ctrl Pts',(15.689973949467,2.68729681842263,9.20794179582314));
#8109=CARTESIAN_POINT('Ctrl Pts',(12.1830976759528,2.51745575395519,11.1336528666324));
#8110=CARTESIAN_POINT('Ctrl Pts',(22.6380997699623,3.00066579913416,5.24167343511836));
#8111=CARTESIAN_POINT('Ctrl Pts',(19.142077849611,2.83523625447762,7.18637953260724));
#8112=CARTESIAN_POINT('Ctrl Pts',(15.646054446516,2.66959611708154,9.13108303530696));
#8113=CARTESIAN_POINT('Ctrl Pts',(12.1500325261647,2.504166572425,11.0757891327958));
#8114=CARTESIAN_POINT('Ctrl Pts',(22.5724777730622,2.97173879571889,5.12683549285023));
#8115=CARTESIAN_POINT('Ctrl Pts',(19.0873089107012,2.81106993308771,7.09053435047735));
#8116=CARTESIAN_POINT('Ctrl Pts',(15.6021389841931,2.65026111046646,9.0542313458561));
#8117=CARTESIAN_POINT('Ctrl Pts',(12.1169701218321,2.48959224783528,11.0179302034832));
#8118=CARTESIAN_POINT('Ctrl Pts',(22.4576970587895,2.90965518436467,4.92597020892361));
#8119=CARTESIAN_POINT('Ctrl Pts',(18.9915119153671,2.75923628119292,6.922890414917));
#8120=CARTESIAN_POINT('Ctrl Pts',(15.525325169187,2.6087314954344,8.91980781609811));
#8121=CARTESIAN_POINT('Ctrl Pts',(12.0591400257647,2.45831259226266,10.9167280220915));
#8122=CARTESIAN_POINT('Ctrl Pts',(22.2288428116194,2.75100066399007,4.52547720252684));
#8123=CARTESIAN_POINT('Ctrl Pts',(18.8005071849799,2.6268246969377,6.58863374433022));
#8124=CARTESIAN_POINT('Ctrl Pts',(15.372171760255,2.50255347428844,8.65179063948199));
#8125=CARTESIAN_POINT('Ctrl Pts',(11.9438361336156,2.37837750723607,10.7149471812854));
#8126=CARTESIAN_POINT('Ctrl Pts',(22.0351241698947,2.5620185066498,4.18647120993886));
#8127=CARTESIAN_POINT('Ctrl Pts',(18.6388306228888,2.46910845713915,6.30570112141904));
#8128=CARTESIAN_POINT('Ctrl Pts',(15.2425281999896,2.37607246435706,8.42491550016089));
#8129=CARTESIAN_POINT('Ctrl Pts',(11.8462346529837,2.28316241484641,10.5441454116411));
#8130=CARTESIAN_POINT('Ctrl Pts',(21.907897647748,2.41685867013171,3.96382586698331));
#8131=CARTESIAN_POINT('Ctrl Pts',(18.5326430890219,2.34791457059768,6.11987383087868));
#8132=CARTESIAN_POINT('Ctrl Pts',(15.1573885302958,2.27897047106366,8.27592179477405));
#8133=CARTESIAN_POINT('Ctrl Pts',(11.7821339715696,2.21002637152963,10.4319697586694));
#8134=CARTESIAN_POINT('',(23.2673338489063,2.98059527038072,6.3428277773275));
#8135=CARTESIAN_POINT('',(23.2673338489063,2.98059527038072,6.3428277773275));
#8136=CARTESIAN_POINT('',(21.9078976480635,2.41685867013812,3.9638258667818));
#8137=CARTESIAN_POINT('Ctrl Pts',(23.2673338489063,2.98059527038072,6.3428277773275));
#8138=CARTESIAN_POINT('Ctrl Pts',(23.1393756600644,3.00445455111147,6.11890202381316));
#8139=CARTESIAN_POINT('Ctrl Pts',(23.0114192390383,3.02836200885877,5.89497936396157));
#8140=CARTESIAN_POINT('Ctrl Pts',(22.8510332638115,3.05767124169914,5.61430525720184));
#8141=CARTESIAN_POINT('Ctrl Pts',(22.7856796263389,3.0467217127802,5.49993694167303));
#8142=CARTESIAN_POINT('Ctrl Pts',(22.7037272160205,3.0270420608363,5.35652091336742));
#8143=CARTESIAN_POINT('Ctrl Pts',(22.6380997699623,3.00066579913416,5.24167343511836));
#8144=CARTESIAN_POINT('Ctrl Pts',(22.5724777730622,2.97173879571889,5.12683549285023));
#8145=CARTESIAN_POINT('Ctrl Pts',(22.4576970587895,2.90965518436467,4.92597020892361));
#8146=CARTESIAN_POINT('Ctrl Pts',(22.2288428116194,2.75100066399007,4.52547720252684));
#8147=CARTESIAN_POINT('Ctrl Pts',(22.0351241698947,2.5620185066498,4.18647120993886));
#8148=CARTESIAN_POINT('Ctrl Pts',(21.907897647748,2.41685867013171,3.96382586698331));
#8149=CARTESIAN_POINT('',(11.7954976249893,2.21029934206712,10.4234333128268));
#8150=CARTESIAN_POINT('',(1.5,2.,17.));
#8151=CARTESIAN_POINT('',(12.4906016554225,2.49511493124305,11.6190592065315));
#8152=CARTESIAN_POINT('Ctrl Pts',(12.4906016554225,2.49511493124306,11.6190592065315));
#8153=CARTESIAN_POINT('Ctrl Pts',(12.3869846256138,2.51188801430216,11.4623686415621));
#8154=CARTESIAN_POINT('Ctrl Pts',(12.3186995661457,2.54127126517667,11.3531574106518));
#8155=CARTESIAN_POINT('Ctrl Pts',(12.2193917992403,2.52598530195132,11.1895960033113));
#8156=CARTESIAN_POINT('Ctrl Pts',(12.1655366251363,2.51843327959147,11.101480474779));
#8157=CARTESIAN_POINT('Ctrl Pts',(12.0007480771381,2.42246732385435,10.813065194436));
#8158=CARTESIAN_POINT('Ctrl Pts',(11.9034922775514,2.34485141844143,10.6365877761548));
#8159=CARTESIAN_POINT('Ctrl Pts',(11.7954976248231,2.21029934206389,10.423433312933));
#8160=CARTESIAN_POINT('',(23.2673338489063,2.98059527038072,6.3428277773275));
#8161=CARTESIAN_POINT('Origin',(22.6766217074779,2.0000269716643,5.30908650155136));
#8162=CARTESIAN_POINT('',(23.2673338489063,1.01940472961919,6.3428277773275));
#8163=CARTESIAN_POINT('',(23.2673338489063,2.98059527038072,6.3428277773275));
#8164=CARTESIAN_POINT('',(21.9078976477451,1.5831413292527,3.96382586700818));
#8165=CARTESIAN_POINT('Ctrl Pts',(21.907897647748,1.58314132986821,3.96382586698331));
#8166=CARTESIAN_POINT('Ctrl Pts',(22.0351241698947,1.43798149335013,4.18647120993886));
#8167=CARTESIAN_POINT('Ctrl Pts',(22.2288426849922,1.24900588658101,4.52547698092947));
#8168=CARTESIAN_POINT('Ctrl Pts',(22.4576969833753,1.09035050060881,4.92597007694928));
#8169=CARTESIAN_POINT('Ctrl Pts',(22.5724776927853,1.02826703132104,5.12683535236643));
#8170=CARTESIAN_POINT('Ctrl Pts',(22.6380996947202,0.999339685889757,5.24167330344541));
#8171=CARTESIAN_POINT('Ctrl Pts',(22.703727145522,0.972962760232219,5.35652078999589));
#8172=CARTESIAN_POINT('Ctrl Pts',(22.7856795654047,0.953281840588179,5.49993683503862));
#8173=CARTESIAN_POINT('Ctrl Pts',(22.8510332053011,0.942332094164619,5.61430515480895));
#8174=CARTESIAN_POINT('Ctrl Pts',(23.0114191987211,0.971639279744694,5.89497929340666));
#8175=CARTESIAN_POINT('Ctrl Pts',(23.1393756600644,0.995545448888442,6.11890202381316));
#8176=CARTESIAN_POINT('Ctrl Pts',(23.2673338489063,1.01940472961919,6.3428277773275));
#8177=CARTESIAN_POINT('Origin',(28.4536888457592,1.99999999999995,15.4189053709089));
#8178=CARTESIAN_POINT('',(23.2673338489063,2.98059527038072,6.3428277773275));
#8179=CARTESIAN_POINT('Origin',(23.2673338489063,1.01940472961919,6.3428277773275));
#8180=CARTESIAN_POINT('',(23.2673338489063,1.01940472961919,6.3428277773275));
#8181=CARTESIAN_POINT('Origin',(23.2673338489063,1.01940472961919,6.3428277773275));
#8182=CARTESIAN_POINT('Origin',(23.2673338489063,1.01940472961919,6.3428277773275));
#8183=CARTESIAN_POINT('',(12.4906016554225,1.5048850687569,11.6190592065315));
#8184=CARTESIAN_POINT('',(12.4906016554225,2.,11.6190592065315));
#8185=CARTESIAN_POINT('',(23.2673338489063,1.01940472961919,6.3428277773275));
#8186=CARTESIAN_POINT('Ctrl Pts',(21.907897647748,1.58314132986821,3.96382586698331));
#8187=CARTESIAN_POINT('Ctrl Pts',(18.5326430650853,1.65208542989118,6.1198738461689));
#8188=CARTESIAN_POINT('Ctrl Pts',(15.1573884824227,1.72102952991416,8.27592182535448));
#8189=CARTESIAN_POINT('Ctrl Pts',(11.78213389976,1.78997362993714,10.4319698045401));
#8190=CARTESIAN_POINT('Ctrl Pts',(22.0351241698947,1.43798149335013,4.18647120993886));
#8191=CARTESIAN_POINT('Ctrl Pts',(18.638830598803,1.5308915435197,6.30570113644815));
#8192=CARTESIAN_POINT('Ctrl Pts',(15.242528151818,1.62392753696158,8.42491553021901));
#8193=CARTESIAN_POINT('Ctrl Pts',(11.8462345807263,1.71683758713114,10.5441454567283));
#8194=CARTESIAN_POINT('Ctrl Pts',(22.2288426849922,1.24900588658101,4.52547698092947));
#8195=CARTESIAN_POINT('Ctrl Pts',(18.8005070340397,1.37318185451403,6.5886335373643));
#8196=CARTESIAN_POINT('Ctrl Pts',(15.3721716478303,1.49744982785504,8.65179055709722));
#8197=CARTESIAN_POINT('Ctrl Pts',(11.9438359968778,1.62162579578805,10.7149471135321));
#8198=CARTESIAN_POINT('Ctrl Pts',(22.4576969833753,1.09035050060881,4.92597007694928));
#8199=CARTESIAN_POINT('Ctrl Pts',(18.9915118153715,1.2407694048473,6.92289029710439));
#8200=CARTESIAN_POINT('Ctrl Pts',(15.5253250820281,1.39127137096622,8.91980777792874));
#8201=CARTESIAN_POINT('Ctrl Pts',(12.0591399140243,1.54169027520471,10.9167279980839));
#8202=CARTESIAN_POINT('Ctrl Pts',(22.5724776927853,1.02826703132104,5.12683535236643));
#8203=CARTESIAN_POINT('Ctrl Pts',(19.0873088057083,1.18893589509166,7.09053422391967));
#8204=CARTESIAN_POINT('Ctrl Pts',(15.602138894315,1.34974182765743,9.0542313029282));
#8205=CARTESIAN_POINT('Ctrl Pts',(12.116970007238,1.51041069142804,11.0179301744814));
#8206=CARTESIAN_POINT('Ctrl Pts',(22.6380996947202,0.999339685889757,5.24167330344541));
#8207=CARTESIAN_POINT('Ctrl Pts',(19.142077749576,1.1647692317195,7.18637941472572));
#8208=CARTESIAN_POINT('Ctrl Pts',(15.6460543590207,1.33040664879206,9.13108299654886));
#8209=CARTESIAN_POINT('Ctrl Pts',(12.1500324138764,1.4958361946218,11.0757891078292));
#8210=CARTESIAN_POINT('Ctrl Pts',(22.703727145522,0.972962760232219,5.35652078999589));
#8211=CARTESIAN_POINT('Ctrl Pts',(19.1968508471379,1.14280382590414,7.28223187446191));
#8212=CARTESIAN_POINT('Ctrl Pts',(15.6899738642077,1.3127056129911,9.20794176097814));
#8213=CARTESIAN_POINT('Ctrl Pts',(12.1830975658235,1.48254667866303,11.1336528454442));
#8214=CARTESIAN_POINT('Ctrl Pts',(22.7856795654047,0.953281840588179,5.49993683503862));
#8215=CARTESIAN_POINT('Ctrl Pts',(19.2652487773892,1.12644047775946,7.40192767673104));
#8216=CARTESIAN_POINT('Ctrl Pts',(15.7448185332189,1.29947218173278,9.30391947014814));
#8217=CARTESIAN_POINT('Ctrl Pts',(12.2243877452034,1.47263081890406,11.2059103118406));
#8218=CARTESIAN_POINT('Ctrl Pts',(22.8510332053011,0.942332094164619,5.61430515480895));
#8219=CARTESIAN_POINT('Ctrl Pts',(19.3197939979277,1.11725554349726,7.49738135359398));
#8220=CARTESIAN_POINT('Ctrl Pts',(15.7885541500692,1.29219054658265,9.38045643153569));
#8221=CARTESIAN_POINT('Ctrl Pts',(12.2573149426958,1.46711399591529,11.2635326303207));
#8222=CARTESIAN_POINT('Ctrl Pts',(23.0114191987211,0.971639279744694,5.89497929340666));
#8223=CARTESIAN_POINT('Ctrl Pts',(19.453653381753,1.14181932741103,7.73163414866185));
#8224=CARTESIAN_POINT('Ctrl Pts',(15.8958882141336,1.31169982034224,9.56829014027208));
#8225=CARTESIAN_POINT('Ctrl Pts',(12.3381223971654,1.48187986800858,11.4049449955273));
#8226=CARTESIAN_POINT('Ctrl Pts',(23.1393756600644,0.995545448888442,6.11890202381316));
#8227=CARTESIAN_POINT('Ctrl Pts',(19.5604476844945,1.16160839587538,7.91852327962631));
#8228=CARTESIAN_POINT('Ctrl Pts',(15.9815188197837,1.32786159296233,9.71814297945064));
#8229=CARTESIAN_POINT('Ctrl Pts',(12.4025908442138,1.49392453994927,11.5177642352638));
#8230=CARTESIAN_POINT('Ctrl Pts',(23.2673338489063,1.01940472961919,6.3428277773275));
#8231=CARTESIAN_POINT('Ctrl Pts',(19.6672426198141,1.18158501576226,8.10541351759704));
#8232=CARTESIAN_POINT('Ctrl Pts',(16.0671513907219,1.34376530190533,9.86799925786657));
#8233=CARTESIAN_POINT('Ctrl Pts',(12.4670601616296,1.50594558804839,11.6305849981361));
#8234=CARTESIAN_POINT('',(11.7954976250005,1.78970065707191,10.4234333134433));
#8235=CARTESIAN_POINT('Ctrl Pts',(11.7954976251738,1.78970065749915,10.4234333136252));
#8236=CARTESIAN_POINT('Ctrl Pts',(11.9034914946915,1.65514955703139,10.6365862309506));
#8237=CARTESIAN_POINT('Ctrl Pts',(12.0007506641719,1.57753715280152,10.8130687913602));
#8238=CARTESIAN_POINT('Ctrl Pts',(12.165525471424,1.48157282397096,11.1014619396782));
#8239=CARTESIAN_POINT('Ctrl Pts',(12.2193850933131,1.47401789791613,11.1895849276975));
#8240=CARTESIAN_POINT('Ctrl Pts',(12.3187246297591,1.45872535769774,11.3531987918413));
#8241=CARTESIAN_POINT('Ctrl Pts',(12.3870624975744,1.48812459128072,11.4624864002117));
#8242=CARTESIAN_POINT('Ctrl Pts',(12.4906016554225,1.5048850687569,11.6190592065315));
#8243=CARTESIAN_POINT('',(21.907897647748,1.58314132986821,3.96382586698331));
#8244=CARTESIAN_POINT('Origin',(21.6579165989281,2.0000079366935,15.6031941080685));
#8245=CARTESIAN_POINT('Origin',(14.7915011778991,1.99999999999997,16.3388339407708));
#8246=CARTESIAN_POINT('Origin',(22.5,2.,5.));
#8247=CARTESIAN_POINT('Origin',(18.2558561517666,2.,17.));
#8248=CARTESIAN_POINT('',(18.2558561517666,2.45812829036949,21.9789676108168));
#8249=CARTESIAN_POINT('Origin',(23.6396065867606,2.,17.));
#8250=CARTESIAN_POINT('',(23.6396065867606,2.92091488609735,27.0085619827138));
#8251=CARTESIAN_POINT('',(0.,0.,0.));
#8252=UNCERTAINTY_MEASURE_WITH_UNIT(LENGTH_MEASURE(0.01),#8258,
'DISTANCE_ACCURACY_VALUE',
'Maximum model space distance between geometric entities at asserted c
onnectivities');
#8253=UNCERTAINTY_MEASURE_WITH_UNIT(LENGTH_MEASURE(0.01),#8258,
'DISTANCE_ACCURACY_VALUE',
'Maximum model space distance between geometric entities at asserted c
onnectivities');
#8254=UNCERTAINTY_MEASURE_WITH_UNIT(LENGTH_MEASURE(0.01),#8258,
'DISTANCE_ACCURACY_VALUE',
'Maximum model space distance between geometric entities at asserted c
onnectivities');
#8255=(
GEOMETRIC_REPRESENTATION_CONTEXT(3)
GLOBAL_UNCERTAINTY_ASSIGNED_CONTEXT((#8252))
GLOBAL_UNIT_ASSIGNED_CONTEXT((#8258,#8260,#8261))
REPRESENTATION_CONTEXT('','3D')
);
#8256=(
GEOMETRIC_REPRESENTATION_CONTEXT(3)
GLOBAL_UNCERTAINTY_ASSIGNED_CONTEXT((#8253))
GLOBAL_UNIT_ASSIGNED_CONTEXT((#8258,#8260,#8261))
REPRESENTATION_CONTEXT('','3D')
);
#8257=(
GEOMETRIC_REPRESENTATION_CONTEXT(3)
GLOBAL_UNCERTAINTY_ASSIGNED_CONTEXT((#8254))
GLOBAL_UNIT_ASSIGNED_CONTEXT((#8258,#8260,#8261))
REPRESENTATION_CONTEXT('','3D')
);
#8258=(
LENGTH_UNIT()
NAMED_UNIT(*)
SI_UNIT(.MILLI.,.METRE.)
);
#8259=(
LENGTH_UNIT()
NAMED_UNIT(*)
SI_UNIT($,.METRE.)
);
#8260=(
NAMED_UNIT(*)
PLANE_ANGLE_UNIT()
SI_UNIT($,.RADIAN.)
);
#8261=(
NAMED_UNIT(*)
SI_UNIT($,.STERADIAN.)
SOLID_ANGLE_UNIT()
);
#8262=SHAPE_DEFINITION_REPRESENTATION(#8264,#8267);
#8263=SHAPE_DEFINITION_REPRESENTATION(#8265,#8268);
#8264=PRODUCT_DEFINITION_SHAPE('',$,#8270);
#8265=PRODUCT_DEFINITION_SHAPE('',$,#8271);
#8266=PRODUCT_DEFINITION_SHAPE($,$,#14);
#8267=SHAPE_REPRESENTATION('',(#3442,#3678),#8255);
#8268=SHAPE_REPRESENTATION('',(#3443),#8256);
#8269=PRODUCT_DEFINITION_CONTEXT('part definition',#8277,'design');
#8270=PRODUCT_DEFINITION('bevel fix','bevel fix v1 v1',#8272,#8269);
#8271=PRODUCT_DEFINITION('Component4','Component4',#8273,#8269);
#8272=PRODUCT_DEFINITION_FORMATION('',$,#8279);
#8273=PRODUCT_DEFINITION_FORMATION('',$,#8280);
#8274=PRODUCT_RELATED_PRODUCT_CATEGORY('bevel fix v1 v1',
'bevel fix v1 v1',(#8279));
#8275=PRODUCT_RELATED_PRODUCT_CATEGORY('Component4','Component4',(#8280));
#8276=APPLICATION_PROTOCOL_DEFINITION('international standard',
'ap242_managed_model_based_3d_engineering',2011,#8277);
#8277=APPLICATION_CONTEXT('Managed model based 3d engineering');
#8278=PRODUCT_CONTEXT('part definition',#8277,'mechanical');
#8279=PRODUCT('bevel fix','bevel fix v1 v1',$,(#8278));
#8280=PRODUCT('Component4','Component4',$,(#8278));
#8281=PRESENTATION_STYLE_ASSIGNMENT((#8283));
#8282=PRESENTATION_STYLE_ASSIGNMENT((#8284));
#8283=SURFACE_STYLE_USAGE(.BOTH.,#8285);
#8284=SURFACE_STYLE_USAGE(.BOTH.,#8286);
#8285=SURFACE_SIDE_STYLE('',(#8287));
#8286=SURFACE_SIDE_STYLE('',(#8288));
#8287=SURFACE_STYLE_FILL_AREA(#8289);
#8288=SURFACE_STYLE_FILL_AREA(#8290);
#8289=FILL_AREA_STYLE('Steel - Satin',(#8291));
#8290=FILL_AREA_STYLE('Opaque(160,160,160)',(#8292));
#8291=FILL_AREA_STYLE_COLOUR('Steel - Satin',#8293);
#8292=FILL_AREA_STYLE_COLOUR('Opaque(160,160,160)',#8294);
#8293=COLOUR_RGB('Steel - Satin',0.627450980392157,0.627450980392157,0.627450980392157);
#8294=COLOUR_RGB('Opaque(160,160,160)',0.627450980392157,0.627450980392157,
0.627450980392157);
ENDSEC;
END-ISO-10303-21;
